Launching: bash /home/w00985415/vllm_test/experiment_runs/pd_two_p_cpp_srf_20260915_0014/scripts/run_dp_template_two_p.sh prefill 0,1,2,3,4,5,6,7 18080 2 0 80.5.9.127 12321 8 2 80.5.9.128 enp194s0f0 1 80.5.9.127 29500
Launching: bash /home/w00985415/vllm_test/experiment_runs/pd_two_p_cpp_srf_20260915_0014/scripts/run_dp_template_two_p.sh prefill 8,9,10,11,12,13,14,15 18081 2 1 80.5.9.127 12321 8 2 80.5.9.128 enp194s0f0 3 80.5.9.127 29500
[W915 00:40:01.217586830 FunctionLoader.cpp:48] Warning: LD_PRELOAD detected, FunctionLoader prefers RTLD_DEFAULT for symbol resolution. (function operator())
[W915 00:40:01.324688660 FunctionLoader.cpp:48] Warning: LD_PRELOAD detected, FunctionLoader prefers RTLD_DEFAULT for symbol resolution. (function operator())
INFO 09-15 00:40:06 [__init__.py:52] Available plugins for group vllm.platform_plugins:
INFO 09-15 00:40:06 [__init__.py:54] - ascend -> vllm_ascend:register
INFO 09-15 00:40:06 [__init__.py:57] All plugins in this group will be loaded. Set `VLLM_PLUGINS` to control which plugins to load.
INFO 09-15 00:40:06 [__init__.py:272] Platform plugin ascend is activated
INFO 09-15 00:40:06 [platform.py:69] Breakable CUDAGraph on Ascend is opt-in; using VLLM_USE_BREAKABLE_CUDAGRAPH=0.
INFO 09-15 00:40:06 [__init__.py:52] Available plugins for group vllm.platform_plugins:
INFO 09-15 00:40:06 [__init__.py:54] - ascend -> vllm_ascend:register
INFO 09-15 00:40:06 [__init__.py:57] All plugins in this group will be loaded. Set `VLLM_PLUGINS` to control which plugins to load.
INFO 09-15 00:40:06 [__init__.py:272] Platform plugin ascend is activated
INFO 09-15 00:40:06 [platform.py:69] Breakable CUDAGraph on Ascend is opt-in; using VLLM_USE_BREAKABLE_CUDAGRAPH=0.
2026-09-15 00:40:14,147 - 69510 - ServiceProfiler - INFO - VLLM_USE_V1 not set, auto-detected via vLLM 0.28.1rc1.dev570+ga97dacb71.empty: default 1
2026-09-15 00:40:14,389 - 69509 - ServiceProfiler - INFO - VLLM_USE_V1 not set, auto-detected via vLLM 0.28.1rc1.dev570+ga97dacb71.empty: default 1
INFO 09-15 00:40:14 [__init__.py:112] Registered model loader `<class 'vllm_ascend.model_loader.netloader.netloader.ModelNetLoaderElastic'>` with load format `netloader`
INFO 09-15 00:40:14 [__init__.py:112] Registered model loader `<class 'vllm_ascend.model_loader.rfork.rfork_loader.RForkModelLoader'>` with load format `rfork`
INFO 09-15 00:40:15 [__init__.py:112] Registered model loader `<class 'vllm_ascend.model_loader.netloader.netloader.ModelNetLoaderElastic'>` with load format `netloader`
INFO 09-15 00:40:15 [__init__.py:112] Registered model loader `<class 'vllm_ascend.model_loader.rfork.rfork_loader.RForkModelLoader'>` with load format `rfork`
WARNING 09-15 00:40:15 [envs.py:2284] Unknown vLLM environment variable detected: VLLM_RPC_TIMEOUT
INFO 09-15 00:40:15 [model.py:691] Resolved architecture: DeepseekV4ForCausalLM
INFO 09-15 00:40:15 [model.py:2031] Using max model len 87040
INFO 09-15 00:40:15 [scheduler.py:288] Chunked prefill is enabled with max_num_batched_tokens=24576.
WARNING 09-15 00:40:15 [envs.py:2284] Unknown vLLM environment variable detected: VLLM_RPC_TIMEOUT
INFO 09-15 00:40:15 [model.py:691] Resolved architecture: DeepseekV4ForCausalLM
INFO 09-15 00:40:15 [model.py:2031] Using max model len 87040
INFO 09-15 00:40:15 [scheduler.py:288] Chunked prefill is enabled with max_num_batched_tokens=24576.
WARNING 09-15 00:40:16 [vllm.py:1382] Enforce eager set, disabling torch.compile and CUDAGraphs. This is equivalent to setting -cc.mode=none -cc.cudagraph_mode=none
WARNING 09-15 00:40:16 [vllm.py:1417] Inductor compilation was disabled by user settings, optimizations settings that are only active during inductor compilation will be ignored.
INFO 09-15 00:40:16 [kernel.py:372] Final IR op priority after setting platform defaults: IrOpPriorityConfig(rms_norm=['native'], fused_add_rms_norm=['native'])
INFO 09-15 00:40:16 [vllm.py:1596] Cudagraph is disabled under eager mode
WARNING 09-15 00:40:16 [platform.py:647] GPU-specific parameter is not supported on Ascend. parameter=disable_cascade_attn, value=True, action: resetting to False.
INFO 09-15 00:40:16 [ascend_config.py:223] Dynamic EPLB is False
INFO 09-15 00:40:16 [ascend_config.py:224] The number of redundant experts is 0
INFO 09-15 00:40:16 [ascend_config.py:603] DSA-CP is enabled. Auto-enabling FlashComm .
INFO 09-15 00:40:16 [ascend_config.py:615] FlashComm1 is enabled.
WARNING 09-15 00:40:16 [ascend_config.py:637] enable_dsa_cp will be fully deprecated once PCP is ready. Consider trying prefill context parallelism with --tensor-parallel-size 1 --prefill-context-parallel-size 8 to preserve the current world size. Remove enable_dsa_cp from additional_config when enabling PCP. Check PCP support for your model and deployment configuration.
WARNING 09-15 00:40:16 [vllm.py:1382] Enforce eager set, disabling torch.compile and CUDAGraphs. This is equivalent to setting -cc.mode=none -cc.cudagraph_mode=none
WARNING 09-15 00:40:16 [vllm.py:1417] Inductor compilation was disabled by user settings, optimizations settings that are only active during inductor compilation will be ignored.
INFO 09-15 00:40:16 [kernel.py:372] Final IR op priority after setting platform defaults: IrOpPriorityConfig(rms_norm=['native'], fused_add_rms_norm=['native'])
INFO 09-15 00:40:16 [vllm.py:1596] Cudagraph is disabled under eager mode
WARNING 09-15 00:40:16 [platform.py:647] GPU-specific parameter is not supported on Ascend. parameter=disable_cascade_attn, value=True, action: resetting to False.
INFO 09-15 00:40:16 [ascend_config.py:223] Dynamic EPLB is False
INFO 09-15 00:40:16 [ascend_config.py:224] The number of redundant experts is 0
INFO 09-15 00:40:16 [ascend_config.py:603] DSA-CP is enabled. Auto-enabling FlashComm .
INFO 09-15 00:40:16 [ascend_config.py:615] FlashComm1 is enabled.
WARNING 09-15 00:40:16 [ascend_config.py:637] enable_dsa_cp will be fully deprecated once PCP is ready. Consider trying prefill context parallelism with --tensor-parallel-size 1 --prefill-context-parallel-size 8 to preserve the current world size. Remove enable_dsa_cp from additional_config when enabling PCP. Check PCP support for your model and deployment configuration.
INFO 09-15 00:40:16 [platform.py:1086] Compilation disabled, using eager mode by default
INFO 09-15 00:40:16 [platform.py:1338] Set PYTORCH_NPU_ALLOC_CONF=expandable_segments:True
INFO 09-15 00:40:16 [platform.py:1086] Compilation disabled, using eager mode by default
INFO 09-15 00:40:16 [platform.py:1338] Set PYTORCH_NPU_ALLOC_CONF=expandable_segments:True
INFO 09-15 00:40:17 [compilation.py:329] Enabled custom fusions: norm_quant, act_quant
INFO 09-15 00:40:17 [serve.py:217] Launching vLLM (v0.28.1rc1.dev570+ga97dacb71) headless multiproc executor, with head node address 80.5.9.127:29500 for torch.distributed process group.
INFO 09-15 00:40:17 [compilation.py:329] Enabled custom fusions: norm_quant, act_quant
INFO 09-15 00:40:17 [serve.py:217] Launching vLLM (v0.28.1rc1.dev570+ga97dacb71) headless multiproc executor, with head node address 80.5.9.127:29500 for torch.distributed process group.
[W915 00:40:19.915209550 FunctionLoader.cpp:48] Warning: LD_PRELOAD detected, FunctionLoader prefers RTLD_DEFAULT for symbol resolution. (function operator())
[W915 00:40:19.123344990 FunctionLoader.cpp:48] Warning: LD_PRELOAD detected, FunctionLoader prefers RTLD_DEFAULT for symbol resolution. (function operator())
INFO 09-15 00:40:24 [__init__.py:52] Available plugins for group vllm.platform_plugins:
INFO 09-15 00:40:24 [__init__.py:54] - ascend -> vllm_ascend:register
INFO 09-15 00:40:24 [__init__.py:57] All plugins in this group will be loaded. Set `VLLM_PLUGINS` to control which plugins to load.
INFO 09-15 00:40:24 [__init__.py:272] Platform plugin ascend is activated
INFO 09-15 00:40:24 [platform.py:69] Breakable CUDAGraph on Ascend is opt-in; using VLLM_USE_BREAKABLE_CUDAGRAPH=0.
INFO 09-15 00:40:24 [__init__.py:52] Available plugins for group vllm.platform_plugins:
INFO 09-15 00:40:24 [__init__.py:54] - ascend -> vllm_ascend:register
INFO 09-15 00:40:24 [__init__.py:57] All plugins in this group will be loaded. Set `VLLM_PLUGINS` to control which plugins to load.
INFO 09-15 00:40:24 [__init__.py:272] Platform plugin ascend is activated
INFO 09-15 00:40:24 [platform.py:69] Breakable CUDAGraph on Ascend is opt-in; using VLLM_USE_BREAKABLE_CUDAGRAPH=0.
2026-09-15 00:40:32,542 - 70381 - ServiceProfiler - INFO - VLLM_USE_V1 not set, auto-detected via vLLM 0.28.1rc1.dev570+ga97dacb71.empty: default 1
[W915 00:40:32.385114550 FunctionLoader.cpp:48] Warning: LD_PRELOAD detected, FunctionLoader prefers RTLD_DEFAULT for symbol resolution. (function operator())
INFO 09-15 00:40:32 [__init__.py:112] Registered model loader `<class 'vllm_ascend.model_loader.netloader.netloader.ModelNetLoaderElastic'>` with load format `netloader`
INFO 09-15 00:40:32 [__init__.py:112] Registered model loader `<class 'vllm_ascend.model_loader.rfork.rfork_loader.RForkModelLoader'>` with load format `rfork`
2026-09-15 00:40:32,836 - 70382 - ServiceProfiler - INFO - VLLM_USE_V1 not set, auto-detected via vLLM 0.28.1rc1.dev570+ga97dacb71.empty: default 1
[W915 00:40:32.660120560 FunctionLoader.cpp:48] Warning: LD_PRELOAD detected, FunctionLoader prefers RTLD_DEFAULT for symbol resolution. (function operator())
INFO 09-15 00:40:33 [__init__.py:112] Registered model loader `<class 'vllm_ascend.model_loader.netloader.netloader.ModelNetLoaderElastic'>` with load format `netloader`
INFO 09-15 00:40:33 [__init__.py:112] Registered model loader `<class 'vllm_ascend.model_loader.rfork.rfork_loader.RForkModelLoader'>` with load format `rfork`
WARNING 09-15 00:40:34 [patch_triton.py:332] NPU Triton causal_conv1d_update is unavailable (cannot import name 'causal_conv1d_update_npu' from 'vllm_ascend.ops.triton.mamba.causal_conv1d' (/home/w00985415/proj_0825/deps/vllm-ascend/vllm_ascend/ops/triton/mamba/causal_conv1d.py)); falling back to the PyTorch implementation, which syncs per request and therefore stalls ACL graph capture at decode-FULL.
INFO 09-15 00:40:34 [ascend_config.py:223] Dynamic EPLB is False
INFO 09-15 00:40:34 [ascend_config.py:224] The number of redundant experts is 0
INFO 09-15 00:40:34 [ascend_config.py:603] DSA-CP is enabled. Auto-enabling FlashComm .
INFO 09-15 00:40:34 [ascend_config.py:615] FlashComm1 is enabled.
WARNING 09-15 00:40:34 [ascend_config.py:637] enable_dsa_cp will be fully deprecated once PCP is ready. Consider trying prefill context parallelism with --tensor-parallel-size 1 --prefill-context-parallel-size 8 to preserve the current world size. Remove enable_dsa_cp from additional_config when enabling PCP. Check PCP support for your model and deployment configuration.
WARNING 09-15 00:40:34 [patch_triton.py:332] NPU Triton causal_conv1d_update is unavailable (cannot import name 'causal_conv1d_update_npu' from 'vllm_ascend.ops.triton.mamba.causal_conv1d' (/home/w00985415/proj_0825/deps/vllm-ascend/vllm_ascend/ops/triton/mamba/causal_conv1d.py)); falling back to the PyTorch implementation, which syncs per request and therefore stalls ACL graph capture at decode-FULL.
INFO 09-15 00:40:34 [ascend_config.py:223] Dynamic EPLB is False
INFO 09-15 00:40:34 [ascend_config.py:224] The number of redundant experts is 0
INFO 09-15 00:40:34 [ascend_config.py:603] DSA-CP is enabled. Auto-enabling FlashComm .
INFO 09-15 00:40:34 [ascend_config.py:615] FlashComm1 is enabled.
WARNING 09-15 00:40:34 [ascend_config.py:637] enable_dsa_cp will be fully deprecated once PCP is ready. Consider trying prefill context parallelism with --tensor-parallel-size 1 --prefill-context-parallel-size 8 to preserve the current world size. Remove enable_dsa_cp from additional_config when enabling PCP. Check PCP support for your model and deployment configuration.
(Worker pid=70382) INFO 09-15 00:40:37 [parallel_state.py:1798] world_size=32 rank=8 local_rank=0 distributed_init_method=tcp://80.5.9.127:29500 backend=hccl
(Worker pid=70381) INFO 09-15 00:40:37 [parallel_state.py:1798] world_size=32 rank=24 local_rank=0 distributed_init_method=tcp://80.5.9.127:29500 backend=hccl
INFO 09-15 00:40:38 [__init__.py:52] Available plugins for group vllm.platform_plugins:
INFO 09-15 00:40:38 [__init__.py:54] - ascend -> vllm_ascend:register
INFO 09-15 00:40:38 [__init__.py:57] All plugins in this group will be loaded. Set `VLLM_PLUGINS` to control which plugins to load.
INFO 09-15 00:40:38 [__init__.py:272] Platform plugin ascend is activated
INFO 09-15 00:40:38 [__init__.py:52] Available plugins for group vllm.platform_plugins:
INFO 09-15 00:40:38 [__init__.py:54] - ascend -> vllm_ascend:register
INFO 09-15 00:40:38 [__init__.py:57] All plugins in this group will be loaded. Set `VLLM_PLUGINS` to control which plugins to load.
INFO 09-15 00:40:38 [platform.py:69] Breakable CUDAGraph on Ascend is opt-in; using VLLM_USE_BREAKABLE_CUDAGRAPH=0.
INFO 09-15 00:40:38 [__init__.py:272] Platform plugin ascend is activated
INFO 09-15 00:40:38 [platform.py:69] Breakable CUDAGraph on Ascend is opt-in; using VLLM_USE_BREAKABLE_CUDAGRAPH=0.
[W915 00:40:46.817862700 FunctionLoader.cpp:48] Warning: LD_PRELOAD detected, FunctionLoader prefers RTLD_DEFAULT for symbol resolution. (function operator())
2026-09-15 00:40:46,176 - 70475 - ServiceProfiler - INFO - VLLM_USE_V1 not set, auto-detected via vLLM 0.28.1rc1.dev570+ga97dacb71.empty: default 1
2026-09-15 00:40:46,186 - 70477 - ServiceProfiler - INFO - VLLM_USE_V1 not set, auto-detected via vLLM 0.28.1rc1.dev570+ga97dacb71.empty: default 1
[W915 00:40:46.017228660 FunctionLoader.cpp:48] Warning: LD_PRELOAD detected, FunctionLoader prefers RTLD_DEFAULT for symbol resolution. (function operator())
INFO 09-15 00:40:46 [__init__.py:112] Registered model loader `<class 'vllm_ascend.model_loader.netloader.netloader.ModelNetLoaderElastic'>` with load format `netloader`
INFO 09-15 00:40:46 [__init__.py:112] Registered model loader `<class 'vllm_ascend.model_loader.rfork.rfork_loader.RForkModelLoader'>` with load format `rfork`
INFO 09-15 00:40:46 [__init__.py:112] Registered model loader `<class 'vllm_ascend.model_loader.netloader.netloader.ModelNetLoaderElastic'>` with load format `netloader`
INFO 09-15 00:40:46 [__init__.py:112] Registered model loader `<class 'vllm_ascend.model_loader.rfork.rfork_loader.RForkModelLoader'>` with load format `rfork`
WARNING 09-15 00:40:47 [patch_triton.py:332] NPU Triton causal_conv1d_update is unavailable (cannot import name 'causal_conv1d_update_npu' from 'vllm_ascend.ops.triton.mamba.causal_conv1d' (/home/w00985415/proj_0825/deps/vllm-ascend/vllm_ascend/ops/triton/mamba/causal_conv1d.py)); falling back to the PyTorch implementation, which syncs per request and therefore stalls ACL graph capture at decode-FULL.
WARNING 09-15 00:40:47 [patch_triton.py:332] NPU Triton causal_conv1d_update is unavailable (cannot import name 'causal_conv1d_update_npu' from 'vllm_ascend.ops.triton.mamba.causal_conv1d' (/home/w00985415/proj_0825/deps/vllm-ascend/vllm_ascend/ops/triton/mamba/causal_conv1d.py)); falling back to the PyTorch implementation, which syncs per request and therefore stalls ACL graph capture at decode-FULL.
INFO 09-15 00:40:48 [ascend_config.py:223] Dynamic EPLB is False
INFO 09-15 00:40:48 [ascend_config.py:224] The number of redundant experts is 0
INFO 09-15 00:40:48 [ascend_config.py:603] DSA-CP is enabled. Auto-enabling FlashComm .
INFO 09-15 00:40:48 [ascend_config.py:615] FlashComm1 is enabled.
WARNING 09-15 00:40:48 [ascend_config.py:637] enable_dsa_cp will be fully deprecated once PCP is ready. Consider trying prefill context parallelism with --tensor-parallel-size 1 --prefill-context-parallel-size 8 to preserve the current world size. Remove enable_dsa_cp from additional_config when enabling PCP. Check PCP support for your model and deployment configuration.
INFO 09-15 00:40:48 [ascend_config.py:223] Dynamic EPLB is False
INFO 09-15 00:40:48 [ascend_config.py:224] The number of redundant experts is 0
INFO 09-15 00:40:48 [ascend_config.py:603] DSA-CP is enabled. Auto-enabling FlashComm .
INFO 09-15 00:40:48 [ascend_config.py:615] FlashComm1 is enabled.
WARNING 09-15 00:40:48 [ascend_config.py:637] enable_dsa_cp will be fully deprecated once PCP is ready. Consider trying prefill context parallelism with --tensor-parallel-size 1 --prefill-context-parallel-size 8 to preserve the current world size. Remove enable_dsa_cp from additional_config when enabling PCP. Check PCP support for your model and deployment configuration.
(Worker pid=70475) INFO 09-15 00:40:50 [parallel_state.py:1798] world_size=32 rank=25 local_rank=1 distributed_init_method=tcp://80.5.9.127:29500 backend=hccl
INFO 09-15 00:40:51 [__init__.py:52] Available plugins for group vllm.platform_plugins:
INFO 09-15 00:40:51 [__init__.py:54] - ascend -> vllm_ascend:register
INFO 09-15 00:40:51 [__init__.py:57] All plugins in this group will be loaded. Set `VLLM_PLUGINS` to control which plugins to load.
INFO 09-15 00:40:51 [__init__.py:272] Platform plugin ascend is activated
INFO 09-15 00:40:51 [platform.py:69] Breakable CUDAGraph on Ascend is opt-in; using VLLM_USE_BREAKABLE_CUDAGRAPH=0.
INFO 09-15 00:40:51 [__init__.py:52] Available plugins for group vllm.platform_plugins:
INFO 09-15 00:40:51 [__init__.py:54] - ascend -> vllm_ascend:register
INFO 09-15 00:40:51 [__init__.py:57] All plugins in this group will be loaded. Set `VLLM_PLUGINS` to control which plugins to load.
INFO 09-15 00:40:51 [__init__.py:272] Platform plugin ascend is activated
INFO 09-15 00:40:51 [platform.py:69] Breakable CUDAGraph on Ascend is opt-in; using VLLM_USE_BREAKABLE_CUDAGRAPH=0.
(Worker pid=70477) INFO 09-15 00:40:51 [parallel_state.py:1798] world_size=32 rank=9 local_rank=1 distributed_init_method=tcp://80.5.9.127:29500 backend=hccl
2026-09-15 00:40:59,116 - 70618 - ServiceProfiler - INFO - VLLM_USE_V1 not set, auto-detected via vLLM 0.28.1rc1.dev570+ga97dacb71.empty: default 1
[W915 00:40:59.953668930 FunctionLoader.cpp:48] Warning: LD_PRELOAD detected, FunctionLoader prefers RTLD_DEFAULT for symbol resolution. (function operator())
INFO 09-15 00:40:59 [__init__.py:112] Registered model loader `<class 'vllm_ascend.model_loader.netloader.netloader.ModelNetLoaderElastic'>` with load format `netloader`
INFO 09-15 00:40:59 [__init__.py:112] Registered model loader `<class 'vllm_ascend.model_loader.rfork.rfork_loader.RForkModelLoader'>` with load format `rfork`
2026-09-15 00:40:59,360 - 70617 - ServiceProfiler - INFO - VLLM_USE_V1 not set, auto-detected via vLLM 0.28.1rc1.dev570+ga97dacb71.empty: default 1
[W915 00:40:59.134672350 FunctionLoader.cpp:48] Warning: LD_PRELOAD detected, FunctionLoader prefers RTLD_DEFAULT for symbol resolution. (function operator())
INFO 09-15 00:40:59 [__init__.py:112] Registered model loader `<class 'vllm_ascend.model_loader.netloader.netloader.ModelNetLoaderElastic'>` with load format `netloader`
INFO 09-15 00:40:59 [__init__.py:112] Registered model loader `<class 'vllm_ascend.model_loader.rfork.rfork_loader.RForkModelLoader'>` with load format `rfork`
WARNING 09-15 00:41:00 [patch_triton.py:332] NPU Triton causal_conv1d_update is unavailable (cannot import name 'causal_conv1d_update_npu' from 'vllm_ascend.ops.triton.mamba.causal_conv1d' (/home/w00985415/proj_0825/deps/vllm-ascend/vllm_ascend/ops/triton/mamba/causal_conv1d.py)); falling back to the PyTorch implementation, which syncs per request and therefore stalls ACL graph capture at decode-FULL.
INFO 09-15 00:41:01 [ascend_config.py:223] Dynamic EPLB is False
INFO 09-15 00:41:01 [ascend_config.py:224] The number of redundant experts is 0
INFO 09-15 00:41:01 [ascend_config.py:603] DSA-CP is enabled. Auto-enabling FlashComm .
INFO 09-15 00:41:01 [ascend_config.py:615] FlashComm1 is enabled.
WARNING 09-15 00:41:01 [ascend_config.py:637] enable_dsa_cp will be fully deprecated once PCP is ready. Consider trying prefill context parallelism with --tensor-parallel-size 1 --prefill-context-parallel-size 8 to preserve the current world size. Remove enable_dsa_cp from additional_config when enabling PCP. Check PCP support for your model and deployment configuration.
WARNING 09-15 00:41:01 [patch_triton.py:332] NPU Triton causal_conv1d_update is unavailable (cannot import name 'causal_conv1d_update_npu' from 'vllm_ascend.ops.triton.mamba.causal_conv1d' (/home/w00985415/proj_0825/deps/vllm-ascend/vllm_ascend/ops/triton/mamba/causal_conv1d.py)); falling back to the PyTorch implementation, which syncs per request and therefore stalls ACL graph capture at decode-FULL.
INFO 09-15 00:41:01 [ascend_config.py:223] Dynamic EPLB is False
INFO 09-15 00:41:01 [ascend_config.py:224] The number of redundant experts is 0
INFO 09-15 00:41:01 [ascend_config.py:603] DSA-CP is enabled. Auto-enabling FlashComm .
INFO 09-15 00:41:01 [ascend_config.py:615] FlashComm1 is enabled.
WARNING 09-15 00:41:01 [ascend_config.py:637] enable_dsa_cp will be fully deprecated once PCP is ready. Consider trying prefill context parallelism with --tensor-parallel-size 1 --prefill-context-parallel-size 8 to preserve the current world size. Remove enable_dsa_cp from additional_config when enabling PCP. Check PCP support for your model and deployment configuration.
(Worker pid=70618) INFO 09-15 00:41:04 [parallel_state.py:1798] world_size=32 rank=10 local_rank=2 distributed_init_method=tcp://80.5.9.127:29500 backend=hccl
INFO 09-15 00:41:04 [__init__.py:52] Available plugins for group vllm.platform_plugins:
INFO 09-15 00:41:04 [__init__.py:54] - ascend -> vllm_ascend:register
INFO 09-15 00:41:04 [__init__.py:57] All plugins in this group will be loaded. Set `VLLM_PLUGINS` to control which plugins to load.
INFO 09-15 00:41:04 [__init__.py:272] Platform plugin ascend is activated
INFO 09-15 00:41:04 [platform.py:69] Breakable CUDAGraph on Ascend is opt-in; using VLLM_USE_BREAKABLE_CUDAGRAPH=0.
(Worker pid=70617) INFO 09-15 00:41:04 [parallel_state.py:1798] world_size=32 rank=26 local_rank=2 distributed_init_method=tcp://80.5.9.127:29500 backend=hccl
INFO 09-15 00:41:05 [__init__.py:52] Available plugins for group vllm.platform_plugins:
INFO 09-15 00:41:05 [__init__.py:54] - ascend -> vllm_ascend:register
INFO 09-15 00:41:05 [__init__.py:57] All plugins in this group will be loaded. Set `VLLM_PLUGINS` to control which plugins to load.
INFO 09-15 00:41:05 [__init__.py:272] Platform plugin ascend is activated
INFO 09-15 00:41:05 [platform.py:69] Breakable CUDAGraph on Ascend is opt-in; using VLLM_USE_BREAKABLE_CUDAGRAPH=0.
2026-09-15 00:41:12,545 - 70761 - ServiceProfiler - INFO - VLLM_USE_V1 not set, auto-detected via vLLM 0.28.1rc1.dev570+ga97dacb71.empty: default 1
[W915 00:41:12.364773810 FunctionLoader.cpp:48] Warning: LD_PRELOAD detected, FunctionLoader prefers RTLD_DEFAULT for symbol resolution. (function operator())
INFO 09-15 00:41:12 [__init__.py:112] Registered model loader `<class 'vllm_ascend.model_loader.netloader.netloader.ModelNetLoaderElastic'>` with load format `netloader`
INFO 09-15 00:41:12 [__init__.py:112] Registered model loader `<class 'vllm_ascend.model_loader.rfork.rfork_loader.RForkModelLoader'>` with load format `rfork`
2026-09-15 00:41:13,004 - 70759 - ServiceProfiler - INFO - VLLM_USE_V1 not set, auto-detected via vLLM 0.28.1rc1.dev570+ga97dacb71.empty: default 1
[W915 00:41:13.749025270 FunctionLoader.cpp:48] Warning: LD_PRELOAD detected, FunctionLoader prefers RTLD_DEFAULT for symbol resolution. (function operator())
INFO 09-15 00:41:13 [__init__.py:112] Registered model loader `<class 'vllm_ascend.model_loader.netloader.netloader.ModelNetLoaderElastic'>` with load format `netloader`
INFO 09-15 00:41:13 [__init__.py:112] Registered model loader `<class 'vllm_ascend.model_loader.rfork.rfork_loader.RForkModelLoader'>` with load format `rfork`
WARNING 09-15 00:41:14 [patch_triton.py:332] NPU Triton causal_conv1d_update is unavailable (cannot import name 'causal_conv1d_update_npu' from 'vllm_ascend.ops.triton.mamba.causal_conv1d' (/home/w00985415/proj_0825/deps/vllm-ascend/vllm_ascend/ops/triton/mamba/causal_conv1d.py)); falling back to the PyTorch implementation, which syncs per request and therefore stalls ACL graph capture at decode-FULL.
INFO 09-15 00:41:14 [ascend_config.py:223] Dynamic EPLB is False
INFO 09-15 00:41:14 [ascend_config.py:224] The number of redundant experts is 0
INFO 09-15 00:41:14 [ascend_config.py:603] DSA-CP is enabled. Auto-enabling FlashComm .
INFO 09-15 00:41:14 [ascend_config.py:615] FlashComm1 is enabled.
WARNING 09-15 00:41:14 [ascend_config.py:637] enable_dsa_cp will be fully deprecated once PCP is ready. Consider trying prefill context parallelism with --tensor-parallel-size 1 --prefill-context-parallel-size 8 to preserve the current world size. Remove enable_dsa_cp from additional_config when enabling PCP. Check PCP support for your model and deployment configuration.
WARNING 09-15 00:41:14 [patch_triton.py:332] NPU Triton causal_conv1d_update is unavailable (cannot import name 'causal_conv1d_update_npu' from 'vllm_ascend.ops.triton.mamba.causal_conv1d' (/home/w00985415/proj_0825/deps/vllm-ascend/vllm_ascend/ops/triton/mamba/causal_conv1d.py)); falling back to the PyTorch implementation, which syncs per request and therefore stalls ACL graph capture at decode-FULL.
INFO 09-15 00:41:14 [ascend_config.py:223] Dynamic EPLB is False
INFO 09-15 00:41:14 [ascend_config.py:224] The number of redundant experts is 0
INFO 09-15 00:41:14 [ascend_config.py:603] DSA-CP is enabled. Auto-enabling FlashComm .
INFO 09-15 00:41:14 [ascend_config.py:615] FlashComm1 is enabled.
WARNING 09-15 00:41:14 [ascend_config.py:637] enable_dsa_cp will be fully deprecated once PCP is ready. Consider trying prefill context parallelism with --tensor-parallel-size 1 --prefill-context-parallel-size 8 to preserve the current world size. Remove enable_dsa_cp from additional_config when enabling PCP. Check PCP support for your model and deployment configuration.
(Worker pid=70759) INFO 09-15 00:41:17 [parallel_state.py:1798] world_size=32 rank=11 local_rank=3 distributed_init_method=tcp://80.5.9.127:29500 backend=hccl
INFO 09-15 00:41:17 [__init__.py:52] Available plugins for group vllm.platform_plugins:
INFO 09-15 00:41:17 [__init__.py:54] - ascend -> vllm_ascend:register
INFO 09-15 00:41:17 [__init__.py:57] All plugins in this group will be loaded. Set `VLLM_PLUGINS` to control which plugins to load.
INFO 09-15 00:41:17 [__init__.py:272] Platform plugin ascend is activated
(Worker pid=70761) INFO 09-15 00:41:17 [parallel_state.py:1798] world_size=32 rank=27 local_rank=3 distributed_init_method=tcp://80.5.9.127:29500 backend=hccl
INFO 09-15 00:41:17 [platform.py:69] Breakable CUDAGraph on Ascend is opt-in; using VLLM_USE_BREAKABLE_CUDAGRAPH=0.
INFO 09-15 00:41:18 [__init__.py:52] Available plugins for group vllm.platform_plugins:
INFO 09-15 00:41:18 [__init__.py:54] - ascend -> vllm_ascend:register
INFO 09-15 00:41:18 [__init__.py:57] All plugins in this group will be loaded. Set `VLLM_PLUGINS` to control which plugins to load.
INFO 09-15 00:41:18 [__init__.py:272] Platform plugin ascend is activated
INFO 09-15 00:41:18 [platform.py:69] Breakable CUDAGraph on Ascend is opt-in; using VLLM_USE_BREAKABLE_CUDAGRAPH=0.
2026-09-15 00:41:25,229 - 70901 - ServiceProfiler - INFO - VLLM_USE_V1 not set, auto-detected via vLLM 0.28.1rc1.dev570+ga97dacb71.empty: default 1
INFO 09-15 00:41:25 [__init__.py:112] Registered model loader `<class 'vllm_ascend.model_loader.netloader.netloader.ModelNetLoaderElastic'>` with load format `netloader`
INFO 09-15 00:41:25 [__init__.py:112] Registered model loader `<class 'vllm_ascend.model_loader.rfork.rfork_loader.RForkModelLoader'>` with load format `rfork`
[W915 00:41:25.104077510 FunctionLoader.cpp:48] Warning: LD_PRELOAD detected, FunctionLoader prefers RTLD_DEFAULT for symbol resolution. (function operator())
2026-09-15 00:41:26,677 - 70912 - ServiceProfiler - INFO - VLLM_USE_V1 not set, auto-detected via vLLM 0.28.1rc1.dev570+ga97dacb71.empty: default 1
[W915 00:41:26.399046170 FunctionLoader.cpp:48] Warning: LD_PRELOAD detected, FunctionLoader prefers RTLD_DEFAULT for symbol resolution. (function operator())
WARNING 09-15 00:41:26 [patch_triton.py:332] NPU Triton causal_conv1d_update is unavailable (cannot import name 'causal_conv1d_update_npu' from 'vllm_ascend.ops.triton.mamba.causal_conv1d' (/home/w00985415/proj_0825/deps/vllm-ascend/vllm_ascend/ops/triton/mamba/causal_conv1d.py)); falling back to the PyTorch implementation, which syncs per request and therefore stalls ACL graph capture at decode-FULL.
INFO 09-15 00:41:26 [__init__.py:112] Registered model loader `<class 'vllm_ascend.model_loader.netloader.netloader.ModelNetLoaderElastic'>` with load format `netloader`
INFO 09-15 00:41:26 [__init__.py:112] Registered model loader `<class 'vllm_ascend.model_loader.rfork.rfork_loader.RForkModelLoader'>` with load format `rfork`
INFO 09-15 00:41:27 [ascend_config.py:223] Dynamic EPLB is False
INFO 09-15 00:41:27 [ascend_config.py:224] The number of redundant experts is 0
INFO 09-15 00:41:27 [ascend_config.py:603] DSA-CP is enabled. Auto-enabling FlashComm .
INFO 09-15 00:41:27 [ascend_config.py:615] FlashComm1 is enabled.
WARNING 09-15 00:41:27 [ascend_config.py:637] enable_dsa_cp will be fully deprecated once PCP is ready. Consider trying prefill context parallelism with --tensor-parallel-size 1 --prefill-context-parallel-size 8 to preserve the current world size. Remove enable_dsa_cp from additional_config when enabling PCP. Check PCP support for your model and deployment configuration.
WARNING 09-15 00:41:28 [patch_triton.py:332] NPU Triton causal_conv1d_update is unavailable (cannot import name 'causal_conv1d_update_npu' from 'vllm_ascend.ops.triton.mamba.causal_conv1d' (/home/w00985415/proj_0825/deps/vllm-ascend/vllm_ascend/ops/triton/mamba/causal_conv1d.py)); falling back to the PyTorch implementation, which syncs per request and therefore stalls ACL graph capture at decode-FULL.
INFO 09-15 00:41:28 [ascend_config.py:223] Dynamic EPLB is False
INFO 09-15 00:41:28 [ascend_config.py:224] The number of redundant experts is 0
INFO 09-15 00:41:28 [ascend_config.py:603] DSA-CP is enabled. Auto-enabling FlashComm .
INFO 09-15 00:41:28 [ascend_config.py:615] FlashComm1 is enabled.
WARNING 09-15 00:41:28 [ascend_config.py:637] enable_dsa_cp will be fully deprecated once PCP is ready. Consider trying prefill context parallelism with --tensor-parallel-size 1 --prefill-context-parallel-size 8 to preserve the current world size. Remove enable_dsa_cp from additional_config when enabling PCP. Check PCP support for your model and deployment configuration.
(Worker pid=70901) INFO 09-15 00:41:30 [parallel_state.py:1798] world_size=32 rank=28 local_rank=4 distributed_init_method=tcp://80.5.9.127:29500 backend=hccl
INFO 09-15 00:41:30 [__init__.py:52] Available plugins for group vllm.platform_plugins:
INFO 09-15 00:41:30 [__init__.py:54] - ascend -> vllm_ascend:register
INFO 09-15 00:41:30 [__init__.py:57] All plugins in this group will be loaded. Set `VLLM_PLUGINS` to control which plugins to load.
INFO 09-15 00:41:30 [__init__.py:272] Platform plugin ascend is activated
INFO 09-15 00:41:30 [platform.py:69] Breakable CUDAGraph on Ascend is opt-in; using VLLM_USE_BREAKABLE_CUDAGRAPH=0.
INFO 09-15 00:41:31 [__init__.py:52] Available plugins for group vllm.platform_plugins:
INFO 09-15 00:41:31 [__init__.py:54] - ascend -> vllm_ascend:register
INFO 09-15 00:41:31 [__init__.py:57] All plugins in this group will be loaded. Set `VLLM_PLUGINS` to control which plugins to load.
INFO 09-15 00:41:31 [__init__.py:272] Platform plugin ascend is activated
INFO 09-15 00:41:31 [platform.py:69] Breakable CUDAGraph on Ascend is opt-in; using VLLM_USE_BREAKABLE_CUDAGRAPH=0.
(Worker pid=70912) INFO 09-15 00:41:31 [parallel_state.py:1798] world_size=32 rank=12 local_rank=4 distributed_init_method=tcp://80.5.9.127:29500 backend=hccl
2026-09-15 00:41:38,662 - 71042 - ServiceProfiler - INFO - VLLM_USE_V1 not set, auto-detected via vLLM 0.28.1rc1.dev570+ga97dacb71.empty: default 1
[W915 00:41:38.498731450 FunctionLoader.cpp:48] Warning: LD_PRELOAD detected, FunctionLoader prefers RTLD_DEFAULT for symbol resolution. (function operator())
INFO 09-15 00:41:38 [__init__.py:112] Registered model loader `<class 'vllm_ascend.model_loader.netloader.netloader.ModelNetLoaderElastic'>` with load format `netloader`
INFO 09-15 00:41:38 [__init__.py:112] Registered model loader `<class 'vllm_ascend.model_loader.rfork.rfork_loader.RForkModelLoader'>` with load format `rfork`
2026-09-15 00:41:39,093 - 71054 - ServiceProfiler - INFO - VLLM_USE_V1 not set, auto-detected via vLLM 0.28.1rc1.dev570+ga97dacb71.empty: default 1
INFO 09-15 00:41:39 [__init__.py:112] Registered model loader `<class 'vllm_ascend.model_loader.netloader.netloader.ModelNetLoaderElastic'>` with load format `netloader`
INFO 09-15 00:41:39 [__init__.py:112] Registered model loader `<class 'vllm_ascend.model_loader.rfork.rfork_loader.RForkModelLoader'>` with load format `rfork`
[W915 00:41:39.952462880 FunctionLoader.cpp:48] Warning: LD_PRELOAD detected, FunctionLoader prefers RTLD_DEFAULT for symbol resolution. (function operator())
WARNING 09-15 00:41:40 [patch_triton.py:332] NPU Triton causal_conv1d_update is unavailable (cannot import name 'causal_conv1d_update_npu' from 'vllm_ascend.ops.triton.mamba.causal_conv1d' (/home/w00985415/proj_0825/deps/vllm-ascend/vllm_ascend/ops/triton/mamba/causal_conv1d.py)); falling back to the PyTorch implementation, which syncs per request and therefore stalls ACL graph capture at decode-FULL.
INFO 09-15 00:41:40 [ascend_config.py:223] Dynamic EPLB is False
INFO 09-15 00:41:40 [ascend_config.py:224] The number of redundant experts is 0
INFO 09-15 00:41:40 [ascend_config.py:603] DSA-CP is enabled. Auto-enabling FlashComm .
INFO 09-15 00:41:40 [ascend_config.py:615] FlashComm1 is enabled.
WARNING 09-15 00:41:40 [ascend_config.py:637] enable_dsa_cp will be fully deprecated once PCP is ready. Consider trying prefill context parallelism with --tensor-parallel-size 1 --prefill-context-parallel-size 8 to preserve the current world size. Remove enable_dsa_cp from additional_config when enabling PCP. Check PCP support for your model and deployment configuration.
WARNING 09-15 00:41:40 [patch_triton.py:332] NPU Triton causal_conv1d_update is unavailable (cannot import name 'causal_conv1d_update_npu' from 'vllm_ascend.ops.triton.mamba.causal_conv1d' (/home/w00985415/proj_0825/deps/vllm-ascend/vllm_ascend/ops/triton/mamba/causal_conv1d.py)); falling back to the PyTorch implementation, which syncs per request and therefore stalls ACL graph capture at decode-FULL.
INFO 09-15 00:41:40 [ascend_config.py:223] Dynamic EPLB is False
INFO 09-15 00:41:40 [ascend_config.py:224] The number of redundant experts is 0
INFO 09-15 00:41:40 [ascend_config.py:603] DSA-CP is enabled. Auto-enabling FlashComm .
INFO 09-15 00:41:40 [ascend_config.py:615] FlashComm1 is enabled.
WARNING 09-15 00:41:40 [ascend_config.py:637] enable_dsa_cp will be fully deprecated once PCP is ready. Consider trying prefill context parallelism with --tensor-parallel-size 1 --prefill-context-parallel-size 8 to preserve the current world size. Remove enable_dsa_cp from additional_config when enabling PCP. Check PCP support for your model and deployment configuration.
INFO 09-15 00:41:43 [__init__.py:52] Available plugins for group vllm.platform_plugins:
INFO 09-15 00:41:43 [__init__.py:54] - ascend -> vllm_ascend:register
INFO 09-15 00:41:43 [__init__.py:57] All plugins in this group will be loaded. Set `VLLM_PLUGINS` to control which plugins to load.
INFO 09-15 00:41:43 [__init__.py:272] Platform plugin ascend is activated
INFO 09-15 00:41:43 [platform.py:69] Breakable CUDAGraph on Ascend is opt-in; using VLLM_USE_BREAKABLE_CUDAGRAPH=0.
(Worker pid=71042) INFO 09-15 00:41:43 [parallel_state.py:1798] world_size=32 rank=29 local_rank=5 distributed_init_method=tcp://80.5.9.127:29500 backend=hccl
(Worker pid=71054) INFO 09-15 00:41:43 [parallel_state.py:1798] world_size=32 rank=13 local_rank=5 distributed_init_method=tcp://80.5.9.127:29500 backend=hccl
INFO 09-15 00:41:44 [__init__.py:52] Available plugins for group vllm.platform_plugins:
INFO 09-15 00:41:44 [__init__.py:54] - ascend -> vllm_ascend:register
INFO 09-15 00:41:44 [__init__.py:57] All plugins in this group will be loaded. Set `VLLM_PLUGINS` to control which plugins to load.
INFO 09-15 00:41:44 [__init__.py:272] Platform plugin ascend is activated
INFO 09-15 00:41:44 [platform.py:69] Breakable CUDAGraph on Ascend is opt-in; using VLLM_USE_BREAKABLE_CUDAGRAPH=0.
2026-09-15 00:41:52,145 - 71208 - ServiceProfiler - INFO - VLLM_USE_V1 not set, auto-detected via vLLM 0.28.1rc1.dev570+ga97dacb71.empty: default 1
2026-09-15 00:41:52,241 - 71220 - ServiceProfiler - INFO - VLLM_USE_V1 not set, auto-detected via vLLM 0.28.1rc1.dev570+ga97dacb71.empty: default 1
[W915 00:41:52.951741580 FunctionLoader.cpp:48] Warning: LD_PRELOAD detected, FunctionLoader prefers RTLD_DEFAULT for symbol resolution. (function operator())
INFO 09-15 00:41:52 [__init__.py:112] Registered model loader `<class 'vllm_ascend.model_loader.netloader.netloader.ModelNetLoaderElastic'>` with load format `netloader`
INFO 09-15 00:41:52 [__init__.py:112] Registered model loader `<class 'vllm_ascend.model_loader.rfork.rfork_loader.RForkModelLoader'>` with load format `rfork`
[W915 00:41:52.017790470 FunctionLoader.cpp:48] Warning: LD_PRELOAD detected, FunctionLoader prefers RTLD_DEFAULT for symbol resolution. (function operator())
INFO 09-15 00:41:52 [__init__.py:112] Registered model loader `<class 'vllm_ascend.model_loader.netloader.netloader.ModelNetLoaderElastic'>` with load format `netloader`
INFO 09-15 00:41:52 [__init__.py:112] Registered model loader `<class 'vllm_ascend.model_loader.rfork.rfork_loader.RForkModelLoader'>` with load format `rfork`
WARNING 09-15 00:41:53 [patch_triton.py:332] NPU Triton causal_conv1d_update is unavailable (cannot import name 'causal_conv1d_update_npu' from 'vllm_ascend.ops.triton.mamba.causal_conv1d' (/home/w00985415/proj_0825/deps/vllm-ascend/vllm_ascend/ops/triton/mamba/causal_conv1d.py)); falling back to the PyTorch implementation, which syncs per request and therefore stalls ACL graph capture at decode-FULL.
WARNING 09-15 00:41:53 [patch_triton.py:332] NPU Triton causal_conv1d_update is unavailable (cannot import name 'causal_conv1d_update_npu' from 'vllm_ascend.ops.triton.mamba.causal_conv1d' (/home/w00985415/proj_0825/deps/vllm-ascend/vllm_ascend/ops/triton/mamba/causal_conv1d.py)); falling back to the PyTorch implementation, which syncs per request and therefore stalls ACL graph capture at decode-FULL.
INFO 09-15 00:41:54 [ascend_config.py:223] Dynamic EPLB is False
INFO 09-15 00:41:54 [ascend_config.py:224] The number of redundant experts is 0
INFO 09-15 00:41:54 [ascend_config.py:603] DSA-CP is enabled. Auto-enabling FlashComm .
INFO 09-15 00:41:54 [ascend_config.py:615] FlashComm1 is enabled.
WARNING 09-15 00:41:54 [ascend_config.py:637] enable_dsa_cp will be fully deprecated once PCP is ready. Consider trying prefill context parallelism with --tensor-parallel-size 1 --prefill-context-parallel-size 8 to preserve the current world size. Remove enable_dsa_cp from additional_config when enabling PCP. Check PCP support for your model and deployment configuration.
INFO 09-15 00:41:54 [ascend_config.py:223] Dynamic EPLB is False
INFO 09-15 00:41:54 [ascend_config.py:224] The number of redundant experts is 0
INFO 09-15 00:41:54 [ascend_config.py:603] DSA-CP is enabled. Auto-enabling FlashComm .
INFO 09-15 00:41:54 [ascend_config.py:615] FlashComm1 is enabled.
WARNING 09-15 00:41:54 [ascend_config.py:637] enable_dsa_cp will be fully deprecated once PCP is ready. Consider trying prefill context parallelism with --tensor-parallel-size 1 --prefill-context-parallel-size 8 to preserve the current world size. Remove enable_dsa_cp from additional_config when enabling PCP. Check PCP support for your model and deployment configuration.
(Worker pid=71220) INFO 09-15 00:41:57 [parallel_state.py:1798] world_size=32 rank=14 local_rank=6 distributed_init_method=tcp://80.5.9.127:29500 backend=hccl
(Worker pid=71208) INFO 09-15 00:41:57 [parallel_state.py:1798] world_size=32 rank=30 local_rank=6 distributed_init_method=tcp://80.5.9.127:29500 backend=hccl
INFO 09-15 00:41:57 [__init__.py:52] Available plugins for group vllm.platform_plugins:
INFO 09-15 00:41:57 [__init__.py:54] - ascend -> vllm_ascend:register
INFO 09-15 00:41:57 [__init__.py:57] All plugins in this group will be loaded. Set `VLLM_PLUGINS` to control which plugins to load.
INFO 09-15 00:41:57 [__init__.py:272] Platform plugin ascend is activated
INFO 09-15 00:41:57 [__init__.py:52] Available plugins for group vllm.platform_plugins:
INFO 09-15 00:41:57 [__init__.py:54] - ascend -> vllm_ascend:register
INFO 09-15 00:41:57 [__init__.py:57] All plugins in this group will be loaded. Set `VLLM_PLUGINS` to control which plugins to load.
INFO 09-15 00:41:57 [__init__.py:272] Platform plugin ascend is activated
INFO 09-15 00:41:57 [platform.py:69] Breakable CUDAGraph on Ascend is opt-in; using VLLM_USE_BREAKABLE_CUDAGRAPH=0.
INFO 09-15 00:41:57 [platform.py:69] Breakable CUDAGraph on Ascend is opt-in; using VLLM_USE_BREAKABLE_CUDAGRAPH=0.
2026-09-15 00:42:05,969 - 71360 - ServiceProfiler - INFO - VLLM_USE_V1 not set, auto-detected via vLLM 0.28.1rc1.dev570+ga97dacb71.empty: default 1
2026-09-15 00:42:06,157 - 71361 - ServiceProfiler - INFO - VLLM_USE_V1 not set, auto-detected via vLLM 0.28.1rc1.dev570+ga97dacb71.empty: default 1
INFO 09-15 00:42:06 [__init__.py:112] Registered model loader `<class 'vllm_ascend.model_loader.netloader.netloader.ModelNetLoaderElastic'>` with load format `netloader`
INFO 09-15 00:42:06 [__init__.py:112] Registered model loader `<class 'vllm_ascend.model_loader.rfork.rfork_loader.RForkModelLoader'>` with load format `rfork`
INFO 09-15 00:42:06 [__init__.py:112] Registered model loader `<class 'vllm_ascend.model_loader.netloader.netloader.ModelNetLoaderElastic'>` with load format `netloader`
INFO 09-15 00:42:06 [__init__.py:112] Registered model loader `<class 'vllm_ascend.model_loader.rfork.rfork_loader.RForkModelLoader'>` with load format `rfork`
WARNING 09-15 00:42:07 [patch_triton.py:332] NPU Triton causal_conv1d_update is unavailable (cannot import name 'causal_conv1d_update_npu' from 'vllm_ascend.ops.triton.mamba.causal_conv1d' (/home/w00985415/proj_0825/deps/vllm-ascend/vllm_ascend/ops/triton/mamba/causal_conv1d.py)); falling back to the PyTorch implementation, which syncs per request and therefore stalls ACL graph capture at decode-FULL.
WARNING 09-15 00:42:07 [patch_triton.py:332] NPU Triton causal_conv1d_update is unavailable (cannot import name 'causal_conv1d_update_npu' from 'vllm_ascend.ops.triton.mamba.causal_conv1d' (/home/w00985415/proj_0825/deps/vllm-ascend/vllm_ascend/ops/triton/mamba/causal_conv1d.py)); falling back to the PyTorch implementation, which syncs per request and therefore stalls ACL graph capture at decode-FULL.
INFO 09-15 00:42:07 [ascend_config.py:223] Dynamic EPLB is False
INFO 09-15 00:42:07 [ascend_config.py:224] The number of redundant experts is 0
INFO 09-15 00:42:07 [ascend_config.py:603] DSA-CP is enabled. Auto-enabling FlashComm .
INFO 09-15 00:42:07 [ascend_config.py:615] FlashComm1 is enabled.
WARNING 09-15 00:42:07 [ascend_config.py:637] enable_dsa_cp will be fully deprecated once PCP is ready. Consider trying prefill context parallelism with --tensor-parallel-size 1 --prefill-context-parallel-size 8 to preserve the current world size. Remove enable_dsa_cp from additional_config when enabling PCP. Check PCP support for your model and deployment configuration.
INFO 09-15 00:42:08 [ascend_config.py:223] Dynamic EPLB is False
INFO 09-15 00:42:08 [ascend_config.py:224] The number of redundant experts is 0
INFO 09-15 00:42:08 [ascend_config.py:603] DSA-CP is enabled. Auto-enabling FlashComm .
INFO 09-15 00:42:08 [ascend_config.py:615] FlashComm1 is enabled.
WARNING 09-15 00:42:08 [ascend_config.py:637] enable_dsa_cp will be fully deprecated once PCP is ready. Consider trying prefill context parallelism with --tensor-parallel-size 1 --prefill-context-parallel-size 8 to preserve the current world size. Remove enable_dsa_cp from additional_config when enabling PCP. Check PCP support for your model and deployment configuration.
(Worker pid=71360) INFO 09-15 00:42:10 [parallel_state.py:1798] world_size=32 rank=31 local_rank=7 distributed_init_method=tcp://80.5.9.127:29500 backend=hccl
(Worker pid=71361) INFO 09-15 00:42:10 [parallel_state.py:1798] world_size=32 rank=15 local_rank=7 distributed_init_method=tcp://80.5.9.127:29500 backend=hccl
[Gloo] Rank 26 is connected to 31 peer ranks. Expected number of connected peer ranks is : 31
[Gloo] Rank 9 is connected to 31 peer ranks. Expected number of connected peer ranks is : 31
[Gloo] Rank 10 is connected to 31 peer ranks. Expected number of connected peer ranks is : 31
[Gloo] Rank 11 is connected to 31 peer ranks. Expected number of connected peer ranks is : 31
[Gloo] Rank 12 is connected to 31 peer ranks. Expected number of connected peer ranks is : 31
[Gloo] Rank 8 is connected to 31 peer ranks. Expected number of connected peer ranks is : 31
[Gloo] Rank 13 is connected to 31 peer ranks. Expected number of connected peer ranks is : 31
[Gloo] Rank 14 is connected to 31 peer ranks. Expected number of connected peer ranks is : 31
[Gloo] Rank 27 is connected to 31 peer ranks. Expected number of connected peer ranks is : 31
[Gloo] Rank 29 is connected to 31 peer ranks. Expected number of connected peer ranks is : 31
[Gloo] Rank 15 is connected to 31 peer ranks. Expected number of connected peer ranks is : 31
[Gloo] Rank 31 is connected to 31 peer ranks. Expected number of connected peer ranks is : 31
[Gloo] Rank 30 is connected to 31 peer ranks. Expected number of connected peer ranks is : 31
[Gloo] Rank 8 is connected to 15 peer ranks. Expected number of connected peer ranks is : 15
[Gloo] Rank 9 is connected to 15 peer ranks. Expected number of connected peer ranks is : 15
[Gloo] Rank 12 is connected to 15 peer ranks. Expected number of connected peer ranks is : 15
[Gloo] Rank 11 is connected to 15 peer ranks. Expected number of connected peer ranks is : 15
[Gloo] Rank 13 is connected to 15 peer ranks. Expected number of connected peer ranks is : 15
[Gloo] Rank 10 is connected to 15 peer ranks. Expected number of connected peer ranks is : 15
[Gloo] Rank 15 is connected to 15 peer ranks. Expected number of connected peer ranks is : 15
[Gloo] Rank 14 is connected to 15 peer ranks. Expected number of connected peer ranks is : 15
[Gloo] Rank 28 is connected to 31 peer ranks. Expected number of connected peer ranks is : 31
[Gloo] Rank 25 is connected to 31 peer ranks. Expected number of connected peer ranks is : 31
[Gloo] Rank 24 is connected to 31 peer ranks. Expected number of connected peer ranks is : 31
[Gloo] Rank 7 is connected to 7 peer ranks. Expected number of connected peer ranks is : 7
[Gloo] Rank 3 is connected to 7 peer ranks. Expected number of connected peer ranks is : 7
[Gloo] Rank 0 is connected to 7 peer ranks. Expected number of connected peer ranks is : 7
[Gloo] Rank 1 is connected to 7 peer ranks. Expected number of connected peer ranks is : 7
[Gloo] Rank 4 is connected to 7 peer ranks. Expected number of connected peer ranks is : 7
[Gloo] Rank 2 is connected to 7 peer ranks. Expected number of connected peer ranks is : 7
[Gloo] Rank 5 is connected to 7 peer ranks. Expected number of connected peer ranks is : 7
[Gloo] Rank 6 is connected to 7 peer ranks. Expected number of connected peer ranks is : 7
[Gloo] Rank 14 is connected to 15 peer ranks. Expected number of connected peer ranks is : 15
[Gloo] Rank 10 is connected to 15 peer ranks. Expected number of connected peer ranks is : 15
[Gloo] Rank 9 is connected to 15 peer ranks. Expected number of connected peer ranks is : 15
[Gloo] Rank 8 is connected to 15 peer ranks. Expected number of connected peer ranks is : 15
[Gloo] Rank 11 is connected to 15 peer ranks. Expected number of connected peer ranks is : 15
[Gloo] Rank 15 is connected to 15 peer ranks. Expected number of connected peer ranks is : 15
[Gloo] Rank 12 is connected to 15 peer ranks. Expected number of connected peer ranks is : 15
[Gloo] Rank 13 is connected to 15 peer ranks. Expected number of connected peer ranks is : 15
[Gloo] Rank 0 is connected to 0 peer ranks. Expected number of connected peer ranks is : 0
[Gloo] Rank 0 is connected to 0 peer ranks. Expected number of connected peer ranks is : 0
[Gloo] Rank 0 is connected to 7 peer ranks. Expected number of connected peer ranks is : 7
[Gloo] Rank 1 is connected to 7 peer ranks. Expected number of connected peer ranks is : 7
[Gloo] Rank 6 is connected to 7 peer ranks. Expected number of connected peer ranks is : 7
[Gloo] Rank 4 is connected to 7 peer ranks. Expected number of connected peer ranks is : 7
[Gloo] Rank 2 is connected to 7 peer ranks. Expected number of connected peer ranks is : 7
[Gloo] Rank 3 is connected to 7 peer ranks. Expected number of connected peer ranks is : 7
[Gloo] Rank 7 is connected to 7 peer ranks. Expected number of connected peer ranks is : 7
[Gloo] Rank 5 is connected to 7 peer ranks. Expected number of connected peer ranks is : 7
[Gloo] Rank 1 is connected to 1 peer ranks. Expected number of connected peer ranks is : 1
[Gloo] Rank 0 is connected to 0 peer ranks. Expected number of connected peer ranks is : 0
[Gloo] Rank 0 is connected to 0 peer ranks. Expected number of connected peer ranks is : 0
[Gloo] Rank 0 is connected to 0 peer ranks. Expected number of connected peer ranks is : 0
[Gloo] Rank 0 is connected to 0 peer ranks. Expected number of connected peer ranks is : 0
[Gloo] Rank 0 is connected to 0 peer ranks. Expected number of connected peer ranks is : 0
[Gloo] Rank 0 is connected to 0 peer ranks. Expected number of connected peer ranks is : 0
[Gloo] Rank 1 is connected to 1 peer ranks. Expected number of connected peer ranks is : 1
[Gloo] Rank 1 is connected to 1 peer ranks. Expected number of connected peer ranks is : 1
[Gloo] Rank 1 is connected to 1 peer ranks. Expected number of connected peer ranks is : 1
[Gloo] Rank 0 is connected to 0 peer ranks. Expected number of connected peer ranks is : 0
[Gloo] Rank 0 is connected to 0 peer ranks. Expected number of connected peer ranks is : 0
[Gloo] Rank 0 is connected to 0 peer ranks. Expected number of connected peer ranks is : 0
[Gloo] Rank 0 is connected to 0 peer ranks. Expected number of connected peer ranks is : 0
[Gloo] Rank 0 is connected to 0 peer ranks. Expected number of connected peer ranks is : 0
[Gloo] Rank 0 is connected to 0 peer ranks. Expected number of connected peer ranks is : 0
[Gloo] Rank 0 is connected to 0 peer ranks. Expected number of connected peer ranks is : 0
[Gloo] Rank 0 is connected to 0 peer ranks. Expected number of connected peer ranks is : 0
[Gloo] Rank 0 is connected to 0 peer ranks. Expected number of connected peer ranks is : 0
[Gloo] Rank 1 is connected to 1 peer ranks. Expected number of connected peer ranks is : 1
[Gloo] Rank 0 is connected to 0 peer ranks. Expected number of connected peer ranks is : 0
[Gloo] Rank 1 is connected to 1 peer ranks. Expected number of connected peer ranks is : 1
[Gloo] Rank 1 is connected to 1 peer ranks. Expected number of connected peer ranks is : 1
[Gloo] Rank 1 is connected to 1 peer ranks. Expected number of connected peer ranks is : 1
[Gloo] Rank 1 is connected to 1 peer ranks. Expected number of connected peer ranks is : 1
[Gloo] Rank 1 is connected to 1 peer ranks. Expected number of connected peer ranks is : 1
[Gloo] Rank 0 is connected to 1 peer ranks. Expected number of connected peer ranks is : 1
[Gloo] Rank 0 is connected to 0 peer ranks. Expected number of connected peer ranks is : 0
[Gloo] Rank 0 is connected to 0 peer ranks. Expected number of connected peer ranks is : 0
[Gloo] Rank 0 is connected to 0 peer ranks. Expected number of connected peer ranks is : 0
[Gloo] Rank 0 is connected to 0 peer ranks. Expected number of connected peer ranks is : 0
[Gloo] Rank 1 is connected to 1 peer ranks. Expected number of connected peer ranks is : 1
[Gloo] Rank 0 is connected to 0 peer ranks. Expected number of connected peer ranks is : 0
[Gloo] Rank 0 is connected to 0 peer ranks. Expected number of connected peer ranks is : 0
[Gloo] Rank 1 is connected to 1 peer ranks. Expected number of connected peer ranks is : 1
[Gloo] Rank 0 is connected to 1 peer ranks. Expected number of connected peer ranks is : 1
[Gloo] Rank 1 is connected to 1 peer ranks. Expected number of connected peer ranks is : 1
[Gloo] Rank 1 is connected to 1 peer ranks. Expected number of connected peer ranks is : 1
[Gloo] Rank 1 is connected to 1 peer ranks. Expected number of connected peer ranks is : 1
[Gloo] Rank 0 is connected to 1 peer ranks. Expected number of connected peer ranks is : 1
[Gloo] Rank 1 is connected to 1 peer ranks. Expected number of connected peer ranks is : 1
[Gloo] Rank 0 is connected to 1 peer ranks. Expected number of connected peer ranks is : 1
[Gloo] Rank 0 is connected to 0 peer ranks. Expected number of connected peer ranks is : 0
[Gloo] Rank 0 is connected to 0 peer ranks. Expected number of connected peer ranks is : 0
[Gloo] Rank 0 is connected to 0 peer ranks. Expected number of connected peer ranks is : 0
[Gloo] Rank 0 is connected to 0 peer ranks. Expected number of connected peer ranks is : 0
[Gloo] Rank 0 is connected to 0 peer ranks. Expected number of connected peer ranks is : 0
[Gloo] Rank 0 is connected to 0 peer ranks. Expected number of connected peer ranks is : 0
[Gloo] Rank 0 is connected to 0 peer ranks. Expected number of connected peer ranks is : 0
[Gloo] Rank 1 is connected to 1 peer ranks. Expected number of connected peer ranks is : 1
[Gloo] Rank 1 is connected to 1 peer ranks. Expected number of connected peer ranks is : 1
[Gloo] Rank 1 is connected to 1 peer ranks. Expected number of connected peer ranks is : 1
[Gloo] Rank 0 is connected to 0 peer ranks. Expected number of connected peer ranks is : 0
[Gloo] Rank 1 is connected to 1 peer ranks. Expected number of connected peer ranks is : 1
[Gloo] Rank 0 is connected to 1 peer ranks. Expected number of connected peer ranks is : 1
[Gloo] Rank 1 is connected to 1 peer ranks. Expected number of connected peer ranks is : 1
[Gloo] Rank 0 is connected to 1 peer ranks. Expected number of connected peer ranks is : 1
[Gloo] Rank 1 is connected to 1 peer ranks. Expected number of connected peer ranks is : 1
[Gloo] Rank 1 is connected to 1 peer ranks. Expected number of connected peer ranks is : 1
[Gloo] Rank 0 is connected to 1 peer ranks. Expected number of connected peer ranks is : 1
[Gloo] Rank 0 is connected to 1 peer ranks. Expected number of connected peer ranks is : 1
[Gloo] Rank 1 is connected to 1 peer ranks. Expected number of connected peer ranks is : 1
[Gloo] Rank 8 is connected to 15 peer ranks. Expected number of connected peer ranks is : 15
[Gloo] Rank 3 is connected to 15 peer ranks. Expected number of connected peer ranks is : 15
[Gloo] Rank 6 is connected to 15 peer ranks. Expected number of connected peer ranks is : 15
[Gloo] Rank 7 is connected to 15 peer ranks. Expected number of connected peer ranks is : 15
[Gloo] Rank 1 is connected to 15 peer ranks. Expected number of connected peer ranks is : 15
[Gloo] Rank 11 is connected to 15 peer ranks. Expected number of connected peer ranks is : 15
[Gloo] Rank 0 is connected to 15 peer ranks. Expected number of connected peer ranks is : 15
[Gloo] Rank 2 is connected to 15 peer ranks. Expected number of connected peer ranks is : 15
[Gloo] Rank 5 is connected to 15 peer ranks. Expected number of connected peer ranks is : 15
[Gloo] Rank 10 is connected to 15 peer ranks. Expected number of connected peer ranks is : 15
[Gloo] Rank 9 is connected to 15 peer ranks. Expected number of connected peer ranks is : 15
[Gloo] Rank 15 is connected to 15 peer ranks. Expected number of connected peer ranks is : 15
(Worker pid=70381) INFO 09-15 00:42:53 [parallel_state.py:2142] rank 24 in world size 32 is assigned as DP rank 1, PP rank 1, PCP rank 0, TP rank 0, EP rank 8, EPLB rank N/A
[Gloo] Rank 14 is connected to 15 peer ranks. Expected number of connected peer ranks is : 15
[Gloo] Rank 12 is connected to 15 peer ranks. Expected number of connected peer ranks is : 15
(Worker pid=70382) INFO 09-15 00:42:53 [parallel_state.py:2142] rank 8 in world size 32 is assigned as DP rank 0, PP rank 1, PCP rank 0, TP rank 0, EP rank 0, EPLB rank N/A
[Gloo] Rank 4 is connected to 15 peer ranks. Expected number of connected peer ranks is : 15
[Gloo] Rank 13 is connected to 15 peer ranks. Expected number of connected peer ranks is : 15
[Gloo] Rank 0 is connected to 15 peer ranks. Expected number of connected peer ranks is : 15
[Gloo] Rank 2 is connected to 15 peer ranks. Expected number of connected peer ranks is : 15
[Gloo] Rank 1 is connected to 15 peer ranks. Expected number of connected peer ranks is : 15
[Gloo] Rank 3 is connected to 15 peer ranks. Expected number of connected peer ranks is : 15
[Gloo] Rank 8 is connected to 15 peer ranks. Expected number of connected peer ranks is : 15
[Gloo] Rank 10 is connected to 15 peer ranks. Expected number of connected peer ranks is : 15
[Gloo] Rank 4 is connected to 15 peer ranks. Expected number of connected peer ranks is : 15
[Gloo] Rank 5 is connected to 15 peer ranks. Expected number of connected peer ranks is : 15
[Gloo] Rank 6 is connected to 15 peer ranks. Expected number of connected peer ranks is : 15
[Gloo] Rank 14 is connected to 15 peer ranks. Expected number of connected peer ranks is : 15
[Gloo] Rank 11 is connected to 15 peer ranks. Expected number of connected peer ranks is : 15
[Gloo] Rank 7 is connected to 15 peer ranks. Expected number of connected peer ranks is : 15
[Gloo] Rank 9 is connected to 15 peer ranks. Expected number of connected peer ranks is : 15
[Gloo] Rank 12 is connected to 15 peer ranks. Expected number of connected peer ranks is : 15
[Gloo] Rank 15 is connected to 15 peer ranks. Expected number of connected peer ranks is : 15
[Gloo] Rank 13 is connected to 15 peer ranks. Expected number of connected peer ranks is : 15
(Worker pid=71054) WARNING 09-15 00:42:53 [worker.py:506] npu model runner v2 is in developing, some features doesn't work for now.
(Worker pid=71220) WARNING 09-15 00:42:53 [worker.py:506] npu model runner v2 is in developing, some features doesn't work for now.
(Worker pid=70761) WARNING 09-15 00:42:53 [worker.py:506] npu model runner v2 is in developing, some features doesn't work for now.
(Worker pid=70381) WARNING 09-15 00:42:53 [worker.py:506] npu model runner v2 is in developing, some features doesn't work for now.
(Worker pid=71208) WARNING 09-15 00:42:53 [worker.py:506] npu model runner v2 is in developing, some features doesn't work for now.
(Worker pid=71360) WARNING 09-15 00:42:53 [worker.py:506] npu model runner v2 is in developing, some features doesn't work for now.
(Worker pid=71042) WARNING 09-15 00:42:53 [worker.py:506] npu model runner v2 is in developing, some features doesn't work for now.
(Worker pid=71361) WARNING 09-15 00:42:53 [worker.py:506] npu model runner v2 is in developing, some features doesn't work for now.
(Worker pid=70475) WARNING 09-15 00:42:53 [worker.py:506] npu model runner v2 is in developing, some features doesn't work for now.
(Worker pid=70618) WARNING 09-15 00:42:53 [worker.py:506] npu model runner v2 is in developing, some features doesn't work for now.
(Worker pid=70617) WARNING 09-15 00:42:53 [worker.py:506] npu model runner v2 is in developing, some features doesn't work for now.
(Worker pid=70901) WARNING 09-15 00:42:53 [worker.py:506] npu model runner v2 is in developing, some features doesn't work for now.
(Worker pid=70759) WARNING 09-15 00:42:53 [worker.py:506] npu model runner v2 is in developing, some features doesn't work for now.
(Worker pid=70912) WARNING 09-15 00:42:53 [worker.py:506] npu model runner v2 is in developing, some features doesn't work for now.
(Worker pid=70477) WARNING 09-15 00:42:53 [worker.py:506] npu model runner v2 is in developing, some features doesn't work for now.
(Worker pid=70382) WARNING 09-15 00:42:53 [worker.py:506] npu model runner v2 is in developing, some features doesn't work for now.
(Worker pid=70382) INFO 09-15 00:42:53 [utils.py:28] Wrapping torch.cuda with torch.npu.
(Worker pid=70381) INFO 09-15 00:42:53 [utils.py:28] Wrapping torch.cuda with torch.npu.
[rank28]:[W915 00:42:53.334365510 NPUCachingAllocator.cpp:202] Warning: The current CANN and HDK(driver) versions require processing for 32 padding size, with memory allocation. (function operator())
[rank14]:[W915 00:42:53.393078150 NPUCachingAllocator.cpp:202] Warning: The current CANN and HDK(driver) versions require processing for 32 padding size, with memory allocation. (function operator())
[rank26]:[W915 00:42:53.397715990 NPUCachingAllocator.cpp:202] Warning: The current CANN and HDK(driver) versions require processing for 32 padding size, with memory allocation. (function operator())
[rank12]:[W915 00:42:53.399731070 NPUCachingAllocator.cpp:202] Warning: The current CANN and HDK(driver) versions require processing for 32 padding size, with memory allocation. (function operator())
[rank13]:[W915 00:42:53.401237680 NPUCachingAllocator.cpp:202] Warning: The current CANN and HDK(driver) versions require processing for 32 padding size, with memory allocation. (function operator())
[rank31]:[W915 00:42:53.403014570 NPUCachingAllocator.cpp:202] Warning: The current CANN and HDK(driver) versions require processing for 32 padding size, with memory allocation. (function operator())
[rank11]:[W915 00:42:53.403858030 NPUCachingAllocator.cpp:202] Warning: The current CANN and HDK(driver) versions require processing for 32 padding size, with memory allocation. (function operator())
[rank10]:[W915 00:42:53.404369520 NPUCachingAllocator.cpp:202] Warning: The current CANN and HDK(driver) versions require processing for 32 padding size, with memory allocation. (function operator())
[rank15]:[W915 00:42:53.404790720 NPUCachingAllocator.cpp:202] Warning: The current CANN and HDK(driver) versions require processing for 32 padding size, with memory allocation. (function operator())
[rank25]:[W915 00:42:53.405334290 NPUCachingAllocator.cpp:202] Warning: The current CANN and HDK(driver) versions require processing for 32 padding size, with memory allocation. (function operator())
[rank30]:[W915 00:42:53.407507280 NPUCachingAllocator.cpp:202] Warning: The current CANN and HDK(driver) versions require processing for 32 padding size, with memory allocation. (function operator())
[rank24]:[W915 00:42:53.409464570 NPUCachingAllocator.cpp:202] Warning: The current CANN and HDK(driver) versions require processing for 32 padding size, with memory allocation. (function operator())
[rank27]:[W915 00:42:53.409863050 NPUCachingAllocator.cpp:202] Warning: The current CANN and HDK(driver) versions require processing for 32 padding size, with memory allocation. (function operator())
[rank8]:[W915 00:42:53.411416680 NPUCachingAllocator.cpp:202] Warning: The current CANN and HDK(driver) versions require processing for 32 padding size, with memory allocation. (function operator())
[rank29]:[W915 00:42:53.411559900 NPUCachingAllocator.cpp:202] Warning: The current CANN and HDK(driver) versions require processing for 32 padding size, with memory allocation. (function operator())
[rank9]:[W915 00:42:53.412356080 NPUCachingAllocator.cpp:202] Warning: The current CANN and HDK(driver) versions require processing for 32 padding size, with memory allocation. (function operator())
(Worker_DP1_PP1_TP0_EP8 pid=70381) INFO 09-15 00:42:54 [model_runner.py:390] Loading model from scratch...
(Worker_DP1_PP1_TP0_EP8 pid=70381) INFO 09-15 00:42:54 [utils.py:162] Hidden layers were unevenly partitioned: [22,21]. This can be manually overridden using the VLLM_PP_LAYER_PARTITION environment variable
(Worker_DP0_PP1_TP3_EP3 pid=70759) INFO 09-15 00:42:54 [utils.py:162] Hidden layers were unevenly partitioned: [22,21]. This can be manually overridden using the VLLM_PP_LAYER_PARTITION environment variable
(Worker_DP1_PP1_TP4_EP12 pid=70901) INFO 09-15 00:42:54 [utils.py:162] Hidden layers were unevenly partitioned: [22,21]. This can be manually overridden using the VLLM_PP_LAYER_PARTITION environment variable
(Worker_DP0_PP1_TP2_EP2 pid=70618) INFO 09-15 00:42:54 [utils.py:162] Hidden layers were unevenly partitioned: [22,21]. This can be manually overridden using the VLLM_PP_LAYER_PARTITION environment variable
(Worker_DP0_PP1_TP0_EP0 pid=70382) INFO 09-15 00:42:54 [model_runner.py:390] Loading model from scratch...
(Worker_DP0_PP1_TP0_EP0 pid=70382) INFO 09-15 00:42:54 [utils.py:162] Hidden layers were unevenly partitioned: [22,21]. This can be manually overridden using the VLLM_PP_LAYER_PARTITION environment variable
(Worker_DP1_PP1_TP3_EP11 pid=70761) INFO 09-15 00:42:54 [utils.py:162] Hidden layers were unevenly partitioned: [22,21]. This can be manually overridden using the VLLM_PP_LAYER_PARTITION environment variable
(Worker_DP0_PP1_TP7_EP7 pid=71361) INFO 09-15 00:42:54 [utils.py:162] Hidden layers were unevenly partitioned: [22,21]. This can be manually overridden using the VLLM_PP_LAYER_PARTITION environment variable
(Worker_DP1_PP1_TP1_EP9 pid=70475) INFO 09-15 00:42:54 [utils.py:162] Hidden layers were unevenly partitioned: [22,21]. This can be manually overridden using the VLLM_PP_LAYER_PARTITION environment variable
(Worker_DP0_PP1_TP6_EP6 pid=71220) INFO 09-15 00:42:54 [utils.py:162] Hidden layers were unevenly partitioned: [22,21]. This can be manually overridden using the VLLM_PP_LAYER_PARTITION environment variable
(Worker_DP1_PP1_TP5_EP13 pid=71042) INFO 09-15 00:42:54 [utils.py:162] Hidden layers were unevenly partitioned: [22,21]. This can be manually overridden using the VLLM_PP_LAYER_PARTITION environment variable
(Worker_DP1_PP1_TP6_EP14 pid=71208) INFO 09-15 00:42:54 [utils.py:162] Hidden layers were unevenly partitioned: [22,21]. This can be manually overridden using the VLLM_PP_LAYER_PARTITION environment variable
(Worker_DP0_PP1_TP5_EP5 pid=71054) INFO 09-15 00:42:54 [utils.py:162] Hidden layers were unevenly partitioned: [22,21]. This can be manually overridden using the VLLM_PP_LAYER_PARTITION environment variable
(Worker_DP1_PP1_TP7_EP15 pid=71360) INFO 09-15 00:42:54 [utils.py:162] Hidden layers were unevenly partitioned: [22,21]. This can be manually overridden using the VLLM_PP_LAYER_PARTITION environment variable
(Worker_DP0_PP1_TP4_EP4 pid=70912) INFO 09-15 00:42:54 [utils.py:162] Hidden layers were unevenly partitioned: [22,21]. This can be manually overridden using the VLLM_PP_LAYER_PARTITION environment variable
(Worker_DP1_PP1_TP2_EP10 pid=70617) INFO 09-15 00:42:54 [utils.py:162] Hidden layers were unevenly partitioned: [22,21]. This can be manually overridden using the VLLM_PP_LAYER_PARTITION environment variable
(Worker_DP0_PP1_TP1_EP1 pid=70477) INFO 09-15 00:42:54 [utils.py:162] Hidden layers were unevenly partitioned: [22,21]. This can be manually overridden using the VLLM_PP_LAYER_PARTITION environment variable
(Worker_DP1_PP1_TP0_EP8 pid=70381) INFO 09-15 00:42:59 [modelslim_config.py:281] Using the vLLM Ascend modelslim Quantization now!
(Worker_DP0_PP1_TP0_EP0 pid=70382) INFO 09-15 00:42:59 [modelslim_config.py:281] Using the vLLM Ascend modelslim Quantization now!
(Worker_DP1_PP1_TP0_EP8 pid=70381) INFO 09-15 00:42:59 [expert_map_manager.py:245] [EP Rank 8/16] Expert parallelism is enabled. Expert placement strategy: linear. Local/global number of experts: 16/256. Experts local to global index map: 0->128, 1->129, 2->130, 3->131, 4->132, 5->133, 6->134, 7->135, 8->136, 9->137, 10->138, 11->139, 12->140, 13->141, 14->142, 15->143.
(Worker_DP0_PP1_TP0_EP0 pid=70382) INFO 09-15 00:42:59 [expert_map_manager.py:245] [EP Rank 0/16] Expert parallelism is enabled. Expert placement strategy: linear. Local/global number of experts: 16/256. Experts local to global index map: 0->0, 1->1, 2->2, 3->3, 4->4, 5->5, 6->6, 7->7, 8->8, 9->9, 10->10, 11->11, 12->12, 13->13, 14->14, 15->15.
[W915 00:46:32.529467430 FunctionLoader.cpp:48] Warning: LD_PRELOAD detected, FunctionLoader prefers RTLD_DEFAULT for symbol resolution. (function operator())
(Worker_DP0_PP1_TP0_EP0 pid=70382) INFO 09-15 00:46:33 [default_loader.py:430] Loading weights took 203.39 seconds
[W915 00:46:34.427168070 FunctionLoader.cpp:48] Warning: LD_PRELOAD detected, FunctionLoader prefers RTLD_DEFAULT for symbol resolution. (function operator())
(Worker_DP1_PP1_TP0_EP8 pid=70381) INFO 09-15 00:46:34 [default_loader.py:430] Loading weights took 205.06 seconds
[W915 00:46:34.643303650 FunctionLoader.cpp:48] Warning: LD_PRELOAD detected, FunctionLoader prefers RTLD_DEFAULT for symbol resolution. (function operator())
[W915 00:46:35.689389250 FunctionLoader.cpp:48] Warning: LD_PRELOAD detected, FunctionLoader prefers RTLD_DEFAULT for symbol resolution. (function operator())
[W915 00:46:35.048286980 FunctionLoader.cpp:48] Warning: LD_PRELOAD detected, FunctionLoader prefers RTLD_DEFAULT for symbol resolution. (function operator())
[W915 00:46:35.420302510 FunctionLoader.cpp:48] Warning: LD_PRELOAD detected, FunctionLoader prefers RTLD_DEFAULT for symbol resolution. (function operator())
[W915 00:46:36.771919940 FunctionLoader.cpp:48] Warning: LD_PRELOAD detected, FunctionLoader prefers RTLD_DEFAULT for symbol resolution. (function operator())
[W915 00:46:36.174198380 FunctionLoader.cpp:48] Warning: LD_PRELOAD detected, FunctionLoader prefers RTLD_DEFAULT for symbol resolution. (function operator())
[W915 00:46:36.200550890 FunctionLoader.cpp:48] Warning: LD_PRELOAD detected, FunctionLoader prefers RTLD_DEFAULT for symbol resolution. (function operator())
[W915 00:46:36.202873620 FunctionLoader.cpp:48] Warning: LD_PRELOAD detected, FunctionLoader prefers RTLD_DEFAULT for symbol resolution. (function operator())
[W915 00:46:36.460810550 FunctionLoader.cpp:48] Warning: LD_PRELOAD detected, FunctionLoader prefers RTLD_DEFAULT for symbol resolution. (function operator())
[W915 00:46:37.882310340 FunctionLoader.cpp:48] Warning: LD_PRELOAD detected, FunctionLoader prefers RTLD_DEFAULT for symbol resolution. (function operator())
[W915 00:46:37.062918880 FunctionLoader.cpp:48] Warning: LD_PRELOAD detected, FunctionLoader prefers RTLD_DEFAULT for symbol resolution. (function operator())
[W915 00:46:37.152920150 FunctionLoader.cpp:48] Warning: LD_PRELOAD detected, FunctionLoader prefers RTLD_DEFAULT for symbol resolution. (function operator())
[W915 00:46:37.242838050 FunctionLoader.cpp:48] Warning: LD_PRELOAD detected, FunctionLoader prefers RTLD_DEFAULT for symbol resolution. (function operator())
[W915 00:46:37.381556110 FunctionLoader.cpp:48] Warning: LD_PRELOAD detected, FunctionLoader prefers RTLD_DEFAULT for symbol resolution. (function operator())
INFO 09-15 00:46:38 [__init__.py:52] Available plugins for group vllm.platform_plugins:
INFO 09-15 00:46:38 [__init__.py:54] - ascend -> vllm_ascend:register
INFO 09-15 00:46:38 [__init__.py:57] All plugins in this group will be loaded. Set `VLLM_PLUGINS` to control which plugins to load.
INFO 09-15 00:46:38 [__init__.py:272] Platform plugin ascend is activated
INFO 09-15 00:46:38 [platform.py:69] Breakable CUDAGraph on Ascend is opt-in; using VLLM_USE_BREAKABLE_CUDAGRAPH=0.
(Worker_DP0_PP1_TP3_EP3 pid=70759) INFO 09-15 00:46:40 [model_runner.py:422] Model loading took 10.63 GiB memory and 226.927208 seconds
INFO 09-15 00:46:41 [__init__.py:52] Available plugins for group vllm.platform_plugins:
INFO 09-15 00:46:41 [__init__.py:54] - ascend -> vllm_ascend:register
INFO 09-15 00:46:41 [__init__.py:57] All plugins in this group will be loaded. Set `VLLM_PLUGINS` to control which plugins to load.
INFO 09-15 00:46:41 [__init__.py:272] Platform plugin ascend is activated
INFO 09-15 00:46:41 [platform.py:69] Breakable CUDAGraph on Ascend is opt-in; using VLLM_USE_BREAKABLE_CUDAGRAPH=0.
INFO 09-15 00:46:42 [__init__.py:52] Available plugins for group vllm.platform_plugins:
INFO 09-15 00:46:42 [__init__.py:54] - ascend -> vllm_ascend:register
INFO 09-15 00:46:42 [__init__.py:57] All plugins in this group will be loaded. Set `VLLM_PLUGINS` to control which plugins to load.
INFO 09-15 00:46:42 [__init__.py:52] Available plugins for group vllm.platform_plugins:
INFO 09-15 00:46:42 [__init__.py:54] - ascend -> vllm_ascend:register
INFO 09-15 00:46:42 [__init__.py:57] All plugins in this group will be loaded. Set `VLLM_PLUGINS` to control which plugins to load.
INFO 09-15 00:46:42 [__init__.py:272] Platform plugin ascend is activated
INFO 09-15 00:46:42 [__init__.py:52] Available plugins for group vllm.platform_plugins:
INFO 09-15 00:46:42 [__init__.py:54] - ascend -> vllm_ascend:register
INFO 09-15 00:46:42 [__init__.py:57] All plugins in this group will be loaded. Set `VLLM_PLUGINS` to control which plugins to load.
INFO 09-15 00:46:42 [__init__.py:272] Platform plugin ascend is activated
INFO 09-15 00:46:42 [__init__.py:272] Platform plugin ascend is activated
INFO 09-15 00:46:43 [platform.py:69] Breakable CUDAGraph on Ascend is opt-in; using VLLM_USE_BREAKABLE_CUDAGRAPH=0.
INFO 09-15 00:46:43 [platform.py:69] Breakable CUDAGraph on Ascend is opt-in; using VLLM_USE_BREAKABLE_CUDAGRAPH=0.
INFO 09-15 00:46:43 [platform.py:69] Breakable CUDAGraph on Ascend is opt-in; using VLLM_USE_BREAKABLE_CUDAGRAPH=0.
INFO 09-15 00:46:43 [__init__.py:52] Available plugins for group vllm.platform_plugins:
INFO 09-15 00:46:43 [__init__.py:54] - ascend -> vllm_ascend:register
INFO 09-15 00:46:43 [__init__.py:57] All plugins in this group will be loaded. Set `VLLM_PLUGINS` to control which plugins to load.
INFO 09-15 00:46:43 [__init__.py:272] Platform plugin ascend is activated
INFO 09-15 00:46:43 [platform.py:69] Breakable CUDAGraph on Ascend is opt-in; using VLLM_USE_BREAKABLE_CUDAGRAPH=0.
(Worker_DP0_PP1_TP1_EP1 pid=70477) INFO 09-15 00:46:43 [model_runner.py:422] Model loading took 10.63 GiB memory and 229.850299 seconds
INFO 09-15 00:46:44 [__init__.py:52] Available plugins for group vllm.platform_plugins:
INFO 09-15 00:46:44 [__init__.py:54] - ascend -> vllm_ascend:register
INFO 09-15 00:46:44 [__init__.py:57] All plugins in this group will be loaded. Set `VLLM_PLUGINS` to control which plugins to load.
INFO 09-15 00:46:44 [__init__.py:272] Platform plugin ascend is activated
INFO 09-15 00:46:44 [platform.py:69] Breakable CUDAGraph on Ascend is opt-in; using VLLM_USE_BREAKABLE_CUDAGRAPH=0.
INFO 09-15 00:46:45 [__init__.py:52] Available plugins for group vllm.platform_plugins:
INFO 09-15 00:46:45 [__init__.py:54] - ascend -> vllm_ascend:register
INFO 09-15 00:46:45 [__init__.py:57] All plugins in this group will be loaded. Set `VLLM_PLUGINS` to control which plugins to load.
INFO 09-15 00:46:45 [__init__.py:272] Platform plugin ascend is activated
INFO 09-15 00:46:45 [platform.py:69] Breakable CUDAGraph on Ascend is opt-in; using VLLM_USE_BREAKABLE_CUDAGRAPH=0.
(Worker_DP0_PP1_TP2_EP2 pid=70618) INFO 09-15 00:46:46 [model_runner.py:422] Model loading took 10.63 GiB memory and 232.500366 seconds
(Worker_DP1_PP1_TP6_EP14 pid=71208) INFO 09-15 00:46:46 [model_runner.py:422] Model loading took 10.63 GiB memory and 232.958605 seconds
(Worker_DP1_PP1_TP7_EP15 pid=71360) INFO 09-15 00:46:47 [model_runner.py:422] Model loading took 10.63 GiB memory and 233.076005 seconds
INFO 09-15 00:46:47 [__init__.py:52] Available plugins for group vllm.platform_plugins:
INFO 09-15 00:46:47 [__init__.py:54] - ascend -> vllm_ascend:register
INFO 09-15 00:46:47 [__init__.py:57] All plugins in this group will be loaded. Set `VLLM_PLUGINS` to control which plugins to load.
INFO 09-15 00:46:47 [__init__.py:272] Platform plugin ascend is activated
INFO 09-15 00:46:47 [__init__.py:52] Available plugins for group vllm.platform_plugins:
INFO 09-15 00:46:47 [__init__.py:54] - ascend -> vllm_ascend:register
INFO 09-15 00:46:47 [__init__.py:57] All plugins in this group will be loaded. Set `VLLM_PLUGINS` to control which plugins to load.
INFO 09-15 00:46:47 [__init__.py:272] Platform plugin ascend is activated
INFO 09-15 00:46:47 [platform.py:69] Breakable CUDAGraph on Ascend is opt-in; using VLLM_USE_BREAKABLE_CUDAGRAPH=0.
INFO 09-15 00:46:48 [platform.py:69] Breakable CUDAGraph on Ascend is opt-in; using VLLM_USE_BREAKABLE_CUDAGRAPH=0.
(Worker_DP0_PP1_TP0_EP0 pid=70382) INFO 09-15 00:46:48 [model_runner.py:422] Model loading took 10.63 GiB memory and 234.873019 seconds
(Worker_DP0_PP1_TP4_EP4 pid=70912) INFO 09-15 00:46:48 [model_runner.py:422] Model loading took 10.63 GiB memory and 234.866020 seconds
INFO 09-15 00:46:48 [__init__.py:52] Available plugins for group vllm.platform_plugins:
INFO 09-15 00:46:48 [__init__.py:54] - ascend -> vllm_ascend:register
INFO 09-15 00:46:48 [__init__.py:57] All plugins in this group will be loaded. Set `VLLM_PLUGINS` to control which plugins to load.
INFO 09-15 00:46:49 [__init__.py:52] Available plugins for group vllm.platform_plugins:
INFO 09-15 00:46:49 [__init__.py:54] - ascend -> vllm_ascend:register
INFO 09-15 00:46:49 [__init__.py:57] All plugins in this group will be loaded. Set `VLLM_PLUGINS` to control which plugins to load.
INFO 09-15 00:46:49 [__init__.py:272] Platform plugin ascend is activated
INFO 09-15 00:46:49 [__init__.py:52] Available plugins for group vllm.platform_plugins:
INFO 09-15 00:46:49 [__init__.py:54] - ascend -> vllm_ascend:register
INFO 09-15 00:46:49 [__init__.py:57] All plugins in this group will be loaded. Set `VLLM_PLUGINS` to control which plugins to load.
INFO 09-15 00:46:49 [__init__.py:272] Platform plugin ascend is activated
INFO 09-15 00:46:49 [__init__.py:272] Platform plugin ascend is activated
INFO 09-15 00:46:49 [platform.py:69] Breakable CUDAGraph on Ascend is opt-in; using VLLM_USE_BREAKABLE_CUDAGRAPH=0.
INFO 09-15 00:46:49 [platform.py:69] Breakable CUDAGraph on Ascend is opt-in; using VLLM_USE_BREAKABLE_CUDAGRAPH=0.
INFO 09-15 00:46:49 [platform.py:69] Breakable CUDAGraph on Ascend is opt-in; using VLLM_USE_BREAKABLE_CUDAGRAPH=0.
INFO 09-15 00:46:49 [__init__.py:52] Available plugins for group vllm.platform_plugins:
INFO 09-15 00:46:49 [__init__.py:54] - ascend -> vllm_ascend:register
INFO 09-15 00:46:49 [__init__.py:57] All plugins in this group will be loaded. Set `VLLM_PLUGINS` to control which plugins to load.
INFO 09-15 00:46:49 [__init__.py:272] Platform plugin ascend is activated
(Worker_DP0_PP1_TP5_EP5 pid=71054) INFO 09-15 00:46:50 [model_runner.py:422] Model loading took 10.63 GiB memory and 236.069907 seconds
INFO 09-15 00:46:50 [platform.py:69] Breakable CUDAGraph on Ascend is opt-in; using VLLM_USE_BREAKABLE_CUDAGRAPH=0.
INFO 09-15 00:46:51 [__init__.py:52] Available plugins for group vllm.platform_plugins:
INFO 09-15 00:46:51 [__init__.py:54] - ascend -> vllm_ascend:register
INFO 09-15 00:46:51 [__init__.py:57] All plugins in this group will be loaded. Set `VLLM_PLUGINS` to control which plugins to load.
INFO 09-15 00:46:51 [__init__.py:272] Platform plugin ascend is activated
INFO 09-15 00:46:51 [platform.py:69] Breakable CUDAGraph on Ascend is opt-in; using VLLM_USE_BREAKABLE_CUDAGRAPH=0.
INFO 09-15 00:46:52 [__init__.py:52] Available plugins for group vllm.platform_plugins:
INFO 09-15 00:46:52 [__init__.py:54] - ascend -> vllm_ascend:register
INFO 09-15 00:46:52 [__init__.py:57] All plugins in this group will be loaded. Set `VLLM_PLUGINS` to control which plugins to load.
INFO 09-15 00:46:52 [__init__.py:272] Platform plugin ascend is activated
INFO 09-15 00:46:52 [platform.py:69] Breakable CUDAGraph on Ascend is opt-in; using VLLM_USE_BREAKABLE_CUDAGRAPH=0.
(Worker_DP1_PP1_TP5_EP13 pid=71042) INFO 09-15 00:46:54 [model_runner.py:422] Model loading took 10.63 GiB memory and 240.423050 seconds
(Worker_DP0_PP1_TP6_EP6 pid=71220) INFO 09-15 00:46:54 [model_runner.py:422] Model loading took 10.63 GiB memory and 240.919407 seconds
(Worker_DP1_PP1_TP4_EP12 pid=70901) INFO 09-15 00:46:54 [model_runner.py:422] Model loading took 10.63 GiB memory and 241.076269 seconds
(Worker_DP1_PP1_TP1_EP9 pid=70475) INFO 09-15 00:46:55 [model_runner.py:422] Model loading took 10.63 GiB memory and 241.576437 seconds
(Worker_DP1_PP1_TP3_EP11 pid=70761) INFO 09-15 00:46:55 [model_runner.py:422] Model loading took 10.63 GiB memory and 241.618284 seconds
(Worker_DP1_PP1_TP2_EP10 pid=70617) INFO 09-15 00:46:55 [model_runner.py:422] Model loading took 10.63 GiB memory and 241.711639 seconds
(Worker_DP0_PP1_TP7_EP7 pid=71361) INFO 09-15 00:46:57 [model_runner.py:422] Model loading took 10.63 GiB memory and 243.178094 seconds
(Worker_DP1_PP1_TP0_EP8 pid=70381) INFO 09-15 00:46:57 [model_runner.py:422] Model loading took 10.63 GiB memory and 243.743119 seconds
WARNING 09-15 00:47:01 [torch_utils.py:268] OMP_NUM_THREADS=10 is set; leaving Torch threads at 10 for serving. Multi-threaded torch CPU ops during serving can degrade performance through spin-wait contention and cgroup CPU-quota throttling.
WARNING 09-15 00:47:01 [torch_utils.py:268] OMP_NUM_THREADS=10 is set; leaving Torch threads at 10 for serving. Multi-threaded torch CPU ops during serving can degrade performance through spin-wait contention and cgroup CPU-quota throttling.
(Worker_DP0_PP1_TP5_EP5 pid=71054) ERROR 09-15 00:47:02 [multiproc_executor.py:1055] WorkerProc hit an exception.
(Worker_DP0_PP1_TP5_EP5 pid=71054) ERROR 09-15 00:47:02 [multiproc_executor.py:1055] Traceback (most recent call last):
(Worker_DP0_PP1_TP5_EP5 pid=71054) ERROR 09-15 00:47:02 [multiproc_executor.py:1055]   File "/home/w00985415/proj_0825/deps/vllm/vllm/v1/executor/multiproc_executor.py", line 1047, in _execute_worker_rpc
(Worker_DP0_PP1_TP5_EP5 pid=71054) ERROR 09-15 00:47:02 [multiproc_executor.py:1055]     output = func(*args, **kwargs)
(Worker_DP0_PP1_TP5_EP5 pid=71054) ERROR 09-15 00:47:02 [multiproc_executor.py:1055]              ^^^^^^^^^^^^^^^^^^^^^
(Worker_DP0_PP1_TP5_EP5 pid=71054) ERROR 09-15 00:47:02 [multiproc_executor.py:1055]   File "/usr/local/python3.11.10/lib/python3.11/site-packages/torch/utils/_contextlib.py", line 124, in decorate_context
(Worker_DP0_PP1_TP5_EP5 pid=71054) ERROR 09-15 00:47:02 [multiproc_executor.py:1055]     return func(*args, **kwargs)
(Worker_DP0_PP1_TP5_EP5 pid=71054) ERROR 09-15 00:47:02 [multiproc_executor.py:1055]            ^^^^^^^^^^^^^^^^^^^^^
(Worker_DP0_PP1_TP5_EP5 pid=71054) ERROR 09-15 00:47:02 [multiproc_executor.py:1055]   File "/home/w00985415/proj_0825/deps/vllm-ascend/vllm_ascend/worker/worker.py", line 600, in determine_available_memory
(Worker_DP0_PP1_TP5_EP5 pid=71054) ERROR 09-15 00:47:02 [multiproc_executor.py:1055]     self.model_runner.profile_run()
(Worker_DP0_PP1_TP5_EP5 pid=71054) ERROR 09-15 00:47:02 [multiproc_executor.py:1055]   File "/usr/local/python3.11.10/lib/python3.11/site-packages/torch/utils/_contextlib.py", line 124, in decorate_context
(Worker_DP0_PP1_TP5_EP5 pid=71054) ERROR 09-15 00:47:02 [multiproc_executor.py:1055]     return func(*args, **kwargs)
(Worker_DP0_PP1_TP5_EP5 pid=71054) ERROR 09-15 00:47:02 [multiproc_executor.py:1055]            ^^^^^^^^^^^^^^^^^^^^^
(Worker_DP0_PP1_TP5_EP5 pid=71054) ERROR 09-15 00:47:02 [multiproc_executor.py:1055]   File "/home/w00985415/proj_0825/deps/vllm-ascend/vllm_ascend/worker/v2/model_runner.py", line 315, in profile_run
(Worker_DP0_PP1_TP5_EP5 pid=71054) ERROR 09-15 00:47:02 [multiproc_executor.py:1055]     self._dummy_run(mc2_tokens_capacity, skip_attn=True, skip_eplb=True, is_profile=True)
(Worker_DP0_PP1_TP5_EP5 pid=71054) ERROR 09-15 00:47:02 [multiproc_executor.py:1055]   File "/home/w00985415/proj_0825/deps/vllm-ascend/vllm_ascend/worker/v2/model_runner.py", line 647, in _dummy_run
(Worker_DP0_PP1_TP5_EP5 pid=71054) ERROR 09-15 00:47:02 [multiproc_executor.py:1055]     hidden_states, sample_hidden_states = super()._dummy_run(
(Worker_DP0_PP1_TP5_EP5 pid=71054) ERROR 09-15 00:47:02 [multiproc_executor.py:1055]                                           ^^^^^^^^^^^^^^^^^^^
(Worker_DP0_PP1_TP5_EP5 pid=71054) ERROR 09-15 00:47:02 [multiproc_executor.py:1055]   File "/usr/local/python3.11.10/lib/python3.11/site-packages/torch/utils/_contextlib.py", line 124, in decorate_context
(Worker_DP0_PP1_TP5_EP5 pid=71054) ERROR 09-15 00:47:02 [multiproc_executor.py:1055]     return func(*args, **kwargs)
(Worker_DP0_PP1_TP5_EP5 pid=71054) ERROR 09-15 00:47:02 [multiproc_executor.py:1055]            ^^^^^^^^^^^^^^^^^^^^^
(Worker_DP0_PP1_TP5_EP5 pid=71054) ERROR 09-15 00:47:02 [multiproc_executor.py:1055]   File "/home/w00985415/proj_0825/deps/vllm/vllm/v1/worker/gpu/eplb_utils.py", line 27, in wrapper
(Worker_DP0_PP1_TP5_EP5 pid=71054) ERROR 09-15 00:47:02 [multiproc_executor.py:1055]     result = fn(self, *args, **kwargs)
(Worker_DP0_PP1_TP5_EP5 pid=71054) ERROR 09-15 00:47:02 [multiproc_executor.py:1055]              ^^^^^^^^^^^^^^^^^^^^^^^^^
(Worker_DP0_PP1_TP5_EP5 pid=71054) ERROR 09-15 00:47:02 [multiproc_executor.py:1055]   File "/home/w00985415/proj_0825/deps/vllm/vllm/v1/worker/gpu/model_runner.py", line 786, in _dummy_run
(Worker_DP0_PP1_TP5_EP5 pid=71054) ERROR 09-15 00:47:02 [multiproc_executor.py:1055]     self.execute_model(
(Worker_DP0_PP1_TP5_EP5 pid=71054) ERROR 09-15 00:47:02 [multiproc_executor.py:1055]   File "/usr/local/python3.11.10/lib/python3.11/site-packages/torch/utils/_contextlib.py", line 124, in decorate_context
(Worker_DP0_PP1_TP5_EP5 pid=71054) ERROR 09-15 00:47:02 [multiproc_executor.py:1055]     return func(*args, **kwargs)
(Worker_DP0_PP1_TP5_EP5 pid=71054) ERROR 09-15 00:47:02 [multiproc_executor.py:1055]            ^^^^^^^^^^^^^^^^^^^^^
(Worker_DP0_PP1_TP5_EP5 pid=71054) ERROR 09-15 00:47:02 [multiproc_executor.py:1055]   File "/home/w00985415/proj_0825/deps/vllm-ascend/vllm_ascend/worker/v2/model_runner.py", line 280, in execute_model
(Worker_DP0_PP1_TP5_EP5 pid=71054) ERROR 09-15 00:47:02 [multiproc_executor.py:1055]     output = super().execute_model(
(Worker_DP0_PP1_TP5_EP5 pid=71054) ERROR 09-15 00:47:02 [multiproc_executor.py:1055]              ^^^^^^^^^^^^^^^^^^^^^^
(Worker_DP0_PP1_TP5_EP5 pid=71054) ERROR 09-15 00:47:02 [multiproc_executor.py:1055]   File "/usr/local/python3.11.10/lib/python3.11/site-packages/torch/utils/_contextlib.py", line 124, in decorate_context
(Worker_DP0_PP1_TP5_EP5 pid=71054) ERROR 09-15 00:47:02 [multiproc_executor.py:1055]     return func(*args, **kwargs)
(Worker_DP0_PP1_TP5_EP5 pid=71054) ERROR 09-15 00:47:02 [multiproc_executor.py:1055]            ^^^^^^^^^^^^^^^^^^^^^
(Worker_DP0_PP1_TP5_EP5 pid=71054) ERROR 09-15 00:47:02 [multiproc_executor.py:1055]   File "/home/w00985415/proj_0825/deps/vllm/vllm/v1/worker/gpu/model_runner.py", line 1849, in execute_model
(Worker_DP0_PP1_TP5_EP5 pid=71054) ERROR 09-15 00:47:02 [multiproc_executor.py:1055]     model_output = self.model(**model_inputs)
(Worker_DP0_PP1_TP5_EP5 pid=71054) ERROR 09-15 00:47:02 [multiproc_executor.py:1055]                    ^^^^^^^^^^^^^^^^^^^^^^^^^^
(Worker_DP0_PP1_TP5_EP5 pid=71054) ERROR 09-15 00:47:02 [multiproc_executor.py:1055]   File "/usr/local/python3.11.10/lib/python3.11/site-packages/torch/nn/modules/module.py", line 1776, in _wrapped_call_impl
(Worker_DP0_PP1_TP5_EP5 pid=71054) ERROR 09-15 00:47:02 [multiproc_executor.py:1055]     return self._call_impl(*args, **kwargs)
(Worker_DP0_PP1_TP5_EP5 pid=71054) ERROR 09-15 00:47:02 [multiproc_executor.py:1055]            ^^^^^^^^^^^^^^^^^^^^^^^^^^^^^^^^
(Worker_DP0_PP1_TP5_EP5 pid=71054) ERROR 09-15 00:47:02 [multiproc_executor.py:1055]   File "/usr/local/python3.11.10/lib/python3.11/site-packages/torch/nn/modules/module.py", line 1787, in _call_impl
(Worker_DP0_PP1_TP5_EP5 pid=71054) ERROR 09-15 00:47:02 [multiproc_executor.py:1055]     return forward_call(*args, **kwargs)
(Worker_DP0_PP1_TP5_EP5 pid=71054) ERROR 09-15 00:47:02 [multiproc_executor.py:1055]            ^^^^^^^^^^^^^^^^^^^^^^^^^^^^^
(Worker_DP0_PP1_TP5_EP5 pid=71054) ERROR 09-15 00:47:02 [multiproc_executor.py:1055]   File "/home/w00985415/proj_0825/deps/vllm-ascend/vllm_ascend/models/deepseek_v4/model.py", line 1098, in forward
(Worker_DP0_PP1_TP5_EP5 pid=71054) ERROR 09-15 00:47:02 [multiproc_executor.py:1055]     hidden_states = self.model(input_ids, positions, intermediate_tensors, inputs_embeds)
(Worker_DP0_PP1_TP5_EP5 pid=71054) ERROR 09-15 00:47:02 [multiproc_executor.py:1055]                     ^^^^^^^^^^^^^^^^^^^^^^^^^^^^^^^^^^^^^^^^^^^^^^^^^^^^^^^^^^^^^^^^^^^^^
(Worker_DP0_PP1_TP5_EP5 pid=71054) ERROR 09-15 00:47:02 [multiproc_executor.py:1055]   File "/home/w00985415/proj_0825/deps/vllm/vllm/compilation/decorators.py", line 509, in __call__
(Worker_DP0_PP1_TP5_EP5 pid=71054) ERROR 09-15 00:47:02 [multiproc_executor.py:1055]     return self.forward(*args, **kwargs)
(Worker_DP0_PP1_TP5_EP5 pid=71054) ERROR 09-15 00:47:02 [multiproc_executor.py:1055]            ^^^^^^^^^^^^^^^^^^^^^^^^^^^^^
(Worker_DP0_PP1_TP5_EP5 pid=71054) ERROR 09-15 00:47:02 [multiproc_executor.py:1055]   File "/home/w00985415/proj_0825/deps/vllm-ascend/vllm_ascend/models/deepseek_v4/model.py", line 940, in forward
(Worker_DP0_PP1_TP5_EP5 pid=71054) ERROR 09-15 00:47:02 [multiproc_executor.py:1055]     input_ids = sp_shard(input_ids)  # TODO: support PP with dsacp.
(Worker_DP0_PP1_TP5_EP5 pid=71054) ERROR 09-15 00:47:02 [multiproc_executor.py:1055]                 ^^^^^^^^^^^^^^^^^^^
(Worker_DP0_PP1_TP5_EP5 pid=71054) ERROR 09-15 00:47:02 [multiproc_executor.py:1055]   File "/home/w00985415/proj_0825/deps/vllm-ascend/vllm_ascend/models/common/ops/sequence_parallel.py", line 44, in sp_shard
(Worker_DP0_PP1_TP5_EP5 pid=71054) ERROR 09-15 00:47:02 [multiproc_executor.py:1055]     sp_pad = (-x.shape[0]) % tp_size
(Worker_DP0_PP1_TP5_EP5 pid=71054) ERROR 09-15 00:47:02 [multiproc_executor.py:1055]                ^^^^^^^
(Worker_DP0_PP1_TP5_EP5 pid=71054) ERROR 09-15 00:47:02 [multiproc_executor.py:1055] AttributeError: 'NoneType' object has no attribute 'shape'
(Worker_DP0_PP1_TP5_EP5 pid=71054) ERROR 09-15 00:47:02 [multiproc_executor.py:1055] Traceback (most recent call last):
(Worker_DP0_PP1_TP5_EP5 pid=71054) ERROR 09-15 00:47:02 [multiproc_executor.py:1055]   File "/home/w00985415/proj_0825/deps/vllm/vllm/v1/executor/multiproc_executor.py", line 1047, in _execute_worker_rpc
(Worker_DP0_PP1_TP5_EP5 pid=71054) ERROR 09-15 00:47:02 [multiproc_executor.py:1055]     output = func(*args, **kwargs)
(Worker_DP0_PP1_TP5_EP5 pid=71054) ERROR 09-15 00:47:02 [multiproc_executor.py:1055]              ^^^^^^^^^^^^^^^^^^^^^
(Worker_DP0_PP1_TP5_EP5 pid=71054) ERROR 09-15 00:47:02 [multiproc_executor.py:1055]   File "/usr/local/python3.11.10/lib/python3.11/site-packages/torch/utils/_contextlib.py", line 124, in decorate_context
(Worker_DP0_PP1_TP5_EP5 pid=71054) ERROR 09-15 00:47:02 [multiproc_executor.py:1055]     return func(*args, **kwargs)
(Worker_DP0_PP1_TP5_EP5 pid=71054) ERROR 09-15 00:47:02 [multiproc_executor.py:1055]            ^^^^^^^^^^^^^^^^^^^^^
(Worker_DP0_PP1_TP5_EP5 pid=71054) ERROR 09-15 00:47:02 [multiproc_executor.py:1055]   File "/home/w00985415/proj_0825/deps/vllm-ascend/vllm_ascend/worker/worker.py", line 600, in determine_available_memory
(Worker_DP0_PP1_TP5_EP5 pid=71054) ERROR 09-15 00:47:02 [multiproc_executor.py:1055]     self.model_runner.profile_run()
(Worker_DP0_PP1_TP5_EP5 pid=71054) ERROR 09-15 00:47:02 [multiproc_executor.py:1055]   File "/usr/local/python3.11.10/lib/python3.11/site-packages/torch/utils/_contextlib.py", line 124, in decorate_context
(Worker_DP0_PP1_TP5_EP5 pid=71054) ERROR 09-15 00:47:02 [multiproc_executor.py:1055]     return func(*args, **kwargs)
(Worker_DP0_PP1_TP5_EP5 pid=71054) ERROR 09-15 00:47:02 [multiproc_executor.py:1055]            ^^^^^^^^^^^^^^^^^^^^^
(Worker_DP0_PP1_TP5_EP5 pid=71054) ERROR 09-15 00:47:02 [multiproc_executor.py:1055]   File "/home/w00985415/proj_0825/deps/vllm-ascend/vllm_ascend/worker/v2/model_runner.py", line 315, in profile_run
(Worker_DP0_PP1_TP5_EP5 pid=71054) ERROR 09-15 00:47:02 [multiproc_executor.py:1055]     self._dummy_run(mc2_tokens_capacity, skip_attn=True, skip_eplb=True, is_profile=True)
(Worker_DP0_PP1_TP5_EP5 pid=71054) ERROR 09-15 00:47:02 [multiproc_executor.py:1055]   File "/home/w00985415/proj_0825/deps/vllm-ascend/vllm_ascend/worker/v2/model_runner.py", line 647, in _dummy_run
(Worker_DP0_PP1_TP5_EP5 pid=71054) ERROR 09-15 00:47:02 [multiproc_executor.py:1055]     hidden_states, sample_hidden_states = super()._dummy_run(
(Worker_DP0_PP1_TP5_EP5 pid=71054) ERROR 09-15 00:47:02 [multiproc_executor.py:1055]                                           ^^^^^^^^^^^^^^^^^^^
(Worker_DP0_PP1_TP5_EP5 pid=71054) ERROR 09-15 00:47:02 [multiproc_executor.py:1055]   File "/usr/local/python3.11.10/lib/python3.11/site-packages/torch/utils/_contextlib.py", line 124, in decorate_context
(Worker_DP0_PP1_TP5_EP5 pid=71054) ERROR 09-15 00:47:02 [multiproc_executor.py:1055]     return func(*args, **kwargs)
(Worker_DP0_PP1_TP5_EP5 pid=71054) ERROR 09-15 00:47:02 [multiproc_executor.py:1055]            ^^^^^^^^^^^^^^^^^^^^^
(Worker_DP0_PP1_TP5_EP5 pid=71054) ERROR 09-15 00:47:02 [multiproc_executor.py:1055]   File "/home/w00985415/proj_0825/deps/vllm/vllm/v1/worker/gpu/eplb_utils.py", line 27, in wrapper
(Worker_DP0_PP1_TP5_EP5 pid=71054) ERROR 09-15 00:47:02 [multiproc_executor.py:1055]     result = fn(self, *args, **kwargs)
(Worker_DP0_PP1_TP5_EP5 pid=71054) ERROR 09-15 00:47:02 [multiproc_executor.py:1055]              ^^^^^^^^^^^^^^^^^^^^^^^^^
(Worker_DP0_PP1_TP5_EP5 pid=71054) ERROR 09-15 00:47:02 [multiproc_executor.py:1055]   File "/home/w00985415/proj_0825/deps/vllm/vllm/v1/worker/gpu/model_runner.py", line 786, in _dummy_run
(Worker_DP0_PP1_TP5_EP5 pid=71054) ERROR 09-15 00:47:02 [multiproc_executor.py:1055]     self.execute_model(
(Worker_DP0_PP1_TP5_EP5 pid=71054) ERROR 09-15 00:47:02 [multiproc_executor.py:1055]   File "/usr/local/python3.11.10/lib/python3.11/site-packages/torch/utils/_contextlib.py", line 124, in decorate_context
(Worker_DP0_PP1_TP5_EP5 pid=71054) ERROR 09-15 00:47:02 [multiproc_executor.py:1055]     return func(*args, **kwargs)
(Worker_DP0_PP1_TP5_EP5 pid=71054) ERROR 09-15 00:47:02 [multiproc_executor.py:1055]            ^^^^^^^^^^^^^^^^^^^^^
(Worker_DP0_PP1_TP5_EP5 pid=71054) ERROR 09-15 00:47:02 [multiproc_executor.py:1055]   File "/home/w00985415/proj_0825/deps/vllm-ascend/vllm_ascend/worker/v2/model_runner.py", line 280, in execute_model
(Worker_DP0_PP1_TP5_EP5 pid=71054) ERROR 09-15 00:47:02 [multiproc_executor.py:1055]     output = super().execute_model(
(Worker_DP0_PP1_TP5_EP5 pid=71054) ERROR 09-15 00:47:02 [multiproc_executor.py:1055]              ^^^^^^^^^^^^^^^^^^^^^^
(Worker_DP0_PP1_TP5_EP5 pid=71054) ERROR 09-15 00:47:02 [multiproc_executor.py:1055]   File "/usr/local/python3.11.10/lib/python3.11/site-packages/torch/utils/_contextlib.py", line 124, in decorate_context
(Worker_DP0_PP1_TP5_EP5 pid=71054) ERROR 09-15 00:47:02 [multiproc_executor.py:1055]     return func(*args, **kwargs)
(Worker_DP0_PP1_TP5_EP5 pid=71054) ERROR 09-15 00:47:02 [multiproc_executor.py:1055]            ^^^^^^^^^^^^^^^^^^^^^
(Worker_DP0_PP1_TP5_EP5 pid=71054) ERROR 09-15 00:47:02 [multiproc_executor.py:1055]   File "/home/w00985415/proj_0825/deps/vllm/vllm/v1/worker/gpu/model_runner.py", line 1849, in execute_model
(Worker_DP0_PP1_TP5_EP5 pid=71054) ERROR 09-15 00:47:02 [multiproc_executor.py:1055]     model_output = self.model(**model_inputs)
(Worker_DP0_PP1_TP5_EP5 pid=71054) ERROR 09-15 00:47:02 [multiproc_executor.py:1055]                    ^^^^^^^^^^^^^^^^^^^^^^^^^^
(Worker_DP0_PP1_TP5_EP5 pid=71054) ERROR 09-15 00:47:02 [multiproc_executor.py:1055]   File "/usr/local/python3.11.10/lib/python3.11/site-packages/torch/nn/modules/module.py", line 1776, in _wrapped_call_impl
(Worker_DP0_PP1_TP5_EP5 pid=71054) ERROR 09-15 00:47:02 [multiproc_executor.py:1055]     return self._call_impl(*args, **kwargs)
(Worker_DP0_PP1_TP5_EP5 pid=71054) ERROR 09-15 00:47:02 [multiproc_executor.py:1055]            ^^^^^^^^^^^^^^^^^^^^^^^^^^^^^^^^
(Worker_DP0_PP1_TP5_EP5 pid=71054) ERROR 09-15 00:47:02 [multiproc_executor.py:1055]   File "/usr/local/python3.11.10/lib/python3.11/site-packages/torch/nn/modules/module.py", line 1787, in _call_impl
(Worker_DP0_PP1_TP5_EP5 pid=71054) ERROR 09-15 00:47:02 [multiproc_executor.py:1055]     return forward_call(*args, **kwargs)
(Worker_DP0_PP1_TP5_EP5 pid=71054) ERROR 09-15 00:47:02 [multiproc_executor.py:1055]            ^^^^^^^^^^^^^^^^^^^^^^^^^^^^^
(Worker_DP0_PP1_TP5_EP5 pid=71054) ERROR 09-15 00:47:02 [multiproc_executor.py:1055]   File "/home/w00985415/proj_0825/deps/vllm-ascend/vllm_ascend/models/deepseek_v4/model.py", line 1098, in forward
(Worker_DP0_PP1_TP5_EP5 pid=71054) ERROR 09-15 00:47:02 [multiproc_executor.py:1055]     hidden_states = self.model(input_ids, positions, intermediate_tensors, inputs_embeds)
(Worker_DP0_PP1_TP5_EP5 pid=71054) ERROR 09-15 00:47:02 [multiproc_executor.py:1055]                     ^^^^^^^^^^^^^^^^^^^^^^^^^^^^^^^^^^^^^^^^^^^^^^^^^^^^^^^^^^^^^^^^^^^^^
(Worker_DP0_PP1_TP5_EP5 pid=71054) ERROR 09-15 00:47:02 [multiproc_executor.py:1055]   File "/home/w00985415/proj_0825/deps/vllm/vllm/compilation/decorators.py", line 509, in __call__
(Worker_DP0_PP1_TP5_EP5 pid=71054) ERROR 09-15 00:47:02 [multiproc_executor.py:1055]     return self.forward(*args, **kwargs)
(Worker_DP0_PP1_TP5_EP5 pid=71054) ERROR 09-15 00:47:02 [multiproc_executor.py:1055]            ^^^^^^^^^^^^^^^^^^^^^^^^^^^^^
(Worker_DP0_PP1_TP5_EP5 pid=71054) ERROR 09-15 00:47:02 [multiproc_executor.py:1055]   File "/home/w00985415/proj_0825/deps/vllm-ascend/vllm_ascend/models/deepseek_v4/model.py", line 940, in forward
(Worker_DP0_PP1_TP5_EP5 pid=71054) ERROR 09-15 00:47:02 [multiproc_executor.py:1055]     input_ids = sp_shard(input_ids)  # TODO: support PP with dsacp.
(Worker_DP0_PP1_TP5_EP5 pid=71054) ERROR 09-15 00:47:02 [multiproc_executor.py:1055]                 ^^^^^^^^^^^^^^^^^^^
(Worker_DP0_PP1_TP5_EP5 pid=71054) ERROR 09-15 00:47:02 [multiproc_executor.py:1055]   File "/home/w00985415/proj_0825/deps/vllm-ascend/vllm_ascend/models/common/ops/sequence_parallel.py", line 44, in sp_shard
(Worker_DP0_PP1_TP5_EP5 pid=71054) ERROR 09-15 00:47:02 [multiproc_executor.py:1055]     sp_pad = (-x.shape[0]) % tp_size
(Worker_DP0_PP1_TP5_EP5 pid=71054) ERROR 09-15 00:47:02 [multiproc_executor.py:1055]                ^^^^^^^
(Worker_DP0_PP1_TP5_EP5 pid=71054) ERROR 09-15 00:47:02 [multiproc_executor.py:1055] AttributeError: 'NoneType' object has no attribute 'shape'
(Worker_DP0_PP1_TP5_EP5 pid=71054) ERROR 09-15 00:47:02 [multiproc_executor.py:1055] 
(Worker_DP1_PP1_TP5_EP13 pid=71042) ERROR 09-15 00:47:02 [multiproc_executor.py:1055] WorkerProc hit an exception.
(Worker_DP1_PP1_TP5_EP13 pid=71042) ERROR 09-15 00:47:02 [multiproc_executor.py:1055] Traceback (most recent call last):
(Worker_DP1_PP1_TP5_EP13 pid=71042) ERROR 09-15 00:47:02 [multiproc_executor.py:1055]   File "/home/w00985415/proj_0825/deps/vllm/vllm/v1/executor/multiproc_executor.py", line 1047, in _execute_worker_rpc
(Worker_DP1_PP1_TP5_EP13 pid=71042) ERROR 09-15 00:47:02 [multiproc_executor.py:1055]     output = func(*args, **kwargs)
(Worker_DP1_PP1_TP5_EP13 pid=71042) ERROR 09-15 00:47:02 [multiproc_executor.py:1055]              ^^^^^^^^^^^^^^^^^^^^^
(Worker_DP1_PP1_TP5_EP13 pid=71042) ERROR 09-15 00:47:02 [multiproc_executor.py:1055]   File "/usr/local/python3.11.10/lib/python3.11/site-packages/torch/utils/_contextlib.py", line 124, in decorate_context
(Worker_DP1_PP1_TP5_EP13 pid=71042) ERROR 09-15 00:47:02 [multiproc_executor.py:1055]     return func(*args, **kwargs)
(Worker_DP1_PP1_TP5_EP13 pid=71042) ERROR 09-15 00:47:02 [multiproc_executor.py:1055]            ^^^^^^^^^^^^^^^^^^^^^
(Worker_DP1_PP1_TP5_EP13 pid=71042) ERROR 09-15 00:47:02 [multiproc_executor.py:1055]   File "/home/w00985415/proj_0825/deps/vllm-ascend/vllm_ascend/worker/worker.py", line 600, in determine_available_memory
(Worker_DP1_PP1_TP5_EP13 pid=71042) ERROR 09-15 00:47:02 [multiproc_executor.py:1055]     self.model_runner.profile_run()
(Worker_DP1_PP1_TP5_EP13 pid=71042) ERROR 09-15 00:47:02 [multiproc_executor.py:1055]   File "/usr/local/python3.11.10/lib/python3.11/site-packages/torch/utils/_contextlib.py", line 124, in decorate_context
(Worker_DP1_PP1_TP5_EP13 pid=71042) ERROR 09-15 00:47:02 [multiproc_executor.py:1055]     return func(*args, **kwargs)
(Worker_DP1_PP1_TP5_EP13 pid=71042) ERROR 09-15 00:47:02 [multiproc_executor.py:1055]            ^^^^^^^^^^^^^^^^^^^^^
(Worker_DP1_PP1_TP5_EP13 pid=71042) ERROR 09-15 00:47:02 [multiproc_executor.py:1055]   File "/home/w00985415/proj_0825/deps/vllm-ascend/vllm_ascend/worker/v2/model_runner.py", line 315, in profile_run
(Worker_DP1_PP1_TP5_EP13 pid=71042) ERROR 09-15 00:47:02 [multiproc_executor.py:1055]     self._dummy_run(mc2_tokens_capacity, skip_attn=True, skip_eplb=True, is_profile=True)
(Worker_DP1_PP1_TP5_EP13 pid=71042) ERROR 09-15 00:47:02 [multiproc_executor.py:1055]   File "/home/w00985415/proj_0825/deps/vllm-ascend/vllm_ascend/worker/v2/model_runner.py", line 647, in _dummy_run
(Worker_DP1_PP1_TP5_EP13 pid=71042) ERROR 09-15 00:47:02 [multiproc_executor.py:1055]     hidden_states, sample_hidden_states = super()._dummy_run(
(Worker_DP1_PP1_TP5_EP13 pid=71042) ERROR 09-15 00:47:02 [multiproc_executor.py:1055]                                           ^^^^^^^^^^^^^^^^^^^
(Worker_DP1_PP1_TP5_EP13 pid=71042) ERROR 09-15 00:47:02 [multiproc_executor.py:1055]   File "/usr/local/python3.11.10/lib/python3.11/site-packages/torch/utils/_contextlib.py", line 124, in decorate_context
(Worker_DP1_PP1_TP5_EP13 pid=71042) ERROR 09-15 00:47:02 [multiproc_executor.py:1055]     return func(*args, **kwargs)
(Worker_DP1_PP1_TP5_EP13 pid=71042) ERROR 09-15 00:47:02 [multiproc_executor.py:1055]            ^^^^^^^^^^^^^^^^^^^^^
(Worker_DP1_PP1_TP5_EP13 pid=71042) ERROR 09-15 00:47:02 [multiproc_executor.py:1055]   File "/home/w00985415/proj_0825/deps/vllm/vllm/v1/worker/gpu/eplb_utils.py", line 27, in wrapper
(Worker_DP1_PP1_TP5_EP13 pid=71042) ERROR 09-15 00:47:02 [multiproc_executor.py:1055]     result = fn(self, *args, **kwargs)
(Worker_DP1_PP1_TP5_EP13 pid=71042) ERROR 09-15 00:47:02 [multiproc_executor.py:1055]              ^^^^^^^^^^^^^^^^^^^^^^^^^
(Worker_DP1_PP1_TP5_EP13 pid=71042) ERROR 09-15 00:47:02 [multiproc_executor.py:1055]   File "/home/w00985415/proj_0825/deps/vllm/vllm/v1/worker/gpu/model_runner.py", line 786, in _dummy_run
(Worker_DP1_PP1_TP5_EP13 pid=71042) ERROR 09-15 00:47:02 [multiproc_executor.py:1055]     self.execute_model(
(Worker_DP1_PP1_TP5_EP13 pid=71042) ERROR 09-15 00:47:02 [multiproc_executor.py:1055]   File "/usr/local/python3.11.10/lib/python3.11/site-packages/torch/utils/_contextlib.py", line 124, in decorate_context
(Worker_DP1_PP1_TP5_EP13 pid=71042) ERROR 09-15 00:47:02 [multiproc_executor.py:1055]     return func(*args, **kwargs)
(Worker_DP1_PP1_TP5_EP13 pid=71042) ERROR 09-15 00:47:02 [multiproc_executor.py:1055]            ^^^^^^^^^^^^^^^^^^^^^
(Worker_DP1_PP1_TP5_EP13 pid=71042) ERROR 09-15 00:47:02 [multiproc_executor.py:1055]   File "/home/w00985415/proj_0825/deps/vllm-ascend/vllm_ascend/worker/v2/model_runner.py", line 280, in execute_model
(Worker_DP1_PP1_TP5_EP13 pid=71042) ERROR 09-15 00:47:02 [multiproc_executor.py:1055]     output = super().execute_model(
(Worker_DP1_PP1_TP5_EP13 pid=71042) ERROR 09-15 00:47:02 [multiproc_executor.py:1055]              ^^^^^^^^^^^^^^^^^^^^^^
(Worker_DP1_PP1_TP5_EP13 pid=71042) ERROR 09-15 00:47:02 [multiproc_executor.py:1055]   File "/usr/local/python3.11.10/lib/python3.11/site-packages/torch/utils/_contextlib.py", line 124, in decorate_context
(Worker_DP1_PP1_TP5_EP13 pid=71042) ERROR 09-15 00:47:02 [multiproc_executor.py:1055]     return func(*args, **kwargs)
(Worker_DP1_PP1_TP5_EP13 pid=71042) ERROR 09-15 00:47:02 [multiproc_executor.py:1055]            ^^^^^^^^^^^^^^^^^^^^^
(Worker_DP1_PP1_TP5_EP13 pid=71042) ERROR 09-15 00:47:02 [multiproc_executor.py:1055]   File "/home/w00985415/proj_0825/deps/vllm/vllm/v1/worker/gpu/model_runner.py", line 1849, in execute_model
(Worker_DP1_PP1_TP5_EP13 pid=71042) ERROR 09-15 00:47:02 [multiproc_executor.py:1055]     model_output = self.model(**model_inputs)
(Worker_DP1_PP1_TP5_EP13 pid=71042) ERROR 09-15 00:47:02 [multiproc_executor.py:1055]                    ^^^^^^^^^^^^^^^^^^^^^^^^^^
(Worker_DP1_PP1_TP5_EP13 pid=71042) ERROR 09-15 00:47:02 [multiproc_executor.py:1055]   File "/usr/local/python3.11.10/lib/python3.11/site-packages/torch/nn/modules/module.py", line 1776, in _wrapped_call_impl
(Worker_DP1_PP1_TP5_EP13 pid=71042) ERROR 09-15 00:47:02 [multiproc_executor.py:1055]     return self._call_impl(*args, **kwargs)
(Worker_DP1_PP1_TP5_EP13 pid=71042) ERROR 09-15 00:47:02 [multiproc_executor.py:1055]            ^^^^^^^^^^^^^^^^^^^^^^^^^^^^^^^^
(Worker_DP1_PP1_TP5_EP13 pid=71042) ERROR 09-15 00:47:02 [multiproc_executor.py:1055]   File "/usr/local/python3.11.10/lib/python3.11/site-packages/torch/nn/modules/module.py", line 1787, in _call_impl
(Worker_DP1_PP1_TP5_EP13 pid=71042) ERROR 09-15 00:47:02 [multiproc_executor.py:1055]     return forward_call(*args, **kwargs)
(Worker_DP1_PP1_TP5_EP13 pid=71042) ERROR 09-15 00:47:02 [multiproc_executor.py:1055]            ^^^^^^^^^^^^^^^^^^^^^^^^^^^^^
(Worker_DP1_PP1_TP5_EP13 pid=71042) ERROR 09-15 00:47:02 [multiproc_executor.py:1055]   File "/home/w00985415/proj_0825/deps/vllm-ascend/vllm_ascend/models/deepseek_v4/model.py", line 1098, in forward
(Worker_DP1_PP1_TP5_EP13 pid=71042) ERROR 09-15 00:47:02 [multiproc_executor.py:1055]     hidden_states = self.model(input_ids, positions, intermediate_tensors, inputs_embeds)
(Worker_DP1_PP1_TP5_EP13 pid=71042) ERROR 09-15 00:47:02 [multiproc_executor.py:1055]                     ^^^^^^^^^^^^^^^^^^^^^^^^^^^^^^^^^^^^^^^^^^^^^^^^^^^^^^^^^^^^^^^^^^^^^
(Worker_DP1_PP1_TP5_EP13 pid=71042) ERROR 09-15 00:47:02 [multiproc_executor.py:1055]   File "/home/w00985415/proj_0825/deps/vllm/vllm/compilation/decorators.py", line 509, in __call__
(Worker_DP1_PP1_TP5_EP13 pid=71042) ERROR 09-15 00:47:02 [multiproc_executor.py:1055]     return self.forward(*args, **kwargs)
(Worker_DP1_PP1_TP5_EP13 pid=71042) ERROR 09-15 00:47:02 [multiproc_executor.py:1055]            ^^^^^^^^^^^^^^^^^^^^^^^^^^^^^
(Worker_DP1_PP1_TP5_EP13 pid=71042) ERROR 09-15 00:47:02 [multiproc_executor.py:1055]   File "/home/w00985415/proj_0825/deps/vllm-ascend/vllm_ascend/models/deepseek_v4/model.py", line 940, in forward
(Worker_DP1_PP1_TP5_EP13 pid=71042) ERROR 09-15 00:47:02 [multiproc_executor.py:1055]     input_ids = sp_shard(input_ids)  # TODO: support PP with dsacp.
(Worker_DP1_PP1_TP5_EP13 pid=71042) ERROR 09-15 00:47:02 [multiproc_executor.py:1055]                 ^^^^^^^^^^^^^^^^^^^
(Worker_DP1_PP1_TP5_EP13 pid=71042) ERROR 09-15 00:47:02 [multiproc_executor.py:1055]   File "/home/w00985415/proj_0825/deps/vllm-ascend/vllm_ascend/models/common/ops/sequence_parallel.py", line 44, in sp_shard
(Worker_DP1_PP1_TP5_EP13 pid=71042) ERROR 09-15 00:47:02 [multiproc_executor.py:1055]     sp_pad = (-x.shape[0]) % tp_size
(Worker_DP1_PP1_TP5_EP13 pid=71042) ERROR 09-15 00:47:02 [multiproc_executor.py:1055]                ^^^^^^^
(Worker_DP1_PP1_TP5_EP13 pid=71042) ERROR 09-15 00:47:02 [multiproc_executor.py:1055] AttributeError: 'NoneType' object has no attribute 'shape'
(Worker_DP1_PP1_TP5_EP13 pid=71042) ERROR 09-15 00:47:02 [multiproc_executor.py:1055] Traceback (most recent call last):
(Worker_DP1_PP1_TP5_EP13 pid=71042) ERROR 09-15 00:47:02 [multiproc_executor.py:1055]   File "/home/w00985415/proj_0825/deps/vllm/vllm/v1/executor/multiproc_executor.py", line 1047, in _execute_worker_rpc
(Worker_DP1_PP1_TP5_EP13 pid=71042) ERROR 09-15 00:47:02 [multiproc_executor.py:1055]     output = func(*args, **kwargs)
(Worker_DP1_PP1_TP5_EP13 pid=71042) ERROR 09-15 00:47:02 [multiproc_executor.py:1055]              ^^^^^^^^^^^^^^^^^^^^^
(Worker_DP1_PP1_TP5_EP13 pid=71042) ERROR 09-15 00:47:02 [multiproc_executor.py:1055]   File "/usr/local/python3.11.10/lib/python3.11/site-packages/torch/utils/_contextlib.py", line 124, in decorate_context
(Worker_DP1_PP1_TP5_EP13 pid=71042) ERROR 09-15 00:47:02 [multiproc_executor.py:1055]     return func(*args, **kwargs)
(Worker_DP1_PP1_TP5_EP13 pid=71042) ERROR 09-15 00:47:02 [multiproc_executor.py:1055]            ^^^^^^^^^^^^^^^^^^^^^
(Worker_DP1_PP1_TP5_EP13 pid=71042) ERROR 09-15 00:47:02 [multiproc_executor.py:1055]   File "/home/w00985415/proj_0825/deps/vllm-ascend/vllm_ascend/worker/worker.py", line 600, in determine_available_memory
(Worker_DP1_PP1_TP5_EP13 pid=71042) ERROR 09-15 00:47:02 [multiproc_executor.py:1055]     self.model_runner.profile_run()
(Worker_DP1_PP1_TP5_EP13 pid=71042) ERROR 09-15 00:47:02 [multiproc_executor.py:1055]   File "/usr/local/python3.11.10/lib/python3.11/site-packages/torch/utils/_contextlib.py", line 124, in decorate_context
(Worker_DP1_PP1_TP5_EP13 pid=71042) ERROR 09-15 00:47:02 [multiproc_executor.py:1055]     return func(*args, **kwargs)
(Worker_DP1_PP1_TP5_EP13 pid=71042) ERROR 09-15 00:47:02 [multiproc_executor.py:1055]            ^^^^^^^^^^^^^^^^^^^^^
(Worker_DP1_PP1_TP5_EP13 pid=71042) ERROR 09-15 00:47:02 [multiproc_executor.py:1055]   File "/home/w00985415/proj_0825/deps/vllm-ascend/vllm_ascend/worker/v2/model_runner.py", line 315, in profile_run
(Worker_DP1_PP1_TP5_EP13 pid=71042) ERROR 09-15 00:47:02 [multiproc_executor.py:1055]     self._dummy_run(mc2_tokens_capacity, skip_attn=True, skip_eplb=True, is_profile=True)
(Worker_DP1_PP1_TP5_EP13 pid=71042) ERROR 09-15 00:47:02 [multiproc_executor.py:1055]   File "/home/w00985415/proj_0825/deps/vllm-ascend/vllm_ascend/worker/v2/model_runner.py", line 647, in _dummy_run
(Worker_DP1_PP1_TP5_EP13 pid=71042) ERROR 09-15 00:47:02 [multiproc_executor.py:1055]     hidden_states, sample_hidden_states = super()._dummy_run(
(Worker_DP1_PP1_TP5_EP13 pid=71042) ERROR 09-15 00:47:02 [multiproc_executor.py:1055]                                           ^^^^^^^^^^^^^^^^^^^
(Worker_DP1_PP1_TP5_EP13 pid=71042) ERROR 09-15 00:47:02 [multiproc_executor.py:1055]   File "/usr/local/python3.11.10/lib/python3.11/site-packages/torch/utils/_contextlib.py", line 124, in decorate_context
(Worker_DP1_PP1_TP5_EP13 pid=71042) ERROR 09-15 00:47:02 [multiproc_executor.py:1055]     return func(*args, **kwargs)
(Worker_DP1_PP1_TP5_EP13 pid=71042) ERROR 09-15 00:47:02 [multiproc_executor.py:1055]            ^^^^^^^^^^^^^^^^^^^^^
(Worker_DP1_PP1_TP5_EP13 pid=71042) ERROR 09-15 00:47:02 [multiproc_executor.py:1055]   File "/home/w00985415/proj_0825/deps/vllm/vllm/v1/worker/gpu/eplb_utils.py", line 27, in wrapper
(Worker_DP1_PP1_TP5_EP13 pid=71042) ERROR 09-15 00:47:02 [multiproc_executor.py:1055]     result = fn(self, *args, **kwargs)
(Worker_DP1_PP1_TP5_EP13 pid=71042) ERROR 09-15 00:47:02 [multiproc_executor.py:1055]              ^^^^^^^^^^^^^^^^^^^^^^^^^
(Worker_DP1_PP1_TP5_EP13 pid=71042) ERROR 09-15 00:47:02 [multiproc_executor.py:1055]   File "/home/w00985415/proj_0825/deps/vllm/vllm/v1/worker/gpu/model_runner.py", line 786, in _dummy_run
(Worker_DP1_PP1_TP5_EP13 pid=71042) ERROR 09-15 00:47:02 [multiproc_executor.py:1055]     self.execute_model(
(Worker_DP1_PP1_TP5_EP13 pid=71042) ERROR 09-15 00:47:02 [multiproc_executor.py:1055]   File "/usr/local/python3.11.10/lib/python3.11/site-packages/torch/utils/_contextlib.py", line 124, in decorate_context
(Worker_DP1_PP1_TP5_EP13 pid=71042) ERROR 09-15 00:47:02 [multiproc_executor.py:1055]     return func(*args, **kwargs)
(Worker_DP1_PP1_TP5_EP13 pid=71042) ERROR 09-15 00:47:02 [multiproc_executor.py:1055]            ^^^^^^^^^^^^^^^^^^^^^
(Worker_DP1_PP1_TP5_EP13 pid=71042) ERROR 09-15 00:47:02 [multiproc_executor.py:1055]   File "/home/w00985415/proj_0825/deps/vllm-ascend/vllm_ascend/worker/v2/model_runner.py", line 280, in execute_model
(Worker_DP1_PP1_TP5_EP13 pid=71042) ERROR 09-15 00:47:02 [multiproc_executor.py:1055]     output = super().execute_model(
(Worker_DP1_PP1_TP5_EP13 pid=71042) ERROR 09-15 00:47:02 [multiproc_executor.py:1055]              ^^^^^^^^^^^^^^^^^^^^^^
(Worker_DP1_PP1_TP5_EP13 pid=71042) ERROR 09-15 00:47:02 [multiproc_executor.py:1055]   File "/usr/local/python3.11.10/lib/python3.11/site-packages/torch/utils/_contextlib.py", line 124, in decorate_context
(Worker_DP1_PP1_TP5_EP13 pid=71042) ERROR 09-15 00:47:02 [multiproc_executor.py:1055]     return func(*args, **kwargs)
(Worker_DP1_PP1_TP5_EP13 pid=71042) ERROR 09-15 00:47:02 [multiproc_executor.py:1055]            ^^^^^^^^^^^^^^^^^^^^^
(Worker_DP1_PP1_TP5_EP13 pid=71042) ERROR 09-15 00:47:02 [multiproc_executor.py:1055]   File "/home/w00985415/proj_0825/deps/vllm/vllm/v1/worker/gpu/model_runner.py", line 1849, in execute_model
(Worker_DP1_PP1_TP5_EP13 pid=71042) ERROR 09-15 00:47:02 [multiproc_executor.py:1055]     model_output = self.model(**model_inputs)
(Worker_DP1_PP1_TP5_EP13 pid=71042) ERROR 09-15 00:47:02 [multiproc_executor.py:1055]                    ^^^^^^^^^^^^^^^^^^^^^^^^^^
(Worker_DP1_PP1_TP5_EP13 pid=71042) ERROR 09-15 00:47:02 [multiproc_executor.py:1055]   File "/usr/local/python3.11.10/lib/python3.11/site-packages/torch/nn/modules/module.py", line 1776, in _wrapped_call_impl
(Worker_DP1_PP1_TP5_EP13 pid=71042) ERROR 09-15 00:47:02 [multiproc_executor.py:1055]     return self._call_impl(*args, **kwargs)
(Worker_DP1_PP1_TP5_EP13 pid=71042) ERROR 09-15 00:47:02 [multiproc_executor.py:1055]            ^^^^^^^^^^^^^^^^^^^^^^^^^^^^^^^^
(Worker_DP1_PP1_TP5_EP13 pid=71042) ERROR 09-15 00:47:02 [multiproc_executor.py:1055]   File "/usr/local/python3.11.10/lib/python3.11/site-packages/torch/nn/modules/module.py", line 1787, in _call_impl
(Worker_DP1_PP1_TP5_EP13 pid=71042) ERROR 09-15 00:47:02 [multiproc_executor.py:1055]     return forward_call(*args, **kwargs)
(Worker_DP1_PP1_TP5_EP13 pid=71042) ERROR 09-15 00:47:02 [multiproc_executor.py:1055]            ^^^^^^^^^^^^^^^^^^^^^^^^^^^^^
(Worker_DP1_PP1_TP5_EP13 pid=71042) ERROR 09-15 00:47:02 [multiproc_executor.py:1055]   File "/home/w00985415/proj_0825/deps/vllm-ascend/vllm_ascend/models/deepseek_v4/model.py", line 1098, in forward
(Worker_DP1_PP1_TP5_EP13 pid=71042) ERROR 09-15 00:47:02 [multiproc_executor.py:1055]     hidden_states = self.model(input_ids, positions, intermediate_tensors, inputs_embeds)
(Worker_DP1_PP1_TP5_EP13 pid=71042) ERROR 09-15 00:47:02 [multiproc_executor.py:1055]                     ^^^^^^^^^^^^^^^^^^^^^^^^^^^^^^^^^^^^^^^^^^^^^^^^^^^^^^^^^^^^^^^^^^^^^
(Worker_DP1_PP1_TP5_EP13 pid=71042) ERROR 09-15 00:47:02 [multiproc_executor.py:1055]   File "/home/w00985415/proj_0825/deps/vllm/vllm/compilation/decorators.py", line 509, in __call__
(Worker_DP1_PP1_TP5_EP13 pid=71042) ERROR 09-15 00:47:02 [multiproc_executor.py:1055]     return self.forward(*args, **kwargs)
(Worker_DP1_PP1_TP5_EP13 pid=71042) ERROR 09-15 00:47:02 [multiproc_executor.py:1055]            ^^^^^^^^^^^^^^^^^^^^^^^^^^^^^
(Worker_DP1_PP1_TP5_EP13 pid=71042) ERROR 09-15 00:47:02 [multiproc_executor.py:1055]   File "/home/w00985415/proj_0825/deps/vllm-ascend/vllm_ascend/models/deepseek_v4/model.py", line 940, in forward
(Worker_DP1_PP1_TP5_EP13 pid=71042) ERROR 09-15 00:47:02 [multiproc_executor.py:1055]     input_ids = sp_shard(input_ids)  # TODO: support PP with dsacp.
(Worker_DP1_PP1_TP5_EP13 pid=71042) ERROR 09-15 00:47:02 [multiproc_executor.py:1055]                 ^^^^^^^^^^^^^^^^^^^
(Worker_DP1_PP1_TP5_EP13 pid=71042) ERROR 09-15 00:47:02 [multiproc_executor.py:1055]   File "/home/w00985415/proj_0825/deps/vllm-ascend/vllm_ascend/models/common/ops/sequence_parallel.py", line 44, in sp_shard
(Worker_DP1_PP1_TP5_EP13 pid=71042) ERROR 09-15 00:47:02 [multiproc_executor.py:1055]     sp_pad = (-x.shape[0]) % tp_size
(Worker_DP1_PP1_TP5_EP13 pid=71042) ERROR 09-15 00:47:02 [multiproc_executor.py:1055]                ^^^^^^^
(Worker_DP1_PP1_TP5_EP13 pid=71042) ERROR 09-15 00:47:02 [multiproc_executor.py:1055] AttributeError: 'NoneType' object has no attribute 'shape'
(Worker_DP1_PP1_TP5_EP13 pid=71042) ERROR 09-15 00:47:02 [multiproc_executor.py:1055] 
(Worker_DP1_PP1_TP1_EP9 pid=70475) ERROR 09-15 00:47:02 [multiproc_executor.py:1055] WorkerProc hit an exception.
(Worker_DP1_PP1_TP1_EP9 pid=70475) ERROR 09-15 00:47:02 [multiproc_executor.py:1055] Traceback (most recent call last):
(Worker_DP1_PP1_TP1_EP9 pid=70475) ERROR 09-15 00:47:02 [multiproc_executor.py:1055]   File "/home/w00985415/proj_0825/deps/vllm/vllm/v1/executor/multiproc_executor.py", line 1047, in _execute_worker_rpc
(Worker_DP1_PP1_TP1_EP9 pid=70475) ERROR 09-15 00:47:02 [multiproc_executor.py:1055]     output = func(*args, **kwargs)
(Worker_DP1_PP1_TP1_EP9 pid=70475) ERROR 09-15 00:47:02 [multiproc_executor.py:1055]              ^^^^^^^^^^^^^^^^^^^^^
(Worker_DP1_PP1_TP1_EP9 pid=70475) ERROR 09-15 00:47:02 [multiproc_executor.py:1055]   File "/usr/local/python3.11.10/lib/python3.11/site-packages/torch/utils/_contextlib.py", line 124, in decorate_context
(Worker_DP1_PP1_TP1_EP9 pid=70475) ERROR 09-15 00:47:02 [multiproc_executor.py:1055]     return func(*args, **kwargs)
(Worker_DP1_PP1_TP1_EP9 pid=70475) ERROR 09-15 00:47:02 [multiproc_executor.py:1055]            ^^^^^^^^^^^^^^^^^^^^^
(Worker_DP1_PP1_TP1_EP9 pid=70475) ERROR 09-15 00:47:02 [multiproc_executor.py:1055]   File "/home/w00985415/proj_0825/deps/vllm-ascend/vllm_ascend/worker/worker.py", line 600, in determine_available_memory
(Worker_DP1_PP1_TP1_EP9 pid=70475) ERROR 09-15 00:47:02 [multiproc_executor.py:1055]     self.model_runner.profile_run()
(Worker_DP1_PP1_TP1_EP9 pid=70475) ERROR 09-15 00:47:02 [multiproc_executor.py:1055]   File "/usr/local/python3.11.10/lib/python3.11/site-packages/torch/utils/_contextlib.py", line 124, in decorate_context
(Worker_DP1_PP1_TP1_EP9 pid=70475) ERROR 09-15 00:47:02 [multiproc_executor.py:1055]     return func(*args, **kwargs)
(Worker_DP1_PP1_TP1_EP9 pid=70475) ERROR 09-15 00:47:02 [multiproc_executor.py:1055]            ^^^^^^^^^^^^^^^^^^^^^
(Worker_DP1_PP1_TP1_EP9 pid=70475) ERROR 09-15 00:47:02 [multiproc_executor.py:1055]   File "/home/w00985415/proj_0825/deps/vllm-ascend/vllm_ascend/worker/v2/model_runner.py", line 315, in profile_run
(Worker_DP1_PP1_TP1_EP9 pid=70475) ERROR 09-15 00:47:02 [multiproc_executor.py:1055]     self._dummy_run(mc2_tokens_capacity, skip_attn=True, skip_eplb=True, is_profile=True)
(Worker_DP1_PP1_TP1_EP9 pid=70475) ERROR 09-15 00:47:02 [multiproc_executor.py:1055]   File "/home/w00985415/proj_0825/deps/vllm-ascend/vllm_ascend/worker/v2/model_runner.py", line 647, in _dummy_run
(Worker_DP1_PP1_TP1_EP9 pid=70475) ERROR 09-15 00:47:02 [multiproc_executor.py:1055]     hidden_states, sample_hidden_states = super()._dummy_run(
(Worker_DP1_PP1_TP1_EP9 pid=70475) ERROR 09-15 00:47:02 [multiproc_executor.py:1055]                                           ^^^^^^^^^^^^^^^^^^^
(Worker_DP1_PP1_TP1_EP9 pid=70475) ERROR 09-15 00:47:02 [multiproc_executor.py:1055]   File "/usr/local/python3.11.10/lib/python3.11/site-packages/torch/utils/_contextlib.py", line 124, in decorate_context
(Worker_DP1_PP1_TP1_EP9 pid=70475) ERROR 09-15 00:47:02 [multiproc_executor.py:1055]     return func(*args, **kwargs)
(Worker_DP1_PP1_TP1_EP9 pid=70475) ERROR 09-15 00:47:02 [multiproc_executor.py:1055]            ^^^^^^^^^^^^^^^^^^^^^
(Worker_DP1_PP1_TP1_EP9 pid=70475) ERROR 09-15 00:47:02 [multiproc_executor.py:1055]   File "/home/w00985415/proj_0825/deps/vllm/vllm/v1/worker/gpu/eplb_utils.py", line 27, in wrapper
(Worker_DP1_PP1_TP1_EP9 pid=70475) ERROR 09-15 00:47:02 [multiproc_executor.py:1055]     result = fn(self, *args, **kwargs)
(Worker_DP1_PP1_TP1_EP9 pid=70475) ERROR 09-15 00:47:02 [multiproc_executor.py:1055]              ^^^^^^^^^^^^^^^^^^^^^^^^^
(Worker_DP1_PP1_TP1_EP9 pid=70475) ERROR 09-15 00:47:02 [multiproc_executor.py:1055]   File "/home/w00985415/proj_0825/deps/vllm/vllm/v1/worker/gpu/model_runner.py", line 786, in _dummy_run
(Worker_DP1_PP1_TP1_EP9 pid=70475) ERROR 09-15 00:47:02 [multiproc_executor.py:1055]     self.execute_model(
(Worker_DP1_PP1_TP1_EP9 pid=70475) ERROR 09-15 00:47:02 [multiproc_executor.py:1055]   File "/usr/local/python3.11.10/lib/python3.11/site-packages/torch/utils/_contextlib.py", line 124, in decorate_context
(Worker_DP1_PP1_TP1_EP9 pid=70475) ERROR 09-15 00:47:02 [multiproc_executor.py:1055]     return func(*args, **kwargs)
(Worker_DP1_PP1_TP1_EP9 pid=70475) ERROR 09-15 00:47:02 [multiproc_executor.py:1055]            ^^^^^^^^^^^^^^^^^^^^^
(Worker_DP1_PP1_TP1_EP9 pid=70475) ERROR 09-15 00:47:02 [multiproc_executor.py:1055]   File "/home/w00985415/proj_0825/deps/vllm-ascend/vllm_ascend/worker/v2/model_runner.py", line 280, in execute_model
(Worker_DP1_PP1_TP1_EP9 pid=70475) ERROR 09-15 00:47:02 [multiproc_executor.py:1055]     output = super().execute_model(
(Worker_DP1_PP1_TP1_EP9 pid=70475) ERROR 09-15 00:47:02 [multiproc_executor.py:1055]              ^^^^^^^^^^^^^^^^^^^^^^
(Worker_DP1_PP1_TP1_EP9 pid=70475) ERROR 09-15 00:47:02 [multiproc_executor.py:1055]   File "/usr/local/python3.11.10/lib/python3.11/site-packages/torch/utils/_contextlib.py", line 124, in decorate_context
(Worker_DP1_PP1_TP1_EP9 pid=70475) ERROR 09-15 00:47:02 [multiproc_executor.py:1055]     return func(*args, **kwargs)
(Worker_DP1_PP1_TP1_EP9 pid=70475) ERROR 09-15 00:47:02 [multiproc_executor.py:1055]            ^^^^^^^^^^^^^^^^^^^^^
(Worker_DP1_PP1_TP1_EP9 pid=70475) ERROR 09-15 00:47:02 [multiproc_executor.py:1055]   File "/home/w00985415/proj_0825/deps/vllm/vllm/v1/worker/gpu/model_runner.py", line 1849, in execute_model
(Worker_DP1_PP1_TP1_EP9 pid=70475) ERROR 09-15 00:47:02 [multiproc_executor.py:1055]     model_output = self.model(**model_inputs)
(Worker_DP1_PP1_TP1_EP9 pid=70475) ERROR 09-15 00:47:02 [multiproc_executor.py:1055]                    ^^^^^^^^^^^^^^^^^^^^^^^^^^
(Worker_DP1_PP1_TP1_EP9 pid=70475) ERROR 09-15 00:47:02 [multiproc_executor.py:1055]   File "/usr/local/python3.11.10/lib/python3.11/site-packages/torch/nn/modules/module.py", line 1776, in _wrapped_call_impl
(Worker_DP1_PP1_TP1_EP9 pid=70475) ERROR 09-15 00:47:02 [multiproc_executor.py:1055]     return self._call_impl(*args, **kwargs)
(Worker_DP1_PP1_TP1_EP9 pid=70475) ERROR 09-15 00:47:02 [multiproc_executor.py:1055]            ^^^^^^^^^^^^^^^^^^^^^^^^^^^^^^^^
(Worker_DP1_PP1_TP1_EP9 pid=70475) ERROR 09-15 00:47:02 [multiproc_executor.py:1055]   File "/usr/local/python3.11.10/lib/python3.11/site-packages/torch/nn/modules/module.py", line 1787, in _call_impl
(Worker_DP1_PP1_TP1_EP9 pid=70475) ERROR 09-15 00:47:02 [multiproc_executor.py:1055]     return forward_call(*args, **kwargs)
(Worker_DP1_PP1_TP1_EP9 pid=70475) ERROR 09-15 00:47:02 [multiproc_executor.py:1055]            ^^^^^^^^^^^^^^^^^^^^^^^^^^^^^
(Worker_DP1_PP1_TP1_EP9 pid=70475) ERROR 09-15 00:47:02 [multiproc_executor.py:1055]   File "/home/w00985415/proj_0825/deps/vllm-ascend/vllm_ascend/models/deepseek_v4/model.py", line 1098, in forward
(Worker_DP1_PP1_TP1_EP9 pid=70475) ERROR 09-15 00:47:02 [multiproc_executor.py:1055]     hidden_states = self.model(input_ids, positions, intermediate_tensors, inputs_embeds)
(Worker_DP1_PP1_TP1_EP9 pid=70475) ERROR 09-15 00:47:02 [multiproc_executor.py:1055]                     ^^^^^^^^^^^^^^^^^^^^^^^^^^^^^^^^^^^^^^^^^^^^^^^^^^^^^^^^^^^^^^^^^^^^^
(Worker_DP1_PP1_TP1_EP9 pid=70475) ERROR 09-15 00:47:02 [multiproc_executor.py:1055]   File "/home/w00985415/proj_0825/deps/vllm/vllm/compilation/decorators.py", line 509, in __call__
(Worker_DP1_PP1_TP1_EP9 pid=70475) ERROR 09-15 00:47:02 [multiproc_executor.py:1055]     return self.forward(*args, **kwargs)
(Worker_DP1_PP1_TP1_EP9 pid=70475) ERROR 09-15 00:47:02 [multiproc_executor.py:1055]            ^^^^^^^^^^^^^^^^^^^^^^^^^^^^^
(Worker_DP1_PP1_TP1_EP9 pid=70475) ERROR 09-15 00:47:02 [multiproc_executor.py:1055]   File "/home/w00985415/proj_0825/deps/vllm-ascend/vllm_ascend/models/deepseek_v4/model.py", line 940, in forward
(Worker_DP1_PP1_TP1_EP9 pid=70475) ERROR 09-15 00:47:02 [multiproc_executor.py:1055]     input_ids = sp_shard(input_ids)  # TODO: support PP with dsacp.
(Worker_DP1_PP1_TP1_EP9 pid=70475) ERROR 09-15 00:47:02 [multiproc_executor.py:1055]                 ^^^^^^^^^^^^^^^^^^^
(Worker_DP1_PP1_TP1_EP9 pid=70475) ERROR 09-15 00:47:02 [multiproc_executor.py:1055]   File "/home/w00985415/proj_0825/deps/vllm-ascend/vllm_ascend/models/common/ops/sequence_parallel.py", line 44, in sp_shard
(Worker_DP1_PP1_TP1_EP9 pid=70475) ERROR 09-15 00:47:02 [multiproc_executor.py:1055]     sp_pad = (-x.shape[0]) % tp_size
(Worker_DP1_PP1_TP1_EP9 pid=70475) ERROR 09-15 00:47:02 [multiproc_executor.py:1055]                ^^^^^^^
(Worker_DP1_PP1_TP1_EP9 pid=70475) ERROR 09-15 00:47:02 [multiproc_executor.py:1055] AttributeError: 'NoneType' object has no attribute 'shape'
(Worker_DP1_PP1_TP1_EP9 pid=70475) ERROR 09-15 00:47:02 [multiproc_executor.py:1055] Traceback (most recent call last):
(Worker_DP1_PP1_TP1_EP9 pid=70475) ERROR 09-15 00:47:02 [multiproc_executor.py:1055]   File "/home/w00985415/proj_0825/deps/vllm/vllm/v1/executor/multiproc_executor.py", line 1047, in _execute_worker_rpc
(Worker_DP1_PP1_TP1_EP9 pid=70475) ERROR 09-15 00:47:02 [multiproc_executor.py:1055]     output = func(*args, **kwargs)
(Worker_DP1_PP1_TP1_EP9 pid=70475) ERROR 09-15 00:47:02 [multiproc_executor.py:1055]              ^^^^^^^^^^^^^^^^^^^^^
(Worker_DP1_PP1_TP1_EP9 pid=70475) ERROR 09-15 00:47:02 [multiproc_executor.py:1055]   File "/usr/local/python3.11.10/lib/python3.11/site-packages/torch/utils/_contextlib.py", line 124, in decorate_context
(Worker_DP1_PP1_TP1_EP9 pid=70475) ERROR 09-15 00:47:02 [multiproc_executor.py:1055]     return func(*args, **kwargs)
(Worker_DP1_PP1_TP1_EP9 pid=70475) ERROR 09-15 00:47:02 [multiproc_executor.py:1055]            ^^^^^^^^^^^^^^^^^^^^^
(Worker_DP1_PP1_TP1_EP9 pid=70475) ERROR 09-15 00:47:02 [multiproc_executor.py:1055]   File "/home/w00985415/proj_0825/deps/vllm-ascend/vllm_ascend/worker/worker.py", line 600, in determine_available_memory
(Worker_DP1_PP1_TP1_EP9 pid=70475) ERROR 09-15 00:47:02 [multiproc_executor.py:1055]     self.model_runner.profile_run()
(Worker_DP1_PP1_TP1_EP9 pid=70475) ERROR 09-15 00:47:02 [multiproc_executor.py:1055]   File "/usr/local/python3.11.10/lib/python3.11/site-packages/torch/utils/_contextlib.py", line 124, in decorate_context
(Worker_DP1_PP1_TP1_EP9 pid=70475) ERROR 09-15 00:47:02 [multiproc_executor.py:1055]     return func(*args, **kwargs)
(Worker_DP1_PP1_TP1_EP9 pid=70475) ERROR 09-15 00:47:02 [multiproc_executor.py:1055]            ^^^^^^^^^^^^^^^^^^^^^
(Worker_DP1_PP1_TP1_EP9 pid=70475) ERROR 09-15 00:47:02 [multiproc_executor.py:1055]   File "/home/w00985415/proj_0825/deps/vllm-ascend/vllm_ascend/worker/v2/model_runner.py", line 315, in profile_run
(Worker_DP1_PP1_TP1_EP9 pid=70475) ERROR 09-15 00:47:02 [multiproc_executor.py:1055]     self._dummy_run(mc2_tokens_capacity, skip_attn=True, skip_eplb=True, is_profile=True)
(Worker_DP1_PP1_TP1_EP9 pid=70475) ERROR 09-15 00:47:02 [multiproc_executor.py:1055]   File "/home/w00985415/proj_0825/deps/vllm-ascend/vllm_ascend/worker/v2/model_runner.py", line 647, in _dummy_run
(Worker_DP1_PP1_TP1_EP9 pid=70475) ERROR 09-15 00:47:02 [multiproc_executor.py:1055]     hidden_states, sample_hidden_states = super()._dummy_run(
(Worker_DP1_PP1_TP1_EP9 pid=70475) ERROR 09-15 00:47:02 [multiproc_executor.py:1055]                                           ^^^^^^^^^^^^^^^^^^^
(Worker_DP1_PP1_TP1_EP9 pid=70475) ERROR 09-15 00:47:02 [multiproc_executor.py:1055]   File "/usr/local/python3.11.10/lib/python3.11/site-packages/torch/utils/_contextlib.py", line 124, in decorate_context
(Worker_DP1_PP1_TP1_EP9 pid=70475) ERROR 09-15 00:47:02 [multiproc_executor.py:1055]     return func(*args, **kwargs)
(Worker_DP1_PP1_TP1_EP9 pid=70475) ERROR 09-15 00:47:02 [multiproc_executor.py:1055]            ^^^^^^^^^^^^^^^^^^^^^
(Worker_DP1_PP1_TP1_EP9 pid=70475) ERROR 09-15 00:47:02 [multiproc_executor.py:1055]   File "/home/w00985415/proj_0825/deps/vllm/vllm/v1/worker/gpu/eplb_utils.py", line 27, in wrapper
(Worker_DP1_PP1_TP1_EP9 pid=70475) ERROR 09-15 00:47:02 [multiproc_executor.py:1055]     result = fn(self, *args, **kwargs)
(Worker_DP1_PP1_TP1_EP9 pid=70475) ERROR 09-15 00:47:02 [multiproc_executor.py:1055]              ^^^^^^^^^^^^^^^^^^^^^^^^^
(Worker_DP1_PP1_TP1_EP9 pid=70475) ERROR 09-15 00:47:02 [multiproc_executor.py:1055]   File "/home/w00985415/proj_0825/deps/vllm/vllm/v1/worker/gpu/model_runner.py", line 786, in _dummy_run
(Worker_DP1_PP1_TP1_EP9 pid=70475) ERROR 09-15 00:47:02 [multiproc_executor.py:1055]     self.execute_model(
(Worker_DP1_PP1_TP1_EP9 pid=70475) ERROR 09-15 00:47:02 [multiproc_executor.py:1055]   File "/usr/local/python3.11.10/lib/python3.11/site-packages/torch/utils/_contextlib.py", line 124, in decorate_context
(Worker_DP1_PP1_TP1_EP9 pid=70475) ERROR 09-15 00:47:02 [multiproc_executor.py:1055]     return func(*args, **kwargs)
(Worker_DP1_PP1_TP1_EP9 pid=70475) ERROR 09-15 00:47:02 [multiproc_executor.py:1055]            ^^^^^^^^^^^^^^^^^^^^^
(Worker_DP1_PP1_TP1_EP9 pid=70475) ERROR 09-15 00:47:02 [multiproc_executor.py:1055]   File "/home/w00985415/proj_0825/deps/vllm-ascend/vllm_ascend/worker/v2/model_runner.py", line 280, in execute_model
(Worker_DP1_PP1_TP1_EP9 pid=70475) ERROR 09-15 00:47:02 [multiproc_executor.py:1055]     output = super().execute_model(
(Worker_DP1_PP1_TP1_EP9 pid=70475) ERROR 09-15 00:47:02 [multiproc_executor.py:1055]              ^^^^^^^^^^^^^^^^^^^^^^
(Worker_DP1_PP1_TP1_EP9 pid=70475) ERROR 09-15 00:47:02 [multiproc_executor.py:1055]   File "/usr/local/python3.11.10/lib/python3.11/site-packages/torch/utils/_contextlib.py", line 124, in decorate_context
(Worker_DP1_PP1_TP1_EP9 pid=70475) ERROR 09-15 00:47:02 [multiproc_executor.py:1055]     return func(*args, **kwargs)
(Worker_DP1_PP1_TP1_EP9 pid=70475) ERROR 09-15 00:47:02 [multiproc_executor.py:1055]            ^^^^^^^^^^^^^^^^^^^^^
(Worker_DP1_PP1_TP1_EP9 pid=70475) ERROR 09-15 00:47:02 [multiproc_executor.py:1055]   File "/home/w00985415/proj_0825/deps/vllm/vllm/v1/worker/gpu/model_runner.py", line 1849, in execute_model
(Worker_DP1_PP1_TP1_EP9 pid=70475) ERROR 09-15 00:47:02 [multiproc_executor.py:1055]     model_output = self.model(**model_inputs)
(Worker_DP1_PP1_TP1_EP9 pid=70475) ERROR 09-15 00:47:02 [multiproc_executor.py:1055]                    ^^^^^^^^^^^^^^^^^^^^^^^^^^
(Worker_DP1_PP1_TP1_EP9 pid=70475) ERROR 09-15 00:47:02 [multiproc_executor.py:1055]   File "/usr/local/python3.11.10/lib/python3.11/site-packages/torch/nn/modules/module.py", line 1776, in _wrapped_call_impl
(Worker_DP1_PP1_TP1_EP9 pid=70475) ERROR 09-15 00:47:02 [multiproc_executor.py:1055]     return self._call_impl(*args, **kwargs)
(Worker_DP1_PP1_TP1_EP9 pid=70475) ERROR 09-15 00:47:02 [multiproc_executor.py:1055]            ^^^^^^^^^^^^^^^^^^^^^^^^^^^^^^^^
(Worker_DP1_PP1_TP1_EP9 pid=70475) ERROR 09-15 00:47:02 [multiproc_executor.py:1055]   File "/usr/local/python3.11.10/lib/python3.11/site-packages/torch/nn/modules/module.py", line 1787, in _call_impl
(Worker_DP1_PP1_TP1_EP9 pid=70475) ERROR 09-15 00:47:02 [multiproc_executor.py:1055]     return forward_call(*args, **kwargs)
(Worker_DP1_PP1_TP1_EP9 pid=70475) ERROR 09-15 00:47:02 [multiproc_executor.py:1055]            ^^^^^^^^^^^^^^^^^^^^^^^^^^^^^
(Worker_DP1_PP1_TP1_EP9 pid=70475) ERROR 09-15 00:47:02 [multiproc_executor.py:1055]   File "/home/w00985415/proj_0825/deps/vllm-ascend/vllm_ascend/models/deepseek_v4/model.py", line 1098, in forward
(Worker_DP1_PP1_TP1_EP9 pid=70475) ERROR 09-15 00:47:02 [multiproc_executor.py:1055]     hidden_states = self.model(input_ids, positions, intermediate_tensors, inputs_embeds)
(Worker_DP1_PP1_TP1_EP9 pid=70475) ERROR 09-15 00:47:02 [multiproc_executor.py:1055]                     ^^^^^^^^^^^^^^^^^^^^^^^^^^^^^^^^^^^^^^^^^^^^^^^^^^^^^^^^^^^^^^^^^^^^^
(Worker_DP1_PP1_TP1_EP9 pid=70475) ERROR 09-15 00:47:02 [multiproc_executor.py:1055]   File "/home/w00985415/proj_0825/deps/vllm/vllm/compilation/decorators.py", line 509, in __call__
(Worker_DP1_PP1_TP1_EP9 pid=70475) ERROR 09-15 00:47:02 [multiproc_executor.py:1055]     return self.forward(*args, **kwargs)
(Worker_DP1_PP1_TP1_EP9 pid=70475) ERROR 09-15 00:47:02 [multiproc_executor.py:1055]            ^^^^^^^^^^^^^^^^^^^^^^^^^^^^^
(Worker_DP1_PP1_TP1_EP9 pid=70475) ERROR 09-15 00:47:02 [multiproc_executor.py:1055]   File "/home/w00985415/proj_0825/deps/vllm-ascend/vllm_ascend/models/deepseek_v4/model.py", line 940, in forward
(Worker_DP1_PP1_TP1_EP9 pid=70475) ERROR 09-15 00:47:02 [multiproc_executor.py:1055]     input_ids = sp_shard(input_ids)  # TODO: support PP with dsacp.
(Worker_DP1_PP1_TP1_EP9 pid=70475) ERROR 09-15 00:47:02 [multiproc_executor.py:1055]                 ^^^^^^^^^^^^^^^^^^^
(Worker_DP1_PP1_TP1_EP9 pid=70475) ERROR 09-15 00:47:02 [multiproc_executor.py:1055]   File "/home/w00985415/proj_0825/deps/vllm-ascend/vllm_ascend/models/common/ops/sequence_parallel.py", line 44, in sp_shard
(Worker_DP1_PP1_TP1_EP9 pid=70475) ERROR 09-15 00:47:02 [multiproc_executor.py:1055]     sp_pad = (-x.shape[0]) % tp_size
(Worker_DP1_PP1_TP1_EP9 pid=70475) ERROR 09-15 00:47:02 [multiproc_executor.py:1055]                ^^^^^^^
(Worker_DP1_PP1_TP1_EP9 pid=70475) ERROR 09-15 00:47:02 [multiproc_executor.py:1055] AttributeError: 'NoneType' object has no attribute 'shape'
(Worker_DP1_PP1_TP1_EP9 pid=70475) ERROR 09-15 00:47:02 [multiproc_executor.py:1055] 
(Worker_DP0_PP1_TP1_EP1 pid=70477) ERROR 09-15 00:47:02 [multiproc_executor.py:1055] WorkerProc hit an exception.
(Worker_DP0_PP1_TP1_EP1 pid=70477) ERROR 09-15 00:47:02 [multiproc_executor.py:1055] Traceback (most recent call last):
(Worker_DP0_PP1_TP1_EP1 pid=70477) ERROR 09-15 00:47:02 [multiproc_executor.py:1055]   File "/home/w00985415/proj_0825/deps/vllm/vllm/v1/executor/multiproc_executor.py", line 1047, in _execute_worker_rpc
(Worker_DP0_PP1_TP1_EP1 pid=70477) ERROR 09-15 00:47:02 [multiproc_executor.py:1055]     output = func(*args, **kwargs)
(Worker_DP0_PP1_TP1_EP1 pid=70477) ERROR 09-15 00:47:02 [multiproc_executor.py:1055]              ^^^^^^^^^^^^^^^^^^^^^
(Worker_DP0_PP1_TP1_EP1 pid=70477) ERROR 09-15 00:47:02 [multiproc_executor.py:1055]   File "/usr/local/python3.11.10/lib/python3.11/site-packages/torch/utils/_contextlib.py", line 124, in decorate_context
(Worker_DP0_PP1_TP1_EP1 pid=70477) ERROR 09-15 00:47:02 [multiproc_executor.py:1055]     return func(*args, **kwargs)
(Worker_DP0_PP1_TP1_EP1 pid=70477) ERROR 09-15 00:47:02 [multiproc_executor.py:1055]            ^^^^^^^^^^^^^^^^^^^^^
(Worker_DP0_PP1_TP1_EP1 pid=70477) ERROR 09-15 00:47:02 [multiproc_executor.py:1055]   File "/home/w00985415/proj_0825/deps/vllm-ascend/vllm_ascend/worker/worker.py", line 600, in determine_available_memory
(Worker_DP0_PP1_TP1_EP1 pid=70477) ERROR 09-15 00:47:02 [multiproc_executor.py:1055]     self.model_runner.profile_run()
(Worker_DP0_PP1_TP1_EP1 pid=70477) ERROR 09-15 00:47:02 [multiproc_executor.py:1055]   File "/usr/local/python3.11.10/lib/python3.11/site-packages/torch/utils/_contextlib.py", line 124, in decorate_context
(Worker_DP0_PP1_TP1_EP1 pid=70477) ERROR 09-15 00:47:02 [multiproc_executor.py:1055]     return func(*args, **kwargs)
(Worker_DP0_PP1_TP1_EP1 pid=70477) ERROR 09-15 00:47:02 [multiproc_executor.py:1055]            ^^^^^^^^^^^^^^^^^^^^^
(Worker_DP0_PP1_TP1_EP1 pid=70477) ERROR 09-15 00:47:02 [multiproc_executor.py:1055]   File "/home/w00985415/proj_0825/deps/vllm-ascend/vllm_ascend/worker/v2/model_runner.py", line 315, in profile_run
(Worker_DP0_PP1_TP1_EP1 pid=70477) ERROR 09-15 00:47:02 [multiproc_executor.py:1055]     self._dummy_run(mc2_tokens_capacity, skip_attn=True, skip_eplb=True, is_profile=True)
(Worker_DP0_PP1_TP1_EP1 pid=70477) ERROR 09-15 00:47:02 [multiproc_executor.py:1055]   File "/home/w00985415/proj_0825/deps/vllm-ascend/vllm_ascend/worker/v2/model_runner.py", line 647, in _dummy_run
(Worker_DP0_PP1_TP1_EP1 pid=70477) ERROR 09-15 00:47:02 [multiproc_executor.py:1055]     hidden_states, sample_hidden_states = super()._dummy_run(
(Worker_DP0_PP1_TP1_EP1 pid=70477) ERROR 09-15 00:47:02 [multiproc_executor.py:1055]                                           ^^^^^^^^^^^^^^^^^^^
(Worker_DP0_PP1_TP1_EP1 pid=70477) ERROR 09-15 00:47:02 [multiproc_executor.py:1055]   File "/usr/local/python3.11.10/lib/python3.11/site-packages/torch/utils/_contextlib.py", line 124, in decorate_context
(Worker_DP0_PP1_TP1_EP1 pid=70477) ERROR 09-15 00:47:02 [multiproc_executor.py:1055]     return func(*args, **kwargs)
(Worker_DP0_PP1_TP1_EP1 pid=70477) ERROR 09-15 00:47:02 [multiproc_executor.py:1055]            ^^^^^^^^^^^^^^^^^^^^^
(Worker_DP0_PP1_TP1_EP1 pid=70477) ERROR 09-15 00:47:02 [multiproc_executor.py:1055]   File "/home/w00985415/proj_0825/deps/vllm/vllm/v1/worker/gpu/eplb_utils.py", line 27, in wrapper
(Worker_DP0_PP1_TP1_EP1 pid=70477) ERROR 09-15 00:47:02 [multiproc_executor.py:1055]     result = fn(self, *args, **kwargs)
(Worker_DP0_PP1_TP1_EP1 pid=70477) ERROR 09-15 00:47:02 [multiproc_executor.py:1055]              ^^^^^^^^^^^^^^^^^^^^^^^^^
(Worker_DP0_PP1_TP1_EP1 pid=70477) ERROR 09-15 00:47:02 [multiproc_executor.py:1055]   File "/home/w00985415/proj_0825/deps/vllm/vllm/v1/worker/gpu/model_runner.py", line 786, in _dummy_run
(Worker_DP0_PP1_TP1_EP1 pid=70477) ERROR 09-15 00:47:02 [multiproc_executor.py:1055]     self.execute_model(
(Worker_DP0_PP1_TP1_EP1 pid=70477) ERROR 09-15 00:47:02 [multiproc_executor.py:1055]   File "/usr/local/python3.11.10/lib/python3.11/site-packages/torch/utils/_contextlib.py", line 124, in decorate_context
(Worker_DP0_PP1_TP1_EP1 pid=70477) ERROR 09-15 00:47:02 [multiproc_executor.py:1055]     return func(*args, **kwargs)
(Worker_DP0_PP1_TP1_EP1 pid=70477) ERROR 09-15 00:47:02 [multiproc_executor.py:1055]            ^^^^^^^^^^^^^^^^^^^^^
(Worker_DP0_PP1_TP1_EP1 pid=70477) ERROR 09-15 00:47:02 [multiproc_executor.py:1055]   File "/home/w00985415/proj_0825/deps/vllm-ascend/vllm_ascend/worker/v2/model_runner.py", line 280, in execute_model
(Worker_DP0_PP1_TP1_EP1 pid=70477) ERROR 09-15 00:47:02 [multiproc_executor.py:1055]     output = super().execute_model(
(Worker_DP0_PP1_TP1_EP1 pid=70477) ERROR 09-15 00:47:02 [multiproc_executor.py:1055]              ^^^^^^^^^^^^^^^^^^^^^^
(Worker_DP0_PP1_TP1_EP1 pid=70477) ERROR 09-15 00:47:02 [multiproc_executor.py:1055]   File "/usr/local/python3.11.10/lib/python3.11/site-packages/torch/utils/_contextlib.py", line 124, in decorate_context
(Worker_DP0_PP1_TP1_EP1 pid=70477) ERROR 09-15 00:47:02 [multiproc_executor.py:1055]     return func(*args, **kwargs)
(Worker_DP0_PP1_TP1_EP1 pid=70477) ERROR 09-15 00:47:02 [multiproc_executor.py:1055]            ^^^^^^^^^^^^^^^^^^^^^
(Worker_DP0_PP1_TP1_EP1 pid=70477) ERROR 09-15 00:47:02 [multiproc_executor.py:1055]   File "/home/w00985415/proj_0825/deps/vllm/vllm/v1/worker/gpu/model_runner.py", line 1849, in execute_model
(Worker_DP0_PP1_TP1_EP1 pid=70477) ERROR 09-15 00:47:02 [multiproc_executor.py:1055]     model_output = self.model(**model_inputs)
(Worker_DP0_PP1_TP1_EP1 pid=70477) ERROR 09-15 00:47:02 [multiproc_executor.py:1055]                    ^^^^^^^^^^^^^^^^^^^^^^^^^^
(Worker_DP0_PP1_TP1_EP1 pid=70477) ERROR 09-15 00:47:02 [multiproc_executor.py:1055]   File "/usr/local/python3.11.10/lib/python3.11/site-packages/torch/nn/modules/module.py", line 1776, in _wrapped_call_impl
(Worker_DP0_PP1_TP1_EP1 pid=70477) ERROR 09-15 00:47:02 [multiproc_executor.py:1055]     return self._call_impl(*args, **kwargs)
(Worker_DP0_PP1_TP1_EP1 pid=70477) ERROR 09-15 00:47:02 [multiproc_executor.py:1055]            ^^^^^^^^^^^^^^^^^^^^^^^^^^^^^^^^
(Worker_DP0_PP1_TP1_EP1 pid=70477) ERROR 09-15 00:47:02 [multiproc_executor.py:1055]   File "/usr/local/python3.11.10/lib/python3.11/site-packages/torch/nn/modules/module.py", line 1787, in _call_impl
(Worker_DP0_PP1_TP1_EP1 pid=70477) ERROR 09-15 00:47:02 [multiproc_executor.py:1055]     return forward_call(*args, **kwargs)
(Worker_DP0_PP1_TP1_EP1 pid=70477) ERROR 09-15 00:47:02 [multiproc_executor.py:1055]            ^^^^^^^^^^^^^^^^^^^^^^^^^^^^^
(Worker_DP0_PP1_TP1_EP1 pid=70477) ERROR 09-15 00:47:02 [multiproc_executor.py:1055]   File "/home/w00985415/proj_0825/deps/vllm-ascend/vllm_ascend/models/deepseek_v4/model.py", line 1098, in forward
(Worker_DP0_PP1_TP1_EP1 pid=70477) ERROR 09-15 00:47:02 [multiproc_executor.py:1055]     hidden_states = self.model(input_ids, positions, intermediate_tensors, inputs_embeds)
(Worker_DP0_PP1_TP1_EP1 pid=70477) ERROR 09-15 00:47:02 [multiproc_executor.py:1055]                     ^^^^^^^^^^^^^^^^^^^^^^^^^^^^^^^^^^^^^^^^^^^^^^^^^^^^^^^^^^^^^^^^^^^^^
(Worker_DP0_PP1_TP1_EP1 pid=70477) ERROR 09-15 00:47:02 [multiproc_executor.py:1055]   File "/home/w00985415/proj_0825/deps/vllm/vllm/compilation/decorators.py", line 509, in __call__
(Worker_DP0_PP1_TP1_EP1 pid=70477) ERROR 09-15 00:47:02 [multiproc_executor.py:1055]     return self.forward(*args, **kwargs)
(Worker_DP0_PP1_TP1_EP1 pid=70477) ERROR 09-15 00:47:02 [multiproc_executor.py:1055]            ^^^^^^^^^^^^^^^^^^^^^^^^^^^^^
(Worker_DP0_PP1_TP1_EP1 pid=70477) ERROR 09-15 00:47:02 [multiproc_executor.py:1055]   File "/home/w00985415/proj_0825/deps/vllm-ascend/vllm_ascend/models/deepseek_v4/model.py", line 940, in forward
(Worker_DP0_PP1_TP1_EP1 pid=70477) ERROR 09-15 00:47:02 [multiproc_executor.py:1055]     input_ids = sp_shard(input_ids)  # TODO: support PP with dsacp.
(Worker_DP0_PP1_TP1_EP1 pid=70477) ERROR 09-15 00:47:02 [multiproc_executor.py:1055]                 ^^^^^^^^^^^^^^^^^^^
(Worker_DP0_PP1_TP1_EP1 pid=70477) ERROR 09-15 00:47:02 [multiproc_executor.py:1055]   File "/home/w00985415/proj_0825/deps/vllm-ascend/vllm_ascend/models/common/ops/sequence_parallel.py", line 44, in sp_shard
(Worker_DP0_PP1_TP1_EP1 pid=70477) ERROR 09-15 00:47:02 [multiproc_executor.py:1055]     sp_pad = (-x.shape[0]) % tp_size
(Worker_DP0_PP1_TP1_EP1 pid=70477) ERROR 09-15 00:47:02 [multiproc_executor.py:1055]                ^^^^^^^
(Worker_DP0_PP1_TP1_EP1 pid=70477) ERROR 09-15 00:47:02 [multiproc_executor.py:1055] AttributeError: 'NoneType' object has no attribute 'shape'
(Worker_DP0_PP1_TP1_EP1 pid=70477) ERROR 09-15 00:47:02 [multiproc_executor.py:1055] Traceback (most recent call last):
(Worker_DP0_PP1_TP1_EP1 pid=70477) ERROR 09-15 00:47:02 [multiproc_executor.py:1055]   File "/home/w00985415/proj_0825/deps/vllm/vllm/v1/executor/multiproc_executor.py", line 1047, in _execute_worker_rpc
(Worker_DP0_PP1_TP1_EP1 pid=70477) ERROR 09-15 00:47:02 [multiproc_executor.py:1055]     output = func(*args, **kwargs)
(Worker_DP0_PP1_TP1_EP1 pid=70477) ERROR 09-15 00:47:02 [multiproc_executor.py:1055]              ^^^^^^^^^^^^^^^^^^^^^
(Worker_DP0_PP1_TP1_EP1 pid=70477) ERROR 09-15 00:47:02 [multiproc_executor.py:1055]   File "/usr/local/python3.11.10/lib/python3.11/site-packages/torch/utils/_contextlib.py", line 124, in decorate_context
(Worker_DP0_PP1_TP1_EP1 pid=70477) ERROR 09-15 00:47:02 [multiproc_executor.py:1055]     return func(*args, **kwargs)
(Worker_DP0_PP1_TP1_EP1 pid=70477) ERROR 09-15 00:47:02 [multiproc_executor.py:1055]            ^^^^^^^^^^^^^^^^^^^^^
(Worker_DP0_PP1_TP1_EP1 pid=70477) ERROR 09-15 00:47:02 [multiproc_executor.py:1055]   File "/home/w00985415/proj_0825/deps/vllm-ascend/vllm_ascend/worker/worker.py", line 600, in determine_available_memory
(Worker_DP0_PP1_TP1_EP1 pid=70477) ERROR 09-15 00:47:02 [multiproc_executor.py:1055]     self.model_runner.profile_run()
(Worker_DP0_PP1_TP1_EP1 pid=70477) ERROR 09-15 00:47:02 [multiproc_executor.py:1055]   File "/usr/local/python3.11.10/lib/python3.11/site-packages/torch/utils/_contextlib.py", line 124, in decorate_context
(Worker_DP0_PP1_TP1_EP1 pid=70477) ERROR 09-15 00:47:02 [multiproc_executor.py:1055]     return func(*args, **kwargs)
(Worker_DP0_PP1_TP1_EP1 pid=70477) ERROR 09-15 00:47:02 [multiproc_executor.py:1055]            ^^^^^^^^^^^^^^^^^^^^^
(Worker_DP0_PP1_TP1_EP1 pid=70477) ERROR 09-15 00:47:02 [multiproc_executor.py:1055]   File "/home/w00985415/proj_0825/deps/vllm-ascend/vllm_ascend/worker/v2/model_runner.py", line 315, in profile_run
(Worker_DP0_PP1_TP1_EP1 pid=70477) ERROR 09-15 00:47:02 [multiproc_executor.py:1055]     self._dummy_run(mc2_tokens_capacity, skip_attn=True, skip_eplb=True, is_profile=True)
(Worker_DP0_PP1_TP1_EP1 pid=70477) ERROR 09-15 00:47:02 [multiproc_executor.py:1055]   File "/home/w00985415/proj_0825/deps/vllm-ascend/vllm_ascend/worker/v2/model_runner.py", line 647, in _dummy_run
(Worker_DP0_PP1_TP1_EP1 pid=70477) ERROR 09-15 00:47:02 [multiproc_executor.py:1055]     hidden_states, sample_hidden_states = super()._dummy_run(
(Worker_DP0_PP1_TP1_EP1 pid=70477) ERROR 09-15 00:47:02 [multiproc_executor.py:1055]                                           ^^^^^^^^^^^^^^^^^^^
(Worker_DP0_PP1_TP1_EP1 pid=70477) ERROR 09-15 00:47:02 [multiproc_executor.py:1055]   File "/usr/local/python3.11.10/lib/python3.11/site-packages/torch/utils/_contextlib.py", line 124, in decorate_context
(Worker_DP0_PP1_TP1_EP1 pid=70477) ERROR 09-15 00:47:02 [multiproc_executor.py:1055]     return func(*args, **kwargs)
(Worker_DP0_PP1_TP1_EP1 pid=70477) ERROR 09-15 00:47:02 [multiproc_executor.py:1055]            ^^^^^^^^^^^^^^^^^^^^^
(Worker_DP0_PP1_TP1_EP1 pid=70477) ERROR 09-15 00:47:02 [multiproc_executor.py:1055]   File "/home/w00985415/proj_0825/deps/vllm/vllm/v1/worker/gpu/eplb_utils.py", line 27, in wrapper
(Worker_DP0_PP1_TP1_EP1 pid=70477) ERROR 09-15 00:47:02 [multiproc_executor.py:1055]     result = fn(self, *args, **kwargs)
(Worker_DP0_PP1_TP1_EP1 pid=70477) ERROR 09-15 00:47:02 [multiproc_executor.py:1055]              ^^^^^^^^^^^^^^^^^^^^^^^^^
(Worker_DP0_PP1_TP1_EP1 pid=70477) ERROR 09-15 00:47:02 [multiproc_executor.py:1055]   File "/home/w00985415/proj_0825/deps/vllm/vllm/v1/worker/gpu/model_runner.py", line 786, in _dummy_run
(Worker_DP0_PP1_TP1_EP1 pid=70477) ERROR 09-15 00:47:02 [multiproc_executor.py:1055]     self.execute_model(
(Worker_DP0_PP1_TP1_EP1 pid=70477) ERROR 09-15 00:47:02 [multiproc_executor.py:1055]   File "/usr/local/python3.11.10/lib/python3.11/site-packages/torch/utils/_contextlib.py", line 124, in decorate_context
(Worker_DP0_PP1_TP1_EP1 pid=70477) ERROR 09-15 00:47:02 [multiproc_executor.py:1055]     return func(*args, **kwargs)
(Worker_DP0_PP1_TP1_EP1 pid=70477) ERROR 09-15 00:47:02 [multiproc_executor.py:1055]            ^^^^^^^^^^^^^^^^^^^^^
(Worker_DP0_PP1_TP1_EP1 pid=70477) ERROR 09-15 00:47:02 [multiproc_executor.py:1055]   File "/home/w00985415/proj_0825/deps/vllm-ascend/vllm_ascend/worker/v2/model_runner.py", line 280, in execute_model
(Worker_DP0_PP1_TP1_EP1 pid=70477) ERROR 09-15 00:47:02 [multiproc_executor.py:1055]     output = super().execute_model(
(Worker_DP0_PP1_TP1_EP1 pid=70477) ERROR 09-15 00:47:02 [multiproc_executor.py:1055]              ^^^^^^^^^^^^^^^^^^^^^^
(Worker_DP0_PP1_TP1_EP1 pid=70477) ERROR 09-15 00:47:02 [multiproc_executor.py:1055]   File "/usr/local/python3.11.10/lib/python3.11/site-packages/torch/utils/_contextlib.py", line 124, in decorate_context
(Worker_DP0_PP1_TP1_EP1 pid=70477) ERROR 09-15 00:47:02 [multiproc_executor.py:1055]     return func(*args, **kwargs)
(Worker_DP0_PP1_TP1_EP1 pid=70477) ERROR 09-15 00:47:02 [multiproc_executor.py:1055]            ^^^^^^^^^^^^^^^^^^^^^
(Worker_DP0_PP1_TP1_EP1 pid=70477) ERROR 09-15 00:47:02 [multiproc_executor.py:1055]   File "/home/w00985415/proj_0825/deps/vllm/vllm/v1/worker/gpu/model_runner.py", line 1849, in execute_model
(Worker_DP0_PP1_TP1_EP1 pid=70477) ERROR 09-15 00:47:02 [multiproc_executor.py:1055]     model_output = self.model(**model_inputs)
(Worker_DP0_PP1_TP1_EP1 pid=70477) ERROR 09-15 00:47:02 [multiproc_executor.py:1055]                    ^^^^^^^^^^^^^^^^^^^^^^^^^^
(Worker_DP0_PP1_TP1_EP1 pid=70477) ERROR 09-15 00:47:02 [multiproc_executor.py:1055]   File "/usr/local/python3.11.10/lib/python3.11/site-packages/torch/nn/modules/module.py", line 1776, in _wrapped_call_impl
(Worker_DP0_PP1_TP1_EP1 pid=70477) ERROR 09-15 00:47:02 [multiproc_executor.py:1055]     return self._call_impl(*args, **kwargs)
(Worker_DP0_PP1_TP1_EP1 pid=70477) ERROR 09-15 00:47:02 [multiproc_executor.py:1055]            ^^^^^^^^^^^^^^^^^^^^^^^^^^^^^^^^
(Worker_DP0_PP1_TP1_EP1 pid=70477) ERROR 09-15 00:47:02 [multiproc_executor.py:1055]   File "/usr/local/python3.11.10/lib/python3.11/site-packages/torch/nn/modules/module.py", line 1787, in _call_impl
(Worker_DP0_PP1_TP1_EP1 pid=70477) ERROR 09-15 00:47:02 [multiproc_executor.py:1055]     return forward_call(*args, **kwargs)
(Worker_DP0_PP1_TP1_EP1 pid=70477) ERROR 09-15 00:47:02 [multiproc_executor.py:1055]            ^^^^^^^^^^^^^^^^^^^^^^^^^^^^^
(Worker_DP0_PP1_TP1_EP1 pid=70477) ERROR 09-15 00:47:02 [multiproc_executor.py:1055]   File "/home/w00985415/proj_0825/deps/vllm-ascend/vllm_ascend/models/deepseek_v4/model.py", line 1098, in forward
(Worker_DP0_PP1_TP1_EP1 pid=70477) ERROR 09-15 00:47:02 [multiproc_executor.py:1055]     hidden_states = self.model(input_ids, positions, intermediate_tensors, inputs_embeds)
(Worker_DP0_PP1_TP1_EP1 pid=70477) ERROR 09-15 00:47:02 [multiproc_executor.py:1055]                     ^^^^^^^^^^^^^^^^^^^^^^^^^^^^^^^^^^^^^^^^^^^^^^^^^^^^^^^^^^^^^^^^^^^^^
(Worker_DP0_PP1_TP1_EP1 pid=70477) ERROR 09-15 00:47:02 [multiproc_executor.py:1055]   File "/home/w00985415/proj_0825/deps/vllm/vllm/compilation/decorators.py", line 509, in __call__
(Worker_DP0_PP1_TP1_EP1 pid=70477) ERROR 09-15 00:47:02 [multiproc_executor.py:1055]     return self.forward(*args, **kwargs)
(Worker_DP0_PP1_TP1_EP1 pid=70477) ERROR 09-15 00:47:02 [multiproc_executor.py:1055]            ^^^^^^^^^^^^^^^^^^^^^^^^^^^^^
(Worker_DP0_PP1_TP1_EP1 pid=70477) ERROR 09-15 00:47:02 [multiproc_executor.py:1055]   File "/home/w00985415/proj_0825/deps/vllm-ascend/vllm_ascend/models/deepseek_v4/model.py", line 940, in forward
(Worker_DP0_PP1_TP1_EP1 pid=70477) ERROR 09-15 00:47:02 [multiproc_executor.py:1055]     input_ids = sp_shard(input_ids)  # TODO: support PP with dsacp.
(Worker_DP0_PP1_TP1_EP1 pid=70477) ERROR 09-15 00:47:02 [multiproc_executor.py:1055]                 ^^^^^^^^^^^^^^^^^^^
(Worker_DP0_PP1_TP1_EP1 pid=70477) ERROR 09-15 00:47:02 [multiproc_executor.py:1055]   File "/home/w00985415/proj_0825/deps/vllm-ascend/vllm_ascend/models/common/ops/sequence_parallel.py", line 44, in sp_shard
(Worker_DP0_PP1_TP1_EP1 pid=70477) ERROR 09-15 00:47:02 [multiproc_executor.py:1055]     sp_pad = (-x.shape[0]) % tp_size
(Worker_DP0_PP1_TP1_EP1 pid=70477) ERROR 09-15 00:47:02 [multiproc_executor.py:1055]                ^^^^^^^
(Worker_DP0_PP1_TP1_EP1 pid=70477) ERROR 09-15 00:47:02 [multiproc_executor.py:1055] AttributeError: 'NoneType' object has no attribute 'shape'
(Worker_DP0_PP1_TP1_EP1 pid=70477) ERROR 09-15 00:47:02 [multiproc_executor.py:1055] 
(Worker_DP1_PP1_TP7_EP15 pid=71360) ERROR 09-15 00:47:02 [multiproc_executor.py:1055] WorkerProc hit an exception.
(Worker_DP1_PP1_TP7_EP15 pid=71360) ERROR 09-15 00:47:02 [multiproc_executor.py:1055] Traceback (most recent call last):
(Worker_DP1_PP1_TP7_EP15 pid=71360) ERROR 09-15 00:47:02 [multiproc_executor.py:1055]   File "/home/w00985415/proj_0825/deps/vllm/vllm/v1/executor/multiproc_executor.py", line 1047, in _execute_worker_rpc
(Worker_DP1_PP1_TP7_EP15 pid=71360) ERROR 09-15 00:47:02 [multiproc_executor.py:1055]     output = func(*args, **kwargs)
(Worker_DP1_PP1_TP7_EP15 pid=71360) ERROR 09-15 00:47:02 [multiproc_executor.py:1055]              ^^^^^^^^^^^^^^^^^^^^^
(Worker_DP1_PP1_TP7_EP15 pid=71360) ERROR 09-15 00:47:02 [multiproc_executor.py:1055]   File "/usr/local/python3.11.10/lib/python3.11/site-packages/torch/utils/_contextlib.py", line 124, in decorate_context
(Worker_DP1_PP1_TP7_EP15 pid=71360) ERROR 09-15 00:47:02 [multiproc_executor.py:1055]     return func(*args, **kwargs)
(Worker_DP1_PP1_TP7_EP15 pid=71360) ERROR 09-15 00:47:02 [multiproc_executor.py:1055]            ^^^^^^^^^^^^^^^^^^^^^
(Worker_DP1_PP1_TP7_EP15 pid=71360) ERROR 09-15 00:47:02 [multiproc_executor.py:1055]   File "/home/w00985415/proj_0825/deps/vllm-ascend/vllm_ascend/worker/worker.py", line 600, in determine_available_memory
(Worker_DP1_PP1_TP7_EP15 pid=71360) ERROR 09-15 00:47:02 [multiproc_executor.py:1055]     self.model_runner.profile_run()
(Worker_DP1_PP1_TP7_EP15 pid=71360) ERROR 09-15 00:47:02 [multiproc_executor.py:1055]   File "/usr/local/python3.11.10/lib/python3.11/site-packages/torch/utils/_contextlib.py", line 124, in decorate_context
(Worker_DP1_PP1_TP7_EP15 pid=71360) ERROR 09-15 00:47:02 [multiproc_executor.py:1055]     return func(*args, **kwargs)
(Worker_DP1_PP1_TP7_EP15 pid=71360) ERROR 09-15 00:47:02 [multiproc_executor.py:1055]            ^^^^^^^^^^^^^^^^^^^^^
(Worker_DP1_PP1_TP7_EP15 pid=71360) ERROR 09-15 00:47:02 [multiproc_executor.py:1055]   File "/home/w00985415/proj_0825/deps/vllm-ascend/vllm_ascend/worker/v2/model_runner.py", line 315, in profile_run
(Worker_DP1_PP1_TP7_EP15 pid=71360) ERROR 09-15 00:47:02 [multiproc_executor.py:1055]     self._dummy_run(mc2_tokens_capacity, skip_attn=True, skip_eplb=True, is_profile=True)
(Worker_DP1_PP1_TP7_EP15 pid=71360) ERROR 09-15 00:47:02 [multiproc_executor.py:1055]   File "/home/w00985415/proj_0825/deps/vllm-ascend/vllm_ascend/worker/v2/model_runner.py", line 647, in _dummy_run
(Worker_DP1_PP1_TP7_EP15 pid=71360) ERROR 09-15 00:47:02 [multiproc_executor.py:1055]     hidden_states, sample_hidden_states = super()._dummy_run(
(Worker_DP1_PP1_TP7_EP15 pid=71360) ERROR 09-15 00:47:02 [multiproc_executor.py:1055]                                           ^^^^^^^^^^^^^^^^^^^
(Worker_DP1_PP1_TP7_EP15 pid=71360) ERROR 09-15 00:47:02 [multiproc_executor.py:1055]   File "/usr/local/python3.11.10/lib/python3.11/site-packages/torch/utils/_contextlib.py", line 124, in decorate_context
(Worker_DP1_PP1_TP7_EP15 pid=71360) ERROR 09-15 00:47:02 [multiproc_executor.py:1055]     return func(*args, **kwargs)
(Worker_DP1_PP1_TP7_EP15 pid=71360) ERROR 09-15 00:47:02 [multiproc_executor.py:1055]            ^^^^^^^^^^^^^^^^^^^^^
(Worker_DP1_PP1_TP7_EP15 pid=71360) ERROR 09-15 00:47:02 [multiproc_executor.py:1055]   File "/home/w00985415/proj_0825/deps/vllm/vllm/v1/worker/gpu/eplb_utils.py", line 27, in wrapper
(Worker_DP1_PP1_TP7_EP15 pid=71360) ERROR 09-15 00:47:02 [multiproc_executor.py:1055]     result = fn(self, *args, **kwargs)
(Worker_DP1_PP1_TP7_EP15 pid=71360) ERROR 09-15 00:47:02 [multiproc_executor.py:1055]              ^^^^^^^^^^^^^^^^^^^^^^^^^
(Worker_DP1_PP1_TP7_EP15 pid=71360) ERROR 09-15 00:47:02 [multiproc_executor.py:1055]   File "/home/w00985415/proj_0825/deps/vllm/vllm/v1/worker/gpu/model_runner.py", line 786, in _dummy_run
(Worker_DP1_PP1_TP7_EP15 pid=71360) ERROR 09-15 00:47:02 [multiproc_executor.py:1055]     self.execute_model(
(Worker_DP1_PP1_TP7_EP15 pid=71360) ERROR 09-15 00:47:02 [multiproc_executor.py:1055]   File "/usr/local/python3.11.10/lib/python3.11/site-packages/torch/utils/_contextlib.py", line 124, in decorate_context
(Worker_DP1_PP1_TP7_EP15 pid=71360) ERROR 09-15 00:47:02 [multiproc_executor.py:1055]     return func(*args, **kwargs)
(Worker_DP1_PP1_TP7_EP15 pid=71360) ERROR 09-15 00:47:02 [multiproc_executor.py:1055]            ^^^^^^^^^^^^^^^^^^^^^
(Worker_DP1_PP1_TP7_EP15 pid=71360) ERROR 09-15 00:47:02 [multiproc_executor.py:1055]   File "/home/w00985415/proj_0825/deps/vllm-ascend/vllm_ascend/worker/v2/model_runner.py", line 280, in execute_model
(Worker_DP1_PP1_TP7_EP15 pid=71360) ERROR 09-15 00:47:02 [multiproc_executor.py:1055]     output = super().execute_model(
(Worker_DP1_PP1_TP7_EP15 pid=71360) ERROR 09-15 00:47:02 [multiproc_executor.py:1055]              ^^^^^^^^^^^^^^^^^^^^^^
(Worker_DP1_PP1_TP7_EP15 pid=71360) ERROR 09-15 00:47:02 [multiproc_executor.py:1055]   File "/usr/local/python3.11.10/lib/python3.11/site-packages/torch/utils/_contextlib.py", line 124, in decorate_context
(Worker_DP1_PP1_TP7_EP15 pid=71360) ERROR 09-15 00:47:02 [multiproc_executor.py:1055]     return func(*args, **kwargs)
(Worker_DP1_PP1_TP7_EP15 pid=71360) ERROR 09-15 00:47:02 [multiproc_executor.py:1055]            ^^^^^^^^^^^^^^^^^^^^^
(Worker_DP1_PP1_TP7_EP15 pid=71360) ERROR 09-15 00:47:02 [multiproc_executor.py:1055]   File "/home/w00985415/proj_0825/deps/vllm/vllm/v1/worker/gpu/model_runner.py", line 1849, in execute_model
(Worker_DP1_PP1_TP7_EP15 pid=71360) ERROR 09-15 00:47:02 [multiproc_executor.py:1055]     model_output = self.model(**model_inputs)
(Worker_DP1_PP1_TP7_EP15 pid=71360) ERROR 09-15 00:47:02 [multiproc_executor.py:1055]                    ^^^^^^^^^^^^^^^^^^^^^^^^^^
(Worker_DP1_PP1_TP7_EP15 pid=71360) ERROR 09-15 00:47:02 [multiproc_executor.py:1055]   File "/usr/local/python3.11.10/lib/python3.11/site-packages/torch/nn/modules/module.py", line 1776, in _wrapped_call_impl
(Worker_DP1_PP1_TP7_EP15 pid=71360) ERROR 09-15 00:47:02 [multiproc_executor.py:1055]     return self._call_impl(*args, **kwargs)
(Worker_DP1_PP1_TP7_EP15 pid=71360) ERROR 09-15 00:47:02 [multiproc_executor.py:1055]            ^^^^^^^^^^^^^^^^^^^^^^^^^^^^^^^^
(Worker_DP1_PP1_TP7_EP15 pid=71360) ERROR 09-15 00:47:02 [multiproc_executor.py:1055]   File "/usr/local/python3.11.10/lib/python3.11/site-packages/torch/nn/modules/module.py", line 1787, in _call_impl
(Worker_DP1_PP1_TP7_EP15 pid=71360) ERROR 09-15 00:47:02 [multiproc_executor.py:1055]     return forward_call(*args, **kwargs)
(Worker_DP1_PP1_TP7_EP15 pid=71360) ERROR 09-15 00:47:02 [multiproc_executor.py:1055]            ^^^^^^^^^^^^^^^^^^^^^^^^^^^^^
(Worker_DP1_PP1_TP7_EP15 pid=71360) ERROR 09-15 00:47:02 [multiproc_executor.py:1055]   File "/home/w00985415/proj_0825/deps/vllm-ascend/vllm_ascend/models/deepseek_v4/model.py", line 1098, in forward
(Worker_DP1_PP1_TP7_EP15 pid=71360) ERROR 09-15 00:47:02 [multiproc_executor.py:1055]     hidden_states = self.model(input_ids, positions, intermediate_tensors, inputs_embeds)
(Worker_DP1_PP1_TP7_EP15 pid=71360) ERROR 09-15 00:47:02 [multiproc_executor.py:1055]                     ^^^^^^^^^^^^^^^^^^^^^^^^^^^^^^^^^^^^^^^^^^^^^^^^^^^^^^^^^^^^^^^^^^^^^
(Worker_DP1_PP1_TP7_EP15 pid=71360) ERROR 09-15 00:47:02 [multiproc_executor.py:1055]   File "/home/w00985415/proj_0825/deps/vllm/vllm/compilation/decorators.py", line 509, in __call__
(Worker_DP1_PP1_TP7_EP15 pid=71360) ERROR 09-15 00:47:02 [multiproc_executor.py:1055]     return self.forward(*args, **kwargs)
(Worker_DP1_PP1_TP7_EP15 pid=71360) ERROR 09-15 00:47:02 [multiproc_executor.py:1055]            ^^^^^^^^^^^^^^^^^^^^^^^^^^^^^
(Worker_DP1_PP1_TP7_EP15 pid=71360) ERROR 09-15 00:47:02 [multiproc_executor.py:1055]   File "/home/w00985415/proj_0825/deps/vllm-ascend/vllm_ascend/models/deepseek_v4/model.py", line 940, in forward
(Worker_DP1_PP1_TP7_EP15 pid=71360) ERROR 09-15 00:47:02 [multiproc_executor.py:1055]     input_ids = sp_shard(input_ids)  # TODO: support PP with dsacp.
(Worker_DP1_PP1_TP7_EP15 pid=71360) ERROR 09-15 00:47:02 [multiproc_executor.py:1055]                 ^^^^^^^^^^^^^^^^^^^
(Worker_DP1_PP1_TP7_EP15 pid=71360) ERROR 09-15 00:47:02 [multiproc_executor.py:1055]   File "/home/w00985415/proj_0825/deps/vllm-ascend/vllm_ascend/models/common/ops/sequence_parallel.py", line 44, in sp_shard
(Worker_DP1_PP1_TP7_EP15 pid=71360) ERROR 09-15 00:47:02 [multiproc_executor.py:1055]     sp_pad = (-x.shape[0]) % tp_size
(Worker_DP1_PP1_TP7_EP15 pid=71360) ERROR 09-15 00:47:02 [multiproc_executor.py:1055]                ^^^^^^^
(Worker_DP1_PP1_TP7_EP15 pid=71360) ERROR 09-15 00:47:02 [multiproc_executor.py:1055] AttributeError: 'NoneType' object has no attribute 'shape'
(Worker_DP1_PP1_TP7_EP15 pid=71360) ERROR 09-15 00:47:02 [multiproc_executor.py:1055] Traceback (most recent call last):
(Worker_DP1_PP1_TP7_EP15 pid=71360) ERROR 09-15 00:47:02 [multiproc_executor.py:1055]   File "/home/w00985415/proj_0825/deps/vllm/vllm/v1/executor/multiproc_executor.py", line 1047, in _execute_worker_rpc
(Worker_DP1_PP1_TP7_EP15 pid=71360) ERROR 09-15 00:47:02 [multiproc_executor.py:1055]     output = func(*args, **kwargs)
(Worker_DP1_PP1_TP7_EP15 pid=71360) ERROR 09-15 00:47:02 [multiproc_executor.py:1055]              ^^^^^^^^^^^^^^^^^^^^^
(Worker_DP1_PP1_TP7_EP15 pid=71360) ERROR 09-15 00:47:02 [multiproc_executor.py:1055]   File "/usr/local/python3.11.10/lib/python3.11/site-packages/torch/utils/_contextlib.py", line 124, in decorate_context
(Worker_DP1_PP1_TP7_EP15 pid=71360) ERROR 09-15 00:47:02 [multiproc_executor.py:1055]     return func(*args, **kwargs)
(Worker_DP1_PP1_TP7_EP15 pid=71360) ERROR 09-15 00:47:02 [multiproc_executor.py:1055]            ^^^^^^^^^^^^^^^^^^^^^
(Worker_DP1_PP1_TP7_EP15 pid=71360) ERROR 09-15 00:47:02 [multiproc_executor.py:1055]   File "/home/w00985415/proj_0825/deps/vllm-ascend/vllm_ascend/worker/worker.py", line 600, in determine_available_memory
(Worker_DP1_PP1_TP7_EP15 pid=71360) ERROR 09-15 00:47:02 [multiproc_executor.py:1055]     self.model_runner.profile_run()
(Worker_DP1_PP1_TP7_EP15 pid=71360) ERROR 09-15 00:47:02 [multiproc_executor.py:1055]   File "/usr/local/python3.11.10/lib/python3.11/site-packages/torch/utils/_contextlib.py", line 124, in decorate_context
(Worker_DP1_PP1_TP7_EP15 pid=71360) ERROR 09-15 00:47:02 [multiproc_executor.py:1055]     return func(*args, **kwargs)
(Worker_DP1_PP1_TP7_EP15 pid=71360) ERROR 09-15 00:47:02 [multiproc_executor.py:1055]            ^^^^^^^^^^^^^^^^^^^^^
(Worker_DP1_PP1_TP7_EP15 pid=71360) ERROR 09-15 00:47:02 [multiproc_executor.py:1055]   File "/home/w00985415/proj_0825/deps/vllm-ascend/vllm_ascend/worker/v2/model_runner.py", line 315, in profile_run
(Worker_DP1_PP1_TP7_EP15 pid=71360) ERROR 09-15 00:47:02 [multiproc_executor.py:1055]     self._dummy_run(mc2_tokens_capacity, skip_attn=True, skip_eplb=True, is_profile=True)
(Worker_DP1_PP1_TP7_EP15 pid=71360) ERROR 09-15 00:47:02 [multiproc_executor.py:1055]   File "/home/w00985415/proj_0825/deps/vllm-ascend/vllm_ascend/worker/v2/model_runner.py", line 647, in _dummy_run
(Worker_DP1_PP1_TP7_EP15 pid=71360) ERROR 09-15 00:47:02 [multiproc_executor.py:1055]     hidden_states, sample_hidden_states = super()._dummy_run(
(Worker_DP1_PP1_TP7_EP15 pid=71360) ERROR 09-15 00:47:02 [multiproc_executor.py:1055]                                           ^^^^^^^^^^^^^^^^^^^
(Worker_DP1_PP1_TP7_EP15 pid=71360) ERROR 09-15 00:47:02 [multiproc_executor.py:1055]   File "/usr/local/python3.11.10/lib/python3.11/site-packages/torch/utils/_contextlib.py", line 124, in decorate_context
(Worker_DP1_PP1_TP7_EP15 pid=71360) ERROR 09-15 00:47:02 [multiproc_executor.py:1055]     return func(*args, **kwargs)
(Worker_DP1_PP1_TP7_EP15 pid=71360) ERROR 09-15 00:47:02 [multiproc_executor.py:1055]            ^^^^^^^^^^^^^^^^^^^^^
(Worker_DP1_PP1_TP7_EP15 pid=71360) ERROR 09-15 00:47:02 [multiproc_executor.py:1055]   File "/home/w00985415/proj_0825/deps/vllm/vllm/v1/worker/gpu/eplb_utils.py", line 27, in wrapper
(Worker_DP1_PP1_TP7_EP15 pid=71360) ERROR 09-15 00:47:02 [multiproc_executor.py:1055]     result = fn(self, *args, **kwargs)
(Worker_DP1_PP1_TP7_EP15 pid=71360) ERROR 09-15 00:47:02 [multiproc_executor.py:1055]              ^^^^^^^^^^^^^^^^^^^^^^^^^
(Worker_DP1_PP1_TP7_EP15 pid=71360) ERROR 09-15 00:47:02 [multiproc_executor.py:1055]   File "/home/w00985415/proj_0825/deps/vllm/vllm/v1/worker/gpu/model_runner.py", line 786, in _dummy_run
(Worker_DP1_PP1_TP7_EP15 pid=71360) ERROR 09-15 00:47:02 [multiproc_executor.py:1055]     self.execute_model(
(Worker_DP1_PP1_TP7_EP15 pid=71360) ERROR 09-15 00:47:02 [multiproc_executor.py:1055]   File "/usr/local/python3.11.10/lib/python3.11/site-packages/torch/utils/_contextlib.py", line 124, in decorate_context
(Worker_DP1_PP1_TP7_EP15 pid=71360) ERROR 09-15 00:47:02 [multiproc_executor.py:1055]     return func(*args, **kwargs)
(Worker_DP1_PP1_TP7_EP15 pid=71360) ERROR 09-15 00:47:02 [multiproc_executor.py:1055]            ^^^^^^^^^^^^^^^^^^^^^
(Worker_DP1_PP1_TP7_EP15 pid=71360) ERROR 09-15 00:47:02 [multiproc_executor.py:1055]   File "/home/w00985415/proj_0825/deps/vllm-ascend/vllm_ascend/worker/v2/model_runner.py", line 280, in execute_model
(Worker_DP1_PP1_TP7_EP15 pid=71360) ERROR 09-15 00:47:02 [multiproc_executor.py:1055]     output = super().execute_model(
(Worker_DP1_PP1_TP7_EP15 pid=71360) ERROR 09-15 00:47:02 [multiproc_executor.py:1055]              ^^^^^^^^^^^^^^^^^^^^^^
(Worker_DP1_PP1_TP7_EP15 pid=71360) ERROR 09-15 00:47:02 [multiproc_executor.py:1055]   File "/usr/local/python3.11.10/lib/python3.11/site-packages/torch/utils/_contextlib.py", line 124, in decorate_context
(Worker_DP1_PP1_TP7_EP15 pid=71360) ERROR 09-15 00:47:02 [multiproc_executor.py:1055]     return func(*args, **kwargs)
(Worker_DP1_PP1_TP7_EP15 pid=71360) ERROR 09-15 00:47:02 [multiproc_executor.py:1055]            ^^^^^^^^^^^^^^^^^^^^^
(Worker_DP1_PP1_TP7_EP15 pid=71360) ERROR 09-15 00:47:02 [multiproc_executor.py:1055]   File "/home/w00985415/proj_0825/deps/vllm/vllm/v1/worker/gpu/model_runner.py", line 1849, in execute_model
(Worker_DP1_PP1_TP7_EP15 pid=71360) ERROR 09-15 00:47:02 [multiproc_executor.py:1055]     model_output = self.model(**model_inputs)
(Worker_DP1_PP1_TP7_EP15 pid=71360) ERROR 09-15 00:47:02 [multiproc_executor.py:1055]                    ^^^^^^^^^^^^^^^^^^^^^^^^^^
(Worker_DP1_PP1_TP7_EP15 pid=71360) ERROR 09-15 00:47:02 [multiproc_executor.py:1055]   File "/usr/local/python3.11.10/lib/python3.11/site-packages/torch/nn/modules/module.py", line 1776, in _wrapped_call_impl
(Worker_DP1_PP1_TP7_EP15 pid=71360) ERROR 09-15 00:47:02 [multiproc_executor.py:1055]     return self._call_impl(*args, **kwargs)
(Worker_DP1_PP1_TP7_EP15 pid=71360) ERROR 09-15 00:47:02 [multiproc_executor.py:1055]            ^^^^^^^^^^^^^^^^^^^^^^^^^^^^^^^^
(Worker_DP1_PP1_TP7_EP15 pid=71360) ERROR 09-15 00:47:02 [multiproc_executor.py:1055]   File "/usr/local/python3.11.10/lib/python3.11/site-packages/torch/nn/modules/module.py", line 1787, in _call_impl
(Worker_DP1_PP1_TP7_EP15 pid=71360) ERROR 09-15 00:47:02 [multiproc_executor.py:1055]     return forward_call(*args, **kwargs)
(Worker_DP1_PP1_TP7_EP15 pid=71360) ERROR 09-15 00:47:02 [multiproc_executor.py:1055]            ^^^^^^^^^^^^^^^^^^^^^^^^^^^^^
(Worker_DP1_PP1_TP7_EP15 pid=71360) ERROR 09-15 00:47:02 [multiproc_executor.py:1055]   File "/home/w00985415/proj_0825/deps/vllm-ascend/vllm_ascend/models/deepseek_v4/model.py", line 1098, in forward
(Worker_DP1_PP1_TP7_EP15 pid=71360) ERROR 09-15 00:47:02 [multiproc_executor.py:1055]     hidden_states = self.model(input_ids, positions, intermediate_tensors, inputs_embeds)
(Worker_DP1_PP1_TP7_EP15 pid=71360) ERROR 09-15 00:47:02 [multiproc_executor.py:1055]                     ^^^^^^^^^^^^^^^^^^^^^^^^^^^^^^^^^^^^^^^^^^^^^^^^^^^^^^^^^^^^^^^^^^^^^
(Worker_DP1_PP1_TP7_EP15 pid=71360) ERROR 09-15 00:47:02 [multiproc_executor.py:1055]   File "/home/w00985415/proj_0825/deps/vllm/vllm/compilation/decorators.py", line 509, in __call__
(Worker_DP1_PP1_TP7_EP15 pid=71360) ERROR 09-15 00:47:02 [multiproc_executor.py:1055]     return self.forward(*args, **kwargs)
(Worker_DP1_PP1_TP7_EP15 pid=71360) ERROR 09-15 00:47:02 [multiproc_executor.py:1055]            ^^^^^^^^^^^^^^^^^^^^^^^^^^^^^
(Worker_DP1_PP1_TP7_EP15 pid=71360) ERROR 09-15 00:47:02 [multiproc_executor.py:1055]   File "/home/w00985415/proj_0825/deps/vllm-ascend/vllm_ascend/models/deepseek_v4/model.py", line 940, in forward
(Worker_DP1_PP1_TP7_EP15 pid=71360) ERROR 09-15 00:47:02 [multiproc_executor.py:1055]     input_ids = sp_shard(input_ids)  # TODO: support PP with dsacp.
(Worker_DP1_PP1_TP7_EP15 pid=71360) ERROR 09-15 00:47:02 [multiproc_executor.py:1055]                 ^^^^^^^^^^^^^^^^^^^
(Worker_DP1_PP1_TP7_EP15 pid=71360) ERROR 09-15 00:47:02 [multiproc_executor.py:1055]   File "/home/w00985415/proj_0825/deps/vllm-ascend/vllm_ascend/models/common/ops/sequence_parallel.py", line 44, in sp_shard
(Worker_DP1_PP1_TP7_EP15 pid=71360) ERROR 09-15 00:47:02 [multiproc_executor.py:1055]     sp_pad = (-x.shape[0]) % tp_size
(Worker_DP1_PP1_TP7_EP15 pid=71360) ERROR 09-15 00:47:02 [multiproc_executor.py:1055]                ^^^^^^^
(Worker_DP1_PP1_TP7_EP15 pid=71360) ERROR 09-15 00:47:02 [multiproc_executor.py:1055] AttributeError: 'NoneType' object has no attribute 'shape'
(Worker_DP1_PP1_TP7_EP15 pid=71360) ERROR 09-15 00:47:02 [multiproc_executor.py:1055] 
(Worker_DP0_PP1_TP7_EP7 pid=71361) ERROR 09-15 00:47:02 [multiproc_executor.py:1055] WorkerProc hit an exception.
(Worker_DP0_PP1_TP7_EP7 pid=71361) ERROR 09-15 00:47:02 [multiproc_executor.py:1055] Traceback (most recent call last):
(Worker_DP0_PP1_TP7_EP7 pid=71361) ERROR 09-15 00:47:02 [multiproc_executor.py:1055]   File "/home/w00985415/proj_0825/deps/vllm/vllm/v1/executor/multiproc_executor.py", line 1047, in _execute_worker_rpc
(Worker_DP0_PP1_TP7_EP7 pid=71361) ERROR 09-15 00:47:02 [multiproc_executor.py:1055]     output = func(*args, **kwargs)
(Worker_DP0_PP1_TP7_EP7 pid=71361) ERROR 09-15 00:47:02 [multiproc_executor.py:1055]              ^^^^^^^^^^^^^^^^^^^^^
(Worker_DP0_PP1_TP7_EP7 pid=71361) ERROR 09-15 00:47:02 [multiproc_executor.py:1055]   File "/usr/local/python3.11.10/lib/python3.11/site-packages/torch/utils/_contextlib.py", line 124, in decorate_context
(Worker_DP0_PP1_TP7_EP7 pid=71361) ERROR 09-15 00:47:02 [multiproc_executor.py:1055]     return func(*args, **kwargs)
(Worker_DP0_PP1_TP7_EP7 pid=71361) ERROR 09-15 00:47:02 [multiproc_executor.py:1055]            ^^^^^^^^^^^^^^^^^^^^^
(Worker_DP0_PP1_TP7_EP7 pid=71361) ERROR 09-15 00:47:02 [multiproc_executor.py:1055]   File "/home/w00985415/proj_0825/deps/vllm-ascend/vllm_ascend/worker/worker.py", line 600, in determine_available_memory
(Worker_DP0_PP1_TP7_EP7 pid=71361) ERROR 09-15 00:47:02 [multiproc_executor.py:1055]     self.model_runner.profile_run()
(Worker_DP0_PP1_TP7_EP7 pid=71361) ERROR 09-15 00:47:02 [multiproc_executor.py:1055]   File "/usr/local/python3.11.10/lib/python3.11/site-packages/torch/utils/_contextlib.py", line 124, in decorate_context
(Worker_DP0_PP1_TP7_EP7 pid=71361) ERROR 09-15 00:47:02 [multiproc_executor.py:1055]     return func(*args, **kwargs)
(Worker_DP0_PP1_TP7_EP7 pid=71361) ERROR 09-15 00:47:02 [multiproc_executor.py:1055]            ^^^^^^^^^^^^^^^^^^^^^
(Worker_DP0_PP1_TP7_EP7 pid=71361) ERROR 09-15 00:47:02 [multiproc_executor.py:1055]   File "/home/w00985415/proj_0825/deps/vllm-ascend/vllm_ascend/worker/v2/model_runner.py", line 315, in profile_run
(Worker_DP0_PP1_TP7_EP7 pid=71361) ERROR 09-15 00:47:02 [multiproc_executor.py:1055]     self._dummy_run(mc2_tokens_capacity, skip_attn=True, skip_eplb=True, is_profile=True)
(Worker_DP0_PP1_TP7_EP7 pid=71361) ERROR 09-15 00:47:02 [multiproc_executor.py:1055]   File "/home/w00985415/proj_0825/deps/vllm-ascend/vllm_ascend/worker/v2/model_runner.py", line 647, in _dummy_run
(Worker_DP0_PP1_TP7_EP7 pid=71361) ERROR 09-15 00:47:02 [multiproc_executor.py:1055]     hidden_states, sample_hidden_states = super()._dummy_run(
(Worker_DP0_PP1_TP7_EP7 pid=71361) ERROR 09-15 00:47:02 [multiproc_executor.py:1055]                                           ^^^^^^^^^^^^^^^^^^^
(Worker_DP0_PP1_TP7_EP7 pid=71361) ERROR 09-15 00:47:02 [multiproc_executor.py:1055]   File "/usr/local/python3.11.10/lib/python3.11/site-packages/torch/utils/_contextlib.py", line 124, in decorate_context
(Worker_DP0_PP1_TP7_EP7 pid=71361) ERROR 09-15 00:47:02 [multiproc_executor.py:1055]     return func(*args, **kwargs)
(Worker_DP0_PP1_TP7_EP7 pid=71361) ERROR 09-15 00:47:02 [multiproc_executor.py:1055]            ^^^^^^^^^^^^^^^^^^^^^
(Worker_DP0_PP1_TP7_EP7 pid=71361) ERROR 09-15 00:47:02 [multiproc_executor.py:1055]   File "/home/w00985415/proj_0825/deps/vllm/vllm/v1/worker/gpu/eplb_utils.py", line 27, in wrapper
(Worker_DP0_PP1_TP7_EP7 pid=71361) ERROR 09-15 00:47:02 [multiproc_executor.py:1055]     result = fn(self, *args, **kwargs)
(Worker_DP0_PP1_TP7_EP7 pid=71361) ERROR 09-15 00:47:02 [multiproc_executor.py:1055]              ^^^^^^^^^^^^^^^^^^^^^^^^^
(Worker_DP0_PP1_TP7_EP7 pid=71361) ERROR 09-15 00:47:02 [multiproc_executor.py:1055]   File "/home/w00985415/proj_0825/deps/vllm/vllm/v1/worker/gpu/model_runner.py", line 786, in _dummy_run
(Worker_DP0_PP1_TP7_EP7 pid=71361) ERROR 09-15 00:47:02 [multiproc_executor.py:1055]     self.execute_model(
(Worker_DP0_PP1_TP7_EP7 pid=71361) ERROR 09-15 00:47:02 [multiproc_executor.py:1055]   File "/usr/local/python3.11.10/lib/python3.11/site-packages/torch/utils/_contextlib.py", line 124, in decorate_context
(Worker_DP0_PP1_TP7_EP7 pid=71361) ERROR 09-15 00:47:02 [multiproc_executor.py:1055]     return func(*args, **kwargs)
(Worker_DP0_PP1_TP7_EP7 pid=71361) ERROR 09-15 00:47:02 [multiproc_executor.py:1055]            ^^^^^^^^^^^^^^^^^^^^^
(Worker_DP0_PP1_TP7_EP7 pid=71361) ERROR 09-15 00:47:02 [multiproc_executor.py:1055]   File "/home/w00985415/proj_0825/deps/vllm-ascend/vllm_ascend/worker/v2/model_runner.py", line 280, in execute_model
(Worker_DP0_PP1_TP7_EP7 pid=71361) ERROR 09-15 00:47:02 [multiproc_executor.py:1055]     output = super().execute_model(
(Worker_DP0_PP1_TP7_EP7 pid=71361) ERROR 09-15 00:47:02 [multiproc_executor.py:1055]              ^^^^^^^^^^^^^^^^^^^^^^
(Worker_DP0_PP1_TP7_EP7 pid=71361) ERROR 09-15 00:47:02 [multiproc_executor.py:1055]   File "/usr/local/python3.11.10/lib/python3.11/site-packages/torch/utils/_contextlib.py", line 124, in decorate_context
(Worker_DP0_PP1_TP7_EP7 pid=71361) ERROR 09-15 00:47:02 [multiproc_executor.py:1055]     return func(*args, **kwargs)
(Worker_DP0_PP1_TP7_EP7 pid=71361) ERROR 09-15 00:47:02 [multiproc_executor.py:1055]            ^^^^^^^^^^^^^^^^^^^^^
(Worker_DP0_PP1_TP7_EP7 pid=71361) ERROR 09-15 00:47:02 [multiproc_executor.py:1055]   File "/home/w00985415/proj_0825/deps/vllm/vllm/v1/worker/gpu/model_runner.py", line 1849, in execute_model
(Worker_DP0_PP1_TP7_EP7 pid=71361) ERROR 09-15 00:47:02 [multiproc_executor.py:1055]     model_output = self.model(**model_inputs)
(Worker_DP0_PP1_TP7_EP7 pid=71361) ERROR 09-15 00:47:02 [multiproc_executor.py:1055]                    ^^^^^^^^^^^^^^^^^^^^^^^^^^
(Worker_DP0_PP1_TP7_EP7 pid=71361) ERROR 09-15 00:47:02 [multiproc_executor.py:1055]   File "/usr/local/python3.11.10/lib/python3.11/site-packages/torch/nn/modules/module.py", line 1776, in _wrapped_call_impl
(Worker_DP0_PP1_TP7_EP7 pid=71361) ERROR 09-15 00:47:02 [multiproc_executor.py:1055]     return self._call_impl(*args, **kwargs)
(Worker_DP0_PP1_TP7_EP7 pid=71361) ERROR 09-15 00:47:02 [multiproc_executor.py:1055]            ^^^^^^^^^^^^^^^^^^^^^^^^^^^^^^^^
(Worker_DP0_PP1_TP7_EP7 pid=71361) ERROR 09-15 00:47:02 [multiproc_executor.py:1055]   File "/usr/local/python3.11.10/lib/python3.11/site-packages/torch/nn/modules/module.py", line 1787, in _call_impl
(Worker_DP0_PP1_TP7_EP7 pid=71361) ERROR 09-15 00:47:02 [multiproc_executor.py:1055]     return forward_call(*args, **kwargs)
(Worker_DP0_PP1_TP7_EP7 pid=71361) ERROR 09-15 00:47:02 [multiproc_executor.py:1055]            ^^^^^^^^^^^^^^^^^^^^^^^^^^^^^
(Worker_DP0_PP1_TP7_EP7 pid=71361) ERROR 09-15 00:47:02 [multiproc_executor.py:1055]   File "/home/w00985415/proj_0825/deps/vllm-ascend/vllm_ascend/models/deepseek_v4/model.py", line 1098, in forward
(Worker_DP0_PP1_TP7_EP7 pid=71361) ERROR 09-15 00:47:02 [multiproc_executor.py:1055]     hidden_states = self.model(input_ids, positions, intermediate_tensors, inputs_embeds)
(Worker_DP0_PP1_TP7_EP7 pid=71361) ERROR 09-15 00:47:02 [multiproc_executor.py:1055]                     ^^^^^^^^^^^^^^^^^^^^^^^^^^^^^^^^^^^^^^^^^^^^^^^^^^^^^^^^^^^^^^^^^^^^^
(Worker_DP0_PP1_TP7_EP7 pid=71361) ERROR 09-15 00:47:02 [multiproc_executor.py:1055]   File "/home/w00985415/proj_0825/deps/vllm/vllm/compilation/decorators.py", line 509, in __call__
(Worker_DP0_PP1_TP7_EP7 pid=71361) ERROR 09-15 00:47:02 [multiproc_executor.py:1055]     return self.forward(*args, **kwargs)
(Worker_DP0_PP1_TP7_EP7 pid=71361) ERROR 09-15 00:47:02 [multiproc_executor.py:1055]            ^^^^^^^^^^^^^^^^^^^^^^^^^^^^^
(Worker_DP0_PP1_TP7_EP7 pid=71361) ERROR 09-15 00:47:02 [multiproc_executor.py:1055]   File "/home/w00985415/proj_0825/deps/vllm-ascend/vllm_ascend/models/deepseek_v4/model.py", line 940, in forward
(Worker_DP0_PP1_TP7_EP7 pid=71361) ERROR 09-15 00:47:02 [multiproc_executor.py:1055]     input_ids = sp_shard(input_ids)  # TODO: support PP with dsacp.
(Worker_DP0_PP1_TP7_EP7 pid=71361) ERROR 09-15 00:47:02 [multiproc_executor.py:1055]                 ^^^^^^^^^^^^^^^^^^^
(Worker_DP0_PP1_TP7_EP7 pid=71361) ERROR 09-15 00:47:02 [multiproc_executor.py:1055]   File "/home/w00985415/proj_0825/deps/vllm-ascend/vllm_ascend/models/common/ops/sequence_parallel.py", line 44, in sp_shard
(Worker_DP0_PP1_TP7_EP7 pid=71361) ERROR 09-15 00:47:02 [multiproc_executor.py:1055]     sp_pad = (-x.shape[0]) % tp_size
(Worker_DP0_PP1_TP7_EP7 pid=71361) ERROR 09-15 00:47:02 [multiproc_executor.py:1055]                ^^^^^^^
(Worker_DP0_PP1_TP7_EP7 pid=71361) ERROR 09-15 00:47:02 [multiproc_executor.py:1055] AttributeError: 'NoneType' object has no attribute 'shape'
(Worker_DP0_PP1_TP7_EP7 pid=71361) ERROR 09-15 00:47:02 [multiproc_executor.py:1055] Traceback (most recent call last):
(Worker_DP0_PP1_TP7_EP7 pid=71361) ERROR 09-15 00:47:02 [multiproc_executor.py:1055]   File "/home/w00985415/proj_0825/deps/vllm/vllm/v1/executor/multiproc_executor.py", line 1047, in _execute_worker_rpc
(Worker_DP0_PP1_TP7_EP7 pid=71361) ERROR 09-15 00:47:02 [multiproc_executor.py:1055]     output = func(*args, **kwargs)
(Worker_DP0_PP1_TP7_EP7 pid=71361) ERROR 09-15 00:47:02 [multiproc_executor.py:1055]              ^^^^^^^^^^^^^^^^^^^^^
(Worker_DP0_PP1_TP7_EP7 pid=71361) ERROR 09-15 00:47:02 [multiproc_executor.py:1055]   File "/usr/local/python3.11.10/lib/python3.11/site-packages/torch/utils/_contextlib.py", line 124, in decorate_context
(Worker_DP0_PP1_TP7_EP7 pid=71361) ERROR 09-15 00:47:02 [multiproc_executor.py:1055]     return func(*args, **kwargs)
(Worker_DP0_PP1_TP7_EP7 pid=71361) ERROR 09-15 00:47:02 [multiproc_executor.py:1055]            ^^^^^^^^^^^^^^^^^^^^^
(Worker_DP0_PP1_TP7_EP7 pid=71361) ERROR 09-15 00:47:02 [multiproc_executor.py:1055]   File "/home/w00985415/proj_0825/deps/vllm-ascend/vllm_ascend/worker/worker.py", line 600, in determine_available_memory
(Worker_DP0_PP1_TP7_EP7 pid=71361) ERROR 09-15 00:47:02 [multiproc_executor.py:1055]     self.model_runner.profile_run()
(Worker_DP0_PP1_TP7_EP7 pid=71361) ERROR 09-15 00:47:02 [multiproc_executor.py:1055]   File "/usr/local/python3.11.10/lib/python3.11/site-packages/torch/utils/_contextlib.py", line 124, in decorate_context
(Worker_DP0_PP1_TP7_EP7 pid=71361) ERROR 09-15 00:47:02 [multiproc_executor.py:1055]     return func(*args, **kwargs)
(Worker_DP0_PP1_TP7_EP7 pid=71361) ERROR 09-15 00:47:02 [multiproc_executor.py:1055]            ^^^^^^^^^^^^^^^^^^^^^
(Worker_DP0_PP1_TP7_EP7 pid=71361) ERROR 09-15 00:47:02 [multiproc_executor.py:1055]   File "/home/w00985415/proj_0825/deps/vllm-ascend/vllm_ascend/worker/v2/model_runner.py", line 315, in profile_run
(Worker_DP0_PP1_TP7_EP7 pid=71361) ERROR 09-15 00:47:02 [multiproc_executor.py:1055]     self._dummy_run(mc2_tokens_capacity, skip_attn=True, skip_eplb=True, is_profile=True)
(Worker_DP0_PP1_TP7_EP7 pid=71361) ERROR 09-15 00:47:02 [multiproc_executor.py:1055]   File "/home/w00985415/proj_0825/deps/vllm-ascend/vllm_ascend/worker/v2/model_runner.py", line 647, in _dummy_run
(Worker_DP0_PP1_TP7_EP7 pid=71361) ERROR 09-15 00:47:02 [multiproc_executor.py:1055]     hidden_states, sample_hidden_states = super()._dummy_run(
(Worker_DP0_PP1_TP7_EP7 pid=71361) ERROR 09-15 00:47:02 [multiproc_executor.py:1055]                                           ^^^^^^^^^^^^^^^^^^^
(Worker_DP0_PP1_TP7_EP7 pid=71361) ERROR 09-15 00:47:02 [multiproc_executor.py:1055]   File "/usr/local/python3.11.10/lib/python3.11/site-packages/torch/utils/_contextlib.py", line 124, in decorate_context
(Worker_DP0_PP1_TP7_EP7 pid=71361) ERROR 09-15 00:47:02 [multiproc_executor.py:1055]     return func(*args, **kwargs)
(Worker_DP0_PP1_TP7_EP7 pid=71361) ERROR 09-15 00:47:02 [multiproc_executor.py:1055]            ^^^^^^^^^^^^^^^^^^^^^
(Worker_DP0_PP1_TP7_EP7 pid=71361) ERROR 09-15 00:47:02 [multiproc_executor.py:1055]   File "/home/w00985415/proj_0825/deps/vllm/vllm/v1/worker/gpu/eplb_utils.py", line 27, in wrapper
(Worker_DP0_PP1_TP7_EP7 pid=71361) ERROR 09-15 00:47:02 [multiproc_executor.py:1055]     result = fn(self, *args, **kwargs)
(Worker_DP0_PP1_TP7_EP7 pid=71361) ERROR 09-15 00:47:02 [multiproc_executor.py:1055]              ^^^^^^^^^^^^^^^^^^^^^^^^^
(Worker_DP0_PP1_TP7_EP7 pid=71361) ERROR 09-15 00:47:02 [multiproc_executor.py:1055]   File "/home/w00985415/proj_0825/deps/vllm/vllm/v1/worker/gpu/model_runner.py", line 786, in _dummy_run
(Worker_DP0_PP1_TP7_EP7 pid=71361) ERROR 09-15 00:47:02 [multiproc_executor.py:1055]     self.execute_model(
(Worker_DP0_PP1_TP7_EP7 pid=71361) ERROR 09-15 00:47:02 [multiproc_executor.py:1055]   File "/usr/local/python3.11.10/lib/python3.11/site-packages/torch/utils/_contextlib.py", line 124, in decorate_context
(Worker_DP0_PP1_TP7_EP7 pid=71361) ERROR 09-15 00:47:02 [multiproc_executor.py:1055]     return func(*args, **kwargs)
(Worker_DP0_PP1_TP7_EP7 pid=71361) ERROR 09-15 00:47:02 [multiproc_executor.py:1055]            ^^^^^^^^^^^^^^^^^^^^^
(Worker_DP0_PP1_TP7_EP7 pid=71361) ERROR 09-15 00:47:02 [multiproc_executor.py:1055]   File "/home/w00985415/proj_0825/deps/vllm-ascend/vllm_ascend/worker/v2/model_runner.py", line 280, in execute_model
(Worker_DP0_PP1_TP7_EP7 pid=71361) ERROR 09-15 00:47:02 [multiproc_executor.py:1055]     output = super().execute_model(
(Worker_DP0_PP1_TP7_EP7 pid=71361) ERROR 09-15 00:47:02 [multiproc_executor.py:1055]              ^^^^^^^^^^^^^^^^^^^^^^
(Worker_DP0_PP1_TP7_EP7 pid=71361) ERROR 09-15 00:47:02 [multiproc_executor.py:1055]   File "/usr/local/python3.11.10/lib/python3.11/site-packages/torch/utils/_contextlib.py", line 124, in decorate_context
(Worker_DP0_PP1_TP7_EP7 pid=71361) ERROR 09-15 00:47:02 [multiproc_executor.py:1055]     return func(*args, **kwargs)
(Worker_DP0_PP1_TP7_EP7 pid=71361) ERROR 09-15 00:47:02 [multiproc_executor.py:1055]            ^^^^^^^^^^^^^^^^^^^^^
(Worker_DP0_PP1_TP7_EP7 pid=71361) ERROR 09-15 00:47:02 [multiproc_executor.py:1055]   File "/home/w00985415/proj_0825/deps/vllm/vllm/v1/worker/gpu/model_runner.py", line 1849, in execute_model
(Worker_DP0_PP1_TP7_EP7 pid=71361) ERROR 09-15 00:47:02 [multiproc_executor.py:1055]     model_output = self.model(**model_inputs)
(Worker_DP0_PP1_TP7_EP7 pid=71361) ERROR 09-15 00:47:02 [multiproc_executor.py:1055]                    ^^^^^^^^^^^^^^^^^^^^^^^^^^
(Worker_DP0_PP1_TP7_EP7 pid=71361) ERROR 09-15 00:47:02 [multiproc_executor.py:1055]   File "/usr/local/python3.11.10/lib/python3.11/site-packages/torch/nn/modules/module.py", line 1776, in _wrapped_call_impl
(Worker_DP0_PP1_TP7_EP7 pid=71361) ERROR 09-15 00:47:02 [multiproc_executor.py:1055]     return self._call_impl(*args, **kwargs)
(Worker_DP0_PP1_TP7_EP7 pid=71361) ERROR 09-15 00:47:02 [multiproc_executor.py:1055]            ^^^^^^^^^^^^^^^^^^^^^^^^^^^^^^^^
(Worker_DP0_PP1_TP7_EP7 pid=71361) ERROR 09-15 00:47:02 [multiproc_executor.py:1055]   File "/usr/local/python3.11.10/lib/python3.11/site-packages/torch/nn/modules/module.py", line 1787, in _call_impl
(Worker_DP0_PP1_TP7_EP7 pid=71361) ERROR 09-15 00:47:02 [multiproc_executor.py:1055]     return forward_call(*args, **kwargs)
(Worker_DP0_PP1_TP7_EP7 pid=71361) ERROR 09-15 00:47:02 [multiproc_executor.py:1055]            ^^^^^^^^^^^^^^^^^^^^^^^^^^^^^
(Worker_DP0_PP1_TP7_EP7 pid=71361) ERROR 09-15 00:47:02 [multiproc_executor.py:1055]   File "/home/w00985415/proj_0825/deps/vllm-ascend/vllm_ascend/models/deepseek_v4/model.py", line 1098, in forward
(Worker_DP0_PP1_TP7_EP7 pid=71361) ERROR 09-15 00:47:02 [multiproc_executor.py:1055]     hidden_states = self.model(input_ids, positions, intermediate_tensors, inputs_embeds)
(Worker_DP0_PP1_TP7_EP7 pid=71361) ERROR 09-15 00:47:02 [multiproc_executor.py:1055]                     ^^^^^^^^^^^^^^^^^^^^^^^^^^^^^^^^^^^^^^^^^^^^^^^^^^^^^^^^^^^^^^^^^^^^^
(Worker_DP0_PP1_TP7_EP7 pid=71361) ERROR 09-15 00:47:02 [multiproc_executor.py:1055]   File "/home/w00985415/proj_0825/deps/vllm/vllm/compilation/decorators.py", line 509, in __call__
(Worker_DP0_PP1_TP7_EP7 pid=71361) ERROR 09-15 00:47:02 [multiproc_executor.py:1055]     return self.forward(*args, **kwargs)
(Worker_DP0_PP1_TP7_EP7 pid=71361) ERROR 09-15 00:47:02 [multiproc_executor.py:1055]            ^^^^^^^^^^^^^^^^^^^^^^^^^^^^^
(Worker_DP0_PP1_TP7_EP7 pid=71361) ERROR 09-15 00:47:02 [multiproc_executor.py:1055]   File "/home/w00985415/proj_0825/deps/vllm-ascend/vllm_ascend/models/deepseek_v4/model.py", line 940, in forward
(Worker_DP0_PP1_TP7_EP7 pid=71361) ERROR 09-15 00:47:02 [multiproc_executor.py:1055]     input_ids = sp_shard(input_ids)  # TODO: support PP with dsacp.
(Worker_DP0_PP1_TP7_EP7 pid=71361) ERROR 09-15 00:47:02 [multiproc_executor.py:1055]                 ^^^^^^^^^^^^^^^^^^^
(Worker_DP0_PP1_TP7_EP7 pid=71361) ERROR 09-15 00:47:02 [multiproc_executor.py:1055]   File "/home/w00985415/proj_0825/deps/vllm-ascend/vllm_ascend/models/common/ops/sequence_parallel.py", line 44, in sp_shard
(Worker_DP0_PP1_TP7_EP7 pid=71361) ERROR 09-15 00:47:02 [multiproc_executor.py:1055]     sp_pad = (-x.shape[0]) % tp_size
(Worker_DP0_PP1_TP7_EP7 pid=71361) ERROR 09-15 00:47:02 [multiproc_executor.py:1055]                ^^^^^^^
(Worker_DP0_PP1_TP7_EP7 pid=71361) ERROR 09-15 00:47:02 [multiproc_executor.py:1055] AttributeError: 'NoneType' object has no attribute 'shape'
(Worker_DP0_PP1_TP7_EP7 pid=71361) ERROR 09-15 00:47:02 [multiproc_executor.py:1055] 
(Worker_DP1_PP1_TP3_EP11 pid=70761) ERROR 09-15 00:47:02 [multiproc_executor.py:1055] WorkerProc hit an exception.
(Worker_DP1_PP1_TP3_EP11 pid=70761) ERROR 09-15 00:47:02 [multiproc_executor.py:1055] Traceback (most recent call last):
(Worker_DP1_PP1_TP3_EP11 pid=70761) ERROR 09-15 00:47:02 [multiproc_executor.py:1055]   File "/home/w00985415/proj_0825/deps/vllm/vllm/v1/executor/multiproc_executor.py", line 1047, in _execute_worker_rpc
(Worker_DP1_PP1_TP3_EP11 pid=70761) ERROR 09-15 00:47:02 [multiproc_executor.py:1055]     output = func(*args, **kwargs)
(Worker_DP1_PP1_TP3_EP11 pid=70761) ERROR 09-15 00:47:02 [multiproc_executor.py:1055]              ^^^^^^^^^^^^^^^^^^^^^
(Worker_DP1_PP1_TP3_EP11 pid=70761) ERROR 09-15 00:47:02 [multiproc_executor.py:1055]   File "/usr/local/python3.11.10/lib/python3.11/site-packages/torch/utils/_contextlib.py", line 124, in decorate_context
(Worker_DP1_PP1_TP3_EP11 pid=70761) ERROR 09-15 00:47:02 [multiproc_executor.py:1055]     return func(*args, **kwargs)
(Worker_DP1_PP1_TP3_EP11 pid=70761) ERROR 09-15 00:47:02 [multiproc_executor.py:1055]            ^^^^^^^^^^^^^^^^^^^^^
(Worker_DP1_PP1_TP3_EP11 pid=70761) ERROR 09-15 00:47:02 [multiproc_executor.py:1055]   File "/home/w00985415/proj_0825/deps/vllm-ascend/vllm_ascend/worker/worker.py", line 600, in determine_available_memory
(Worker_DP1_PP1_TP3_EP11 pid=70761) ERROR 09-15 00:47:02 [multiproc_executor.py:1055]     self.model_runner.profile_run()
(Worker_DP1_PP1_TP3_EP11 pid=70761) ERROR 09-15 00:47:02 [multiproc_executor.py:1055]   File "/usr/local/python3.11.10/lib/python3.11/site-packages/torch/utils/_contextlib.py", line 124, in decorate_context
(Worker_DP1_PP1_TP3_EP11 pid=70761) ERROR 09-15 00:47:02 [multiproc_executor.py:1055]     return func(*args, **kwargs)
(Worker_DP1_PP1_TP3_EP11 pid=70761) ERROR 09-15 00:47:02 [multiproc_executor.py:1055]            ^^^^^^^^^^^^^^^^^^^^^
(Worker_DP1_PP1_TP3_EP11 pid=70761) ERROR 09-15 00:47:02 [multiproc_executor.py:1055]   File "/home/w00985415/proj_0825/deps/vllm-ascend/vllm_ascend/worker/v2/model_runner.py", line 315, in profile_run
(Worker_DP1_PP1_TP3_EP11 pid=70761) ERROR 09-15 00:47:02 [multiproc_executor.py:1055]     self._dummy_run(mc2_tokens_capacity, skip_attn=True, skip_eplb=True, is_profile=True)
(Worker_DP1_PP1_TP3_EP11 pid=70761) ERROR 09-15 00:47:02 [multiproc_executor.py:1055]   File "/home/w00985415/proj_0825/deps/vllm-ascend/vllm_ascend/worker/v2/model_runner.py", line 647, in _dummy_run
(Worker_DP1_PP1_TP3_EP11 pid=70761) ERROR 09-15 00:47:02 [multiproc_executor.py:1055]     hidden_states, sample_hidden_states = super()._dummy_run(
(Worker_DP1_PP1_TP3_EP11 pid=70761) ERROR 09-15 00:47:02 [multiproc_executor.py:1055]                                           ^^^^^^^^^^^^^^^^^^^
(Worker_DP1_PP1_TP3_EP11 pid=70761) ERROR 09-15 00:47:02 [multiproc_executor.py:1055]   File "/usr/local/python3.11.10/lib/python3.11/site-packages/torch/utils/_contextlib.py", line 124, in decorate_context
(Worker_DP1_PP1_TP3_EP11 pid=70761) ERROR 09-15 00:47:02 [multiproc_executor.py:1055]     return func(*args, **kwargs)
(Worker_DP1_PP1_TP3_EP11 pid=70761) ERROR 09-15 00:47:02 [multiproc_executor.py:1055]            ^^^^^^^^^^^^^^^^^^^^^
(Worker_DP1_PP1_TP3_EP11 pid=70761) ERROR 09-15 00:47:02 [multiproc_executor.py:1055]   File "/home/w00985415/proj_0825/deps/vllm/vllm/v1/worker/gpu/eplb_utils.py", line 27, in wrapper
(Worker_DP1_PP1_TP3_EP11 pid=70761) ERROR 09-15 00:47:02 [multiproc_executor.py:1055]     result = fn(self, *args, **kwargs)
(Worker_DP1_PP1_TP3_EP11 pid=70761) ERROR 09-15 00:47:02 [multiproc_executor.py:1055]              ^^^^^^^^^^^^^^^^^^^^^^^^^
(Worker_DP1_PP1_TP3_EP11 pid=70761) ERROR 09-15 00:47:02 [multiproc_executor.py:1055]   File "/home/w00985415/proj_0825/deps/vllm/vllm/v1/worker/gpu/model_runner.py", line 786, in _dummy_run
(Worker_DP1_PP1_TP3_EP11 pid=70761) ERROR 09-15 00:47:02 [multiproc_executor.py:1055]     self.execute_model(
(Worker_DP1_PP1_TP3_EP11 pid=70761) ERROR 09-15 00:47:02 [multiproc_executor.py:1055]   File "/usr/local/python3.11.10/lib/python3.11/site-packages/torch/utils/_contextlib.py", line 124, in decorate_context
(Worker_DP1_PP1_TP3_EP11 pid=70761) ERROR 09-15 00:47:02 [multiproc_executor.py:1055]     return func(*args, **kwargs)
(Worker_DP1_PP1_TP3_EP11 pid=70761) ERROR 09-15 00:47:02 [multiproc_executor.py:1055]            ^^^^^^^^^^^^^^^^^^^^^
(Worker_DP1_PP1_TP3_EP11 pid=70761) ERROR 09-15 00:47:02 [multiproc_executor.py:1055]   File "/home/w00985415/proj_0825/deps/vllm-ascend/vllm_ascend/worker/v2/model_runner.py", line 280, in execute_model
(Worker_DP1_PP1_TP3_EP11 pid=70761) ERROR 09-15 00:47:02 [multiproc_executor.py:1055]     output = super().execute_model(
(Worker_DP1_PP1_TP3_EP11 pid=70761) ERROR 09-15 00:47:02 [multiproc_executor.py:1055]              ^^^^^^^^^^^^^^^^^^^^^^
(Worker_DP1_PP1_TP3_EP11 pid=70761) ERROR 09-15 00:47:02 [multiproc_executor.py:1055]   File "/usr/local/python3.11.10/lib/python3.11/site-packages/torch/utils/_contextlib.py", line 124, in decorate_context
(Worker_DP1_PP1_TP3_EP11 pid=70761) ERROR 09-15 00:47:02 [multiproc_executor.py:1055]     return func(*args, **kwargs)
(Worker_DP1_PP1_TP3_EP11 pid=70761) ERROR 09-15 00:47:02 [multiproc_executor.py:1055]            ^^^^^^^^^^^^^^^^^^^^^
(Worker_DP1_PP1_TP3_EP11 pid=70761) ERROR 09-15 00:47:02 [multiproc_executor.py:1055]   File "/home/w00985415/proj_0825/deps/vllm/vllm/v1/worker/gpu/model_runner.py", line 1849, in execute_model
(Worker_DP1_PP1_TP3_EP11 pid=70761) ERROR 09-15 00:47:02 [multiproc_executor.py:1055]     model_output = self.model(**model_inputs)
(Worker_DP1_PP1_TP3_EP11 pid=70761) ERROR 09-15 00:47:02 [multiproc_executor.py:1055]                    ^^^^^^^^^^^^^^^^^^^^^^^^^^
(Worker_DP1_PP1_TP3_EP11 pid=70761) ERROR 09-15 00:47:02 [multiproc_executor.py:1055]   File "/usr/local/python3.11.10/lib/python3.11/site-packages/torch/nn/modules/module.py", line 1776, in _wrapped_call_impl
(Worker_DP1_PP1_TP3_EP11 pid=70761) ERROR 09-15 00:47:02 [multiproc_executor.py:1055]     return self._call_impl(*args, **kwargs)
(Worker_DP1_PP1_TP3_EP11 pid=70761) ERROR 09-15 00:47:02 [multiproc_executor.py:1055]            ^^^^^^^^^^^^^^^^^^^^^^^^^^^^^^^^
(Worker_DP1_PP1_TP3_EP11 pid=70761) ERROR 09-15 00:47:02 [multiproc_executor.py:1055]   File "/usr/local/python3.11.10/lib/python3.11/site-packages/torch/nn/modules/module.py", line 1787, in _call_impl
(Worker_DP1_PP1_TP3_EP11 pid=70761) ERROR 09-15 00:47:02 [multiproc_executor.py:1055]     return forward_call(*args, **kwargs)
(Worker_DP1_PP1_TP3_EP11 pid=70761) ERROR 09-15 00:47:02 [multiproc_executor.py:1055]            ^^^^^^^^^^^^^^^^^^^^^^^^^^^^^
(Worker_DP1_PP1_TP3_EP11 pid=70761) ERROR 09-15 00:47:02 [multiproc_executor.py:1055]   File "/home/w00985415/proj_0825/deps/vllm-ascend/vllm_ascend/models/deepseek_v4/model.py", line 1098, in forward
(Worker_DP1_PP1_TP3_EP11 pid=70761) ERROR 09-15 00:47:02 [multiproc_executor.py:1055]     hidden_states = self.model(input_ids, positions, intermediate_tensors, inputs_embeds)
(Worker_DP1_PP1_TP3_EP11 pid=70761) ERROR 09-15 00:47:02 [multiproc_executor.py:1055]                     ^^^^^^^^^^^^^^^^^^^^^^^^^^^^^^^^^^^^^^^^^^^^^^^^^^^^^^^^^^^^^^^^^^^^^
(Worker_DP1_PP1_TP3_EP11 pid=70761) ERROR 09-15 00:47:02 [multiproc_executor.py:1055]   File "/home/w00985415/proj_0825/deps/vllm/vllm/compilation/decorators.py", line 509, in __call__
(Worker_DP1_PP1_TP3_EP11 pid=70761) ERROR 09-15 00:47:02 [multiproc_executor.py:1055]     return self.forward(*args, **kwargs)
(Worker_DP1_PP1_TP3_EP11 pid=70761) ERROR 09-15 00:47:02 [multiproc_executor.py:1055]            ^^^^^^^^^^^^^^^^^^^^^^^^^^^^^
(Worker_DP1_PP1_TP3_EP11 pid=70761) ERROR 09-15 00:47:02 [multiproc_executor.py:1055]   File "/home/w00985415/proj_0825/deps/vllm-ascend/vllm_ascend/models/deepseek_v4/model.py", line 940, in forward
(Worker_DP1_PP1_TP3_EP11 pid=70761) ERROR 09-15 00:47:02 [multiproc_executor.py:1055]     input_ids = sp_shard(input_ids)  # TODO: support PP with dsacp.
(Worker_DP1_PP1_TP3_EP11 pid=70761) ERROR 09-15 00:47:02 [multiproc_executor.py:1055]                 ^^^^^^^^^^^^^^^^^^^
(Worker_DP1_PP1_TP3_EP11 pid=70761) ERROR 09-15 00:47:02 [multiproc_executor.py:1055]   File "/home/w00985415/proj_0825/deps/vllm-ascend/vllm_ascend/models/common/ops/sequence_parallel.py", line 44, in sp_shard
(Worker_DP1_PP1_TP3_EP11 pid=70761) ERROR 09-15 00:47:02 [multiproc_executor.py:1055]     sp_pad = (-x.shape[0]) % tp_size
(Worker_DP1_PP1_TP3_EP11 pid=70761) ERROR 09-15 00:47:02 [multiproc_executor.py:1055]                ^^^^^^^
(Worker_DP1_PP1_TP3_EP11 pid=70761) ERROR 09-15 00:47:02 [multiproc_executor.py:1055] AttributeError: 'NoneType' object has no attribute 'shape'
(Worker_DP1_PP1_TP3_EP11 pid=70761) ERROR 09-15 00:47:02 [multiproc_executor.py:1055] Traceback (most recent call last):
(Worker_DP1_PP1_TP3_EP11 pid=70761) ERROR 09-15 00:47:02 [multiproc_executor.py:1055]   File "/home/w00985415/proj_0825/deps/vllm/vllm/v1/executor/multiproc_executor.py", line 1047, in _execute_worker_rpc
(Worker_DP1_PP1_TP3_EP11 pid=70761) ERROR 09-15 00:47:02 [multiproc_executor.py:1055]     output = func(*args, **kwargs)
(Worker_DP1_PP1_TP3_EP11 pid=70761) ERROR 09-15 00:47:02 [multiproc_executor.py:1055]              ^^^^^^^^^^^^^^^^^^^^^
(Worker_DP1_PP1_TP3_EP11 pid=70761) ERROR 09-15 00:47:02 [multiproc_executor.py:1055]   File "/usr/local/python3.11.10/lib/python3.11/site-packages/torch/utils/_contextlib.py", line 124, in decorate_context
(Worker_DP1_PP1_TP3_EP11 pid=70761) ERROR 09-15 00:47:02 [multiproc_executor.py:1055]     return func(*args, **kwargs)
(Worker_DP1_PP1_TP3_EP11 pid=70761) ERROR 09-15 00:47:02 [multiproc_executor.py:1055]            ^^^^^^^^^^^^^^^^^^^^^
(Worker_DP1_PP1_TP3_EP11 pid=70761) ERROR 09-15 00:47:02 [multiproc_executor.py:1055]   File "/home/w00985415/proj_0825/deps/vllm-ascend/vllm_ascend/worker/worker.py", line 600, in determine_available_memory
(Worker_DP1_PP1_TP3_EP11 pid=70761) ERROR 09-15 00:47:02 [multiproc_executor.py:1055]     self.model_runner.profile_run()
(Worker_DP1_PP1_TP3_EP11 pid=70761) ERROR 09-15 00:47:02 [multiproc_executor.py:1055]   File "/usr/local/python3.11.10/lib/python3.11/site-packages/torch/utils/_contextlib.py", line 124, in decorate_context
(Worker_DP1_PP1_TP3_EP11 pid=70761) ERROR 09-15 00:47:02 [multiproc_executor.py:1055]     return func(*args, **kwargs)
(Worker_DP1_PP1_TP3_EP11 pid=70761) ERROR 09-15 00:47:02 [multiproc_executor.py:1055]            ^^^^^^^^^^^^^^^^^^^^^
(Worker_DP1_PP1_TP3_EP11 pid=70761) ERROR 09-15 00:47:02 [multiproc_executor.py:1055]   File "/home/w00985415/proj_0825/deps/vllm-ascend/vllm_ascend/worker/v2/model_runner.py", line 315, in profile_run
(Worker_DP1_PP1_TP3_EP11 pid=70761) ERROR 09-15 00:47:02 [multiproc_executor.py:1055]     self._dummy_run(mc2_tokens_capacity, skip_attn=True, skip_eplb=True, is_profile=True)
(Worker_DP1_PP1_TP3_EP11 pid=70761) ERROR 09-15 00:47:02 [multiproc_executor.py:1055]   File "/home/w00985415/proj_0825/deps/vllm-ascend/vllm_ascend/worker/v2/model_runner.py", line 647, in _dummy_run
(Worker_DP1_PP1_TP3_EP11 pid=70761) ERROR 09-15 00:47:02 [multiproc_executor.py:1055]     hidden_states, sample_hidden_states = super()._dummy_run(
(Worker_DP1_PP1_TP3_EP11 pid=70761) ERROR 09-15 00:47:02 [multiproc_executor.py:1055]                                           ^^^^^^^^^^^^^^^^^^^
(Worker_DP1_PP1_TP3_EP11 pid=70761) ERROR 09-15 00:47:02 [multiproc_executor.py:1055]   File "/usr/local/python3.11.10/lib/python3.11/site-packages/torch/utils/_contextlib.py", line 124, in decorate_context
(Worker_DP1_PP1_TP3_EP11 pid=70761) ERROR 09-15 00:47:02 [multiproc_executor.py:1055]     return func(*args, **kwargs)
(Worker_DP1_PP1_TP3_EP11 pid=70761) ERROR 09-15 00:47:02 [multiproc_executor.py:1055]            ^^^^^^^^^^^^^^^^^^^^^
(Worker_DP1_PP1_TP3_EP11 pid=70761) ERROR 09-15 00:47:02 [multiproc_executor.py:1055]   File "/home/w00985415/proj_0825/deps/vllm/vllm/v1/worker/gpu/eplb_utils.py", line 27, in wrapper
(Worker_DP1_PP1_TP3_EP11 pid=70761) ERROR 09-15 00:47:02 [multiproc_executor.py:1055]     result = fn(self, *args, **kwargs)
(Worker_DP1_PP1_TP3_EP11 pid=70761) ERROR 09-15 00:47:02 [multiproc_executor.py:1055]              ^^^^^^^^^^^^^^^^^^^^^^^^^
(Worker_DP1_PP1_TP3_EP11 pid=70761) ERROR 09-15 00:47:02 [multiproc_executor.py:1055]   File "/home/w00985415/proj_0825/deps/vllm/vllm/v1/worker/gpu/model_runner.py", line 786, in _dummy_run
(Worker_DP1_PP1_TP3_EP11 pid=70761) ERROR 09-15 00:47:02 [multiproc_executor.py:1055]     self.execute_model(
(Worker_DP1_PP1_TP3_EP11 pid=70761) ERROR 09-15 00:47:02 [multiproc_executor.py:1055]   File "/usr/local/python3.11.10/lib/python3.11/site-packages/torch/utils/_contextlib.py", line 124, in decorate_context
(Worker_DP1_PP1_TP3_EP11 pid=70761) ERROR 09-15 00:47:02 [multiproc_executor.py:1055]     return func(*args, **kwargs)
(Worker_DP1_PP1_TP3_EP11 pid=70761) ERROR 09-15 00:47:02 [multiproc_executor.py:1055]            ^^^^^^^^^^^^^^^^^^^^^
(Worker_DP1_PP1_TP3_EP11 pid=70761) ERROR 09-15 00:47:02 [multiproc_executor.py:1055]   File "/home/w00985415/proj_0825/deps/vllm-ascend/vllm_ascend/worker/v2/model_runner.py", line 280, in execute_model
(Worker_DP1_PP1_TP3_EP11 pid=70761) ERROR 09-15 00:47:02 [multiproc_executor.py:1055]     output = super().execute_model(
(Worker_DP1_PP1_TP3_EP11 pid=70761) ERROR 09-15 00:47:02 [multiproc_executor.py:1055]              ^^^^^^^^^^^^^^^^^^^^^^
(Worker_DP1_PP1_TP3_EP11 pid=70761) ERROR 09-15 00:47:02 [multiproc_executor.py:1055]   File "/usr/local/python3.11.10/lib/python3.11/site-packages/torch/utils/_contextlib.py", line 124, in decorate_context
(Worker_DP1_PP1_TP3_EP11 pid=70761) ERROR 09-15 00:47:02 [multiproc_executor.py:1055]     return func(*args, **kwargs)
(Worker_DP1_PP1_TP3_EP11 pid=70761) ERROR 09-15 00:47:02 [multiproc_executor.py:1055]            ^^^^^^^^^^^^^^^^^^^^^
(Worker_DP1_PP1_TP3_EP11 pid=70761) ERROR 09-15 00:47:02 [multiproc_executor.py:1055]   File "/home/w00985415/proj_0825/deps/vllm/vllm/v1/worker/gpu/model_runner.py", line 1849, in execute_model
(Worker_DP1_PP1_TP3_EP11 pid=70761) ERROR 09-15 00:47:02 [multiproc_executor.py:1055]     model_output = self.model(**model_inputs)
(Worker_DP1_PP1_TP3_EP11 pid=70761) ERROR 09-15 00:47:02 [multiproc_executor.py:1055]                    ^^^^^^^^^^^^^^^^^^^^^^^^^^
(Worker_DP1_PP1_TP3_EP11 pid=70761) ERROR 09-15 00:47:02 [multiproc_executor.py:1055]   File "/usr/local/python3.11.10/lib/python3.11/site-packages/torch/nn/modules/module.py", line 1776, in _wrapped_call_impl
(Worker_DP1_PP1_TP3_EP11 pid=70761) ERROR 09-15 00:47:02 [multiproc_executor.py:1055]     return self._call_impl(*args, **kwargs)
(Worker_DP1_PP1_TP3_EP11 pid=70761) ERROR 09-15 00:47:02 [multiproc_executor.py:1055]            ^^^^^^^^^^^^^^^^^^^^^^^^^^^^^^^^
(Worker_DP1_PP1_TP3_EP11 pid=70761) ERROR 09-15 00:47:02 [multiproc_executor.py:1055]   File "/usr/local/python3.11.10/lib/python3.11/site-packages/torch/nn/modules/module.py", line 1787, in _call_impl
(Worker_DP1_PP1_TP3_EP11 pid=70761) ERROR 09-15 00:47:02 [multiproc_executor.py:1055]     return forward_call(*args, **kwargs)
(Worker_DP1_PP1_TP3_EP11 pid=70761) ERROR 09-15 00:47:02 [multiproc_executor.py:1055]            ^^^^^^^^^^^^^^^^^^^^^^^^^^^^^
(Worker_DP1_PP1_TP3_EP11 pid=70761) ERROR 09-15 00:47:02 [multiproc_executor.py:1055]   File "/home/w00985415/proj_0825/deps/vllm-ascend/vllm_ascend/models/deepseek_v4/model.py", line 1098, in forward
(Worker_DP1_PP1_TP3_EP11 pid=70761) ERROR 09-15 00:47:02 [multiproc_executor.py:1055]     hidden_states = self.model(input_ids, positions, intermediate_tensors, inputs_embeds)
(Worker_DP1_PP1_TP3_EP11 pid=70761) ERROR 09-15 00:47:02 [multiproc_executor.py:1055]                     ^^^^^^^^^^^^^^^^^^^^^^^^^^^^^^^^^^^^^^^^^^^^^^^^^^^^^^^^^^^^^^^^^^^^^
(Worker_DP1_PP1_TP3_EP11 pid=70761) ERROR 09-15 00:47:02 [multiproc_executor.py:1055]   File "/home/w00985415/proj_0825/deps/vllm/vllm/compilation/decorators.py", line 509, in __call__
(Worker_DP1_PP1_TP3_EP11 pid=70761) ERROR 09-15 00:47:02 [multiproc_executor.py:1055]     return self.forward(*args, **kwargs)
(Worker_DP1_PP1_TP3_EP11 pid=70761) ERROR 09-15 00:47:02 [multiproc_executor.py:1055]            ^^^^^^^^^^^^^^^^^^^^^^^^^^^^^
(Worker_DP1_PP1_TP3_EP11 pid=70761) ERROR 09-15 00:47:02 [multiproc_executor.py:1055]   File "/home/w00985415/proj_0825/deps/vllm-ascend/vllm_ascend/models/deepseek_v4/model.py", line 940, in forward
(Worker_DP1_PP1_TP3_EP11 pid=70761) ERROR 09-15 00:47:02 [multiproc_executor.py:1055]     input_ids = sp_shard(input_ids)  # TODO: support PP with dsacp.
(Worker_DP1_PP1_TP3_EP11 pid=70761) ERROR 09-15 00:47:02 [multiproc_executor.py:1055]                 ^^^^^^^^^^^^^^^^^^^
(Worker_DP1_PP1_TP3_EP11 pid=70761) ERROR 09-15 00:47:02 [multiproc_executor.py:1055]   File "/home/w00985415/proj_0825/deps/vllm-ascend/vllm_ascend/models/common/ops/sequence_parallel.py", line 44, in sp_shard
(Worker_DP1_PP1_TP3_EP11 pid=70761) ERROR 09-15 00:47:02 [multiproc_executor.py:1055]     sp_pad = (-x.shape[0]) % tp_size
(Worker_DP1_PP1_TP3_EP11 pid=70761) ERROR 09-15 00:47:02 [multiproc_executor.py:1055]                ^^^^^^^
(Worker_DP1_PP1_TP3_EP11 pid=70761) ERROR 09-15 00:47:02 [multiproc_executor.py:1055] AttributeError: 'NoneType' object has no attribute 'shape'
(Worker_DP1_PP1_TP3_EP11 pid=70761) ERROR 09-15 00:47:02 [multiproc_executor.py:1055] 
(Worker_DP0_PP1_TP3_EP3 pid=70759) ERROR 09-15 00:47:02 [multiproc_executor.py:1055] WorkerProc hit an exception.
(Worker_DP0_PP1_TP3_EP3 pid=70759) ERROR 09-15 00:47:02 [multiproc_executor.py:1055] Traceback (most recent call last):
(Worker_DP0_PP1_TP3_EP3 pid=70759) ERROR 09-15 00:47:02 [multiproc_executor.py:1055]   File "/home/w00985415/proj_0825/deps/vllm/vllm/v1/executor/multiproc_executor.py", line 1047, in _execute_worker_rpc
(Worker_DP0_PP1_TP3_EP3 pid=70759) ERROR 09-15 00:47:02 [multiproc_executor.py:1055]     output = func(*args, **kwargs)
(Worker_DP0_PP1_TP3_EP3 pid=70759) ERROR 09-15 00:47:02 [multiproc_executor.py:1055]              ^^^^^^^^^^^^^^^^^^^^^
(Worker_DP0_PP1_TP3_EP3 pid=70759) ERROR 09-15 00:47:02 [multiproc_executor.py:1055]   File "/usr/local/python3.11.10/lib/python3.11/site-packages/torch/utils/_contextlib.py", line 124, in decorate_context
(Worker_DP0_PP1_TP3_EP3 pid=70759) ERROR 09-15 00:47:02 [multiproc_executor.py:1055]     return func(*args, **kwargs)
(Worker_DP0_PP1_TP3_EP3 pid=70759) ERROR 09-15 00:47:02 [multiproc_executor.py:1055]            ^^^^^^^^^^^^^^^^^^^^^
(Worker_DP0_PP1_TP3_EP3 pid=70759) ERROR 09-15 00:47:02 [multiproc_executor.py:1055]   File "/home/w00985415/proj_0825/deps/vllm-ascend/vllm_ascend/worker/worker.py", line 600, in determine_available_memory
(Worker_DP0_PP1_TP3_EP3 pid=70759) ERROR 09-15 00:47:02 [multiproc_executor.py:1055]     self.model_runner.profile_run()
(Worker_DP0_PP1_TP3_EP3 pid=70759) ERROR 09-15 00:47:02 [multiproc_executor.py:1055]   File "/usr/local/python3.11.10/lib/python3.11/site-packages/torch/utils/_contextlib.py", line 124, in decorate_context
(Worker_DP0_PP1_TP3_EP3 pid=70759) ERROR 09-15 00:47:02 [multiproc_executor.py:1055]     return func(*args, **kwargs)
(Worker_DP0_PP1_TP3_EP3 pid=70759) ERROR 09-15 00:47:02 [multiproc_executor.py:1055]            ^^^^^^^^^^^^^^^^^^^^^
(Worker_DP0_PP1_TP3_EP3 pid=70759) ERROR 09-15 00:47:02 [multiproc_executor.py:1055]   File "/home/w00985415/proj_0825/deps/vllm-ascend/vllm_ascend/worker/v2/model_runner.py", line 315, in profile_run
(Worker_DP0_PP1_TP3_EP3 pid=70759) ERROR 09-15 00:47:02 [multiproc_executor.py:1055]     self._dummy_run(mc2_tokens_capacity, skip_attn=True, skip_eplb=True, is_profile=True)
(Worker_DP0_PP1_TP3_EP3 pid=70759) ERROR 09-15 00:47:02 [multiproc_executor.py:1055]   File "/home/w00985415/proj_0825/deps/vllm-ascend/vllm_ascend/worker/v2/model_runner.py", line 647, in _dummy_run
(Worker_DP0_PP1_TP3_EP3 pid=70759) ERROR 09-15 00:47:02 [multiproc_executor.py:1055]     hidden_states, sample_hidden_states = super()._dummy_run(
(Worker_DP0_PP1_TP3_EP3 pid=70759) ERROR 09-15 00:47:02 [multiproc_executor.py:1055]                                           ^^^^^^^^^^^^^^^^^^^
(Worker_DP0_PP1_TP3_EP3 pid=70759) ERROR 09-15 00:47:02 [multiproc_executor.py:1055]   File "/usr/local/python3.11.10/lib/python3.11/site-packages/torch/utils/_contextlib.py", line 124, in decorate_context
(Worker_DP0_PP1_TP3_EP3 pid=70759) ERROR 09-15 00:47:02 [multiproc_executor.py:1055]     return func(*args, **kwargs)
(Worker_DP0_PP1_TP3_EP3 pid=70759) ERROR 09-15 00:47:02 [multiproc_executor.py:1055]            ^^^^^^^^^^^^^^^^^^^^^
(Worker_DP0_PP1_TP3_EP3 pid=70759) ERROR 09-15 00:47:02 [multiproc_executor.py:1055]   File "/home/w00985415/proj_0825/deps/vllm/vllm/v1/worker/gpu/eplb_utils.py", line 27, in wrapper
(Worker_DP0_PP1_TP3_EP3 pid=70759) ERROR 09-15 00:47:02 [multiproc_executor.py:1055]     result = fn(self, *args, **kwargs)
(Worker_DP0_PP1_TP3_EP3 pid=70759) ERROR 09-15 00:47:02 [multiproc_executor.py:1055]              ^^^^^^^^^^^^^^^^^^^^^^^^^
(Worker_DP0_PP1_TP3_EP3 pid=70759) ERROR 09-15 00:47:02 [multiproc_executor.py:1055]   File "/home/w00985415/proj_0825/deps/vllm/vllm/v1/worker/gpu/model_runner.py", line 786, in _dummy_run
(Worker_DP0_PP1_TP3_EP3 pid=70759) ERROR 09-15 00:47:02 [multiproc_executor.py:1055]     self.execute_model(
(Worker_DP0_PP1_TP3_EP3 pid=70759) ERROR 09-15 00:47:02 [multiproc_executor.py:1055]   File "/usr/local/python3.11.10/lib/python3.11/site-packages/torch/utils/_contextlib.py", line 124, in decorate_context
(Worker_DP0_PP1_TP3_EP3 pid=70759) ERROR 09-15 00:47:02 [multiproc_executor.py:1055]     return func(*args, **kwargs)
(Worker_DP0_PP1_TP3_EP3 pid=70759) ERROR 09-15 00:47:02 [multiproc_executor.py:1055]            ^^^^^^^^^^^^^^^^^^^^^
(Worker_DP0_PP1_TP3_EP3 pid=70759) ERROR 09-15 00:47:02 [multiproc_executor.py:1055]   File "/home/w00985415/proj_0825/deps/vllm-ascend/vllm_ascend/worker/v2/model_runner.py", line 280, in execute_model
(Worker_DP0_PP1_TP3_EP3 pid=70759) ERROR 09-15 00:47:02 [multiproc_executor.py:1055]     output = super().execute_model(
(Worker_DP0_PP1_TP3_EP3 pid=70759) ERROR 09-15 00:47:02 [multiproc_executor.py:1055]              ^^^^^^^^^^^^^^^^^^^^^^
(Worker_DP0_PP1_TP3_EP3 pid=70759) ERROR 09-15 00:47:02 [multiproc_executor.py:1055]   File "/usr/local/python3.11.10/lib/python3.11/site-packages/torch/utils/_contextlib.py", line 124, in decorate_context
(Worker_DP0_PP1_TP3_EP3 pid=70759) ERROR 09-15 00:47:02 [multiproc_executor.py:1055]     return func(*args, **kwargs)
(Worker_DP0_PP1_TP3_EP3 pid=70759) ERROR 09-15 00:47:02 [multiproc_executor.py:1055]            ^^^^^^^^^^^^^^^^^^^^^
(Worker_DP0_PP1_TP3_EP3 pid=70759) ERROR 09-15 00:47:02 [multiproc_executor.py:1055]   File "/home/w00985415/proj_0825/deps/vllm/vllm/v1/worker/gpu/model_runner.py", line 1849, in execute_model
(Worker_DP0_PP1_TP3_EP3 pid=70759) ERROR 09-15 00:47:02 [multiproc_executor.py:1055]     model_output = self.model(**model_inputs)
(Worker_DP0_PP1_TP3_EP3 pid=70759) ERROR 09-15 00:47:02 [multiproc_executor.py:1055]                    ^^^^^^^^^^^^^^^^^^^^^^^^^^
(Worker_DP0_PP1_TP3_EP3 pid=70759) ERROR 09-15 00:47:02 [multiproc_executor.py:1055]   File "/usr/local/python3.11.10/lib/python3.11/site-packages/torch/nn/modules/module.py", line 1776, in _wrapped_call_impl
(Worker_DP0_PP1_TP3_EP3 pid=70759) ERROR 09-15 00:47:02 [multiproc_executor.py:1055]     return self._call_impl(*args, **kwargs)
(Worker_DP0_PP1_TP3_EP3 pid=70759) ERROR 09-15 00:47:02 [multiproc_executor.py:1055]            ^^^^^^^^^^^^^^^^^^^^^^^^^^^^^^^^
(Worker_DP0_PP1_TP3_EP3 pid=70759) ERROR 09-15 00:47:02 [multiproc_executor.py:1055]   File "/usr/local/python3.11.10/lib/python3.11/site-packages/torch/nn/modules/module.py", line 1787, in _call_impl
(Worker_DP0_PP1_TP3_EP3 pid=70759) ERROR 09-15 00:47:02 [multiproc_executor.py:1055]     return forward_call(*args, **kwargs)
(Worker_DP0_PP1_TP3_EP3 pid=70759) ERROR 09-15 00:47:02 [multiproc_executor.py:1055]            ^^^^^^^^^^^^^^^^^^^^^^^^^^^^^
(Worker_DP0_PP1_TP3_EP3 pid=70759) ERROR 09-15 00:47:02 [multiproc_executor.py:1055]   File "/home/w00985415/proj_0825/deps/vllm-ascend/vllm_ascend/models/deepseek_v4/model.py", line 1098, in forward
(Worker_DP0_PP1_TP3_EP3 pid=70759) ERROR 09-15 00:47:02 [multiproc_executor.py:1055]     hidden_states = self.model(input_ids, positions, intermediate_tensors, inputs_embeds)
(Worker_DP0_PP1_TP3_EP3 pid=70759) ERROR 09-15 00:47:02 [multiproc_executor.py:1055]                     ^^^^^^^^^^^^^^^^^^^^^^^^^^^^^^^^^^^^^^^^^^^^^^^^^^^^^^^^^^^^^^^^^^^^^
(Worker_DP0_PP1_TP3_EP3 pid=70759) ERROR 09-15 00:47:02 [multiproc_executor.py:1055]   File "/home/w00985415/proj_0825/deps/vllm/vllm/compilation/decorators.py", line 509, in __call__
(Worker_DP0_PP1_TP3_EP3 pid=70759) ERROR 09-15 00:47:02 [multiproc_executor.py:1055]     return self.forward(*args, **kwargs)
(Worker_DP0_PP1_TP3_EP3 pid=70759) ERROR 09-15 00:47:02 [multiproc_executor.py:1055]            ^^^^^^^^^^^^^^^^^^^^^^^^^^^^^
(Worker_DP0_PP1_TP3_EP3 pid=70759) ERROR 09-15 00:47:02 [multiproc_executor.py:1055]   File "/home/w00985415/proj_0825/deps/vllm-ascend/vllm_ascend/models/deepseek_v4/model.py", line 940, in forward
(Worker_DP0_PP1_TP3_EP3 pid=70759) ERROR 09-15 00:47:02 [multiproc_executor.py:1055]     input_ids = sp_shard(input_ids)  # TODO: support PP with dsacp.
(Worker_DP0_PP1_TP3_EP3 pid=70759) ERROR 09-15 00:47:02 [multiproc_executor.py:1055]                 ^^^^^^^^^^^^^^^^^^^
(Worker_DP0_PP1_TP3_EP3 pid=70759) ERROR 09-15 00:47:02 [multiproc_executor.py:1055]   File "/home/w00985415/proj_0825/deps/vllm-ascend/vllm_ascend/models/common/ops/sequence_parallel.py", line 44, in sp_shard
(Worker_DP0_PP1_TP3_EP3 pid=70759) ERROR 09-15 00:47:02 [multiproc_executor.py:1055]     sp_pad = (-x.shape[0]) % tp_size
(Worker_DP0_PP1_TP3_EP3 pid=70759) ERROR 09-15 00:47:02 [multiproc_executor.py:1055]                ^^^^^^^
(Worker_DP0_PP1_TP3_EP3 pid=70759) ERROR 09-15 00:47:02 [multiproc_executor.py:1055] AttributeError: 'NoneType' object has no attribute 'shape'
(Worker_DP0_PP1_TP3_EP3 pid=70759) ERROR 09-15 00:47:02 [multiproc_executor.py:1055] Traceback (most recent call last):
(Worker_DP0_PP1_TP3_EP3 pid=70759) ERROR 09-15 00:47:02 [multiproc_executor.py:1055]   File "/home/w00985415/proj_0825/deps/vllm/vllm/v1/executor/multiproc_executor.py", line 1047, in _execute_worker_rpc
(Worker_DP0_PP1_TP3_EP3 pid=70759) ERROR 09-15 00:47:02 [multiproc_executor.py:1055]     output = func(*args, **kwargs)
(Worker_DP0_PP1_TP3_EP3 pid=70759) ERROR 09-15 00:47:02 [multiproc_executor.py:1055]              ^^^^^^^^^^^^^^^^^^^^^
(Worker_DP0_PP1_TP3_EP3 pid=70759) ERROR 09-15 00:47:02 [multiproc_executor.py:1055]   File "/usr/local/python3.11.10/lib/python3.11/site-packages/torch/utils/_contextlib.py", line 124, in decorate_context
(Worker_DP0_PP1_TP3_EP3 pid=70759) ERROR 09-15 00:47:02 [multiproc_executor.py:1055]     return func(*args, **kwargs)
(Worker_DP0_PP1_TP3_EP3 pid=70759) ERROR 09-15 00:47:02 [multiproc_executor.py:1055]            ^^^^^^^^^^^^^^^^^^^^^
(Worker_DP0_PP1_TP3_EP3 pid=70759) ERROR 09-15 00:47:02 [multiproc_executor.py:1055]   File "/home/w00985415/proj_0825/deps/vllm-ascend/vllm_ascend/worker/worker.py", line 600, in determine_available_memory
(Worker_DP0_PP1_TP3_EP3 pid=70759) ERROR 09-15 00:47:02 [multiproc_executor.py:1055]     self.model_runner.profile_run()
(Worker_DP0_PP1_TP3_EP3 pid=70759) ERROR 09-15 00:47:02 [multiproc_executor.py:1055]   File "/usr/local/python3.11.10/lib/python3.11/site-packages/torch/utils/_contextlib.py", line 124, in decorate_context
(Worker_DP0_PP1_TP3_EP3 pid=70759) ERROR 09-15 00:47:02 [multiproc_executor.py:1055]     return func(*args, **kwargs)
(Worker_DP0_PP1_TP3_EP3 pid=70759) ERROR 09-15 00:47:02 [multiproc_executor.py:1055]            ^^^^^^^^^^^^^^^^^^^^^
(Worker_DP0_PP1_TP3_EP3 pid=70759) ERROR 09-15 00:47:02 [multiproc_executor.py:1055]   File "/home/w00985415/proj_0825/deps/vllm-ascend/vllm_ascend/worker/v2/model_runner.py", line 315, in profile_run
(Worker_DP0_PP1_TP3_EP3 pid=70759) ERROR 09-15 00:47:02 [multiproc_executor.py:1055]     self._dummy_run(mc2_tokens_capacity, skip_attn=True, skip_eplb=True, is_profile=True)
(Worker_DP0_PP1_TP3_EP3 pid=70759) ERROR 09-15 00:47:02 [multiproc_executor.py:1055]   File "/home/w00985415/proj_0825/deps/vllm-ascend/vllm_ascend/worker/v2/model_runner.py", line 647, in _dummy_run
(Worker_DP0_PP1_TP3_EP3 pid=70759) ERROR 09-15 00:47:02 [multiproc_executor.py:1055]     hidden_states, sample_hidden_states = super()._dummy_run(
(Worker_DP0_PP1_TP3_EP3 pid=70759) ERROR 09-15 00:47:02 [multiproc_executor.py:1055]                                           ^^^^^^^^^^^^^^^^^^^
(Worker_DP0_PP1_TP3_EP3 pid=70759) ERROR 09-15 00:47:02 [multiproc_executor.py:1055]   File "/usr/local/python3.11.10/lib/python3.11/site-packages/torch/utils/_contextlib.py", line 124, in decorate_context
(Worker_DP0_PP1_TP3_EP3 pid=70759) ERROR 09-15 00:47:02 [multiproc_executor.py:1055]     return func(*args, **kwargs)
(Worker_DP0_PP1_TP3_EP3 pid=70759) ERROR 09-15 00:47:02 [multiproc_executor.py:1055]            ^^^^^^^^^^^^^^^^^^^^^
(Worker_DP0_PP1_TP3_EP3 pid=70759) ERROR 09-15 00:47:02 [multiproc_executor.py:1055]   File "/home/w00985415/proj_0825/deps/vllm/vllm/v1/worker/gpu/eplb_utils.py", line 27, in wrapper
(Worker_DP0_PP1_TP3_EP3 pid=70759) ERROR 09-15 00:47:02 [multiproc_executor.py:1055]     result = fn(self, *args, **kwargs)
(Worker_DP0_PP1_TP3_EP3 pid=70759) ERROR 09-15 00:47:02 [multiproc_executor.py:1055]              ^^^^^^^^^^^^^^^^^^^^^^^^^
(Worker_DP0_PP1_TP3_EP3 pid=70759) ERROR 09-15 00:47:02 [multiproc_executor.py:1055]   File "/home/w00985415/proj_0825/deps/vllm/vllm/v1/worker/gpu/model_runner.py", line 786, in _dummy_run
(Worker_DP0_PP1_TP3_EP3 pid=70759) ERROR 09-15 00:47:02 [multiproc_executor.py:1055]     self.execute_model(
(Worker_DP0_PP1_TP3_EP3 pid=70759) ERROR 09-15 00:47:02 [multiproc_executor.py:1055]   File "/usr/local/python3.11.10/lib/python3.11/site-packages/torch/utils/_contextlib.py", line 124, in decorate_context
(Worker_DP0_PP1_TP3_EP3 pid=70759) ERROR 09-15 00:47:02 [multiproc_executor.py:1055]     return func(*args, **kwargs)
(Worker_DP0_PP1_TP3_EP3 pid=70759) ERROR 09-15 00:47:02 [multiproc_executor.py:1055]            ^^^^^^^^^^^^^^^^^^^^^
(Worker_DP0_PP1_TP3_EP3 pid=70759) ERROR 09-15 00:47:02 [multiproc_executor.py:1055]   File "/home/w00985415/proj_0825/deps/vllm-ascend/vllm_ascend/worker/v2/model_runner.py", line 280, in execute_model
(Worker_DP0_PP1_TP3_EP3 pid=70759) ERROR 09-15 00:47:02 [multiproc_executor.py:1055]     output = super().execute_model(
(Worker_DP0_PP1_TP3_EP3 pid=70759) ERROR 09-15 00:47:02 [multiproc_executor.py:1055]              ^^^^^^^^^^^^^^^^^^^^^^
(Worker_DP0_PP1_TP3_EP3 pid=70759) ERROR 09-15 00:47:02 [multiproc_executor.py:1055]   File "/usr/local/python3.11.10/lib/python3.11/site-packages/torch/utils/_contextlib.py", line 124, in decorate_context
(Worker_DP0_PP1_TP3_EP3 pid=70759) ERROR 09-15 00:47:02 [multiproc_executor.py:1055]     return func(*args, **kwargs)
(Worker_DP0_PP1_TP3_EP3 pid=70759) ERROR 09-15 00:47:02 [multiproc_executor.py:1055]            ^^^^^^^^^^^^^^^^^^^^^
(Worker_DP0_PP1_TP3_EP3 pid=70759) ERROR 09-15 00:47:02 [multiproc_executor.py:1055]   File "/home/w00985415/proj_0825/deps/vllm/vllm/v1/worker/gpu/model_runner.py", line 1849, in execute_model
(Worker_DP0_PP1_TP3_EP3 pid=70759) ERROR 09-15 00:47:02 [multiproc_executor.py:1055]     model_output = self.model(**model_inputs)
(Worker_DP0_PP1_TP3_EP3 pid=70759) ERROR 09-15 00:47:02 [multiproc_executor.py:1055]                    ^^^^^^^^^^^^^^^^^^^^^^^^^^
(Worker_DP0_PP1_TP3_EP3 pid=70759) ERROR 09-15 00:47:02 [multiproc_executor.py:1055]   File "/usr/local/python3.11.10/lib/python3.11/site-packages/torch/nn/modules/module.py", line 1776, in _wrapped_call_impl
(Worker_DP0_PP1_TP3_EP3 pid=70759) ERROR 09-15 00:47:02 [multiproc_executor.py:1055]     return self._call_impl(*args, **kwargs)
(Worker_DP0_PP1_TP3_EP3 pid=70759) ERROR 09-15 00:47:02 [multiproc_executor.py:1055]            ^^^^^^^^^^^^^^^^^^^^^^^^^^^^^^^^
(Worker_DP0_PP1_TP3_EP3 pid=70759) ERROR 09-15 00:47:02 [multiproc_executor.py:1055]   File "/usr/local/python3.11.10/lib/python3.11/site-packages/torch/nn/modules/module.py", line 1787, in _call_impl
(Worker_DP0_PP1_TP3_EP3 pid=70759) ERROR 09-15 00:47:02 [multiproc_executor.py:1055]     return forward_call(*args, **kwargs)
(Worker_DP0_PP1_TP3_EP3 pid=70759) ERROR 09-15 00:47:02 [multiproc_executor.py:1055]            ^^^^^^^^^^^^^^^^^^^^^^^^^^^^^
(Worker_DP0_PP1_TP3_EP3 pid=70759) ERROR 09-15 00:47:02 [multiproc_executor.py:1055]   File "/home/w00985415/proj_0825/deps/vllm-ascend/vllm_ascend/models/deepseek_v4/model.py", line 1098, in forward
(Worker_DP0_PP1_TP3_EP3 pid=70759) ERROR 09-15 00:47:02 [multiproc_executor.py:1055]     hidden_states = self.model(input_ids, positions, intermediate_tensors, inputs_embeds)
(Worker_DP0_PP1_TP3_EP3 pid=70759) ERROR 09-15 00:47:02 [multiproc_executor.py:1055]                     ^^^^^^^^^^^^^^^^^^^^^^^^^^^^^^^^^^^^^^^^^^^^^^^^^^^^^^^^^^^^^^^^^^^^^
(Worker_DP0_PP1_TP3_EP3 pid=70759) ERROR 09-15 00:47:02 [multiproc_executor.py:1055]   File "/home/w00985415/proj_0825/deps/vllm/vllm/compilation/decorators.py", line 509, in __call__
(Worker_DP0_PP1_TP3_EP3 pid=70759) ERROR 09-15 00:47:02 [multiproc_executor.py:1055]     return self.forward(*args, **kwargs)
(Worker_DP0_PP1_TP3_EP3 pid=70759) ERROR 09-15 00:47:02 [multiproc_executor.py:1055]            ^^^^^^^^^^^^^^^^^^^^^^^^^^^^^
(Worker_DP0_PP1_TP3_EP3 pid=70759) ERROR 09-15 00:47:02 [multiproc_executor.py:1055]   File "/home/w00985415/proj_0825/deps/vllm-ascend/vllm_ascend/models/deepseek_v4/model.py", line 940, in forward
(Worker_DP0_PP1_TP3_EP3 pid=70759) ERROR 09-15 00:47:02 [multiproc_executor.py:1055]     input_ids = sp_shard(input_ids)  # TODO: support PP with dsacp.
(Worker_DP0_PP1_TP3_EP3 pid=70759) ERROR 09-15 00:47:02 [multiproc_executor.py:1055]                 ^^^^^^^^^^^^^^^^^^^
(Worker_DP0_PP1_TP3_EP3 pid=70759) ERROR 09-15 00:47:02 [multiproc_executor.py:1055]   File "/home/w00985415/proj_0825/deps/vllm-ascend/vllm_ascend/models/common/ops/sequence_parallel.py", line 44, in sp_shard
(Worker_DP0_PP1_TP3_EP3 pid=70759) ERROR 09-15 00:47:02 [multiproc_executor.py:1055]     sp_pad = (-x.shape[0]) % tp_size
(Worker_DP0_PP1_TP3_EP3 pid=70759) ERROR 09-15 00:47:02 [multiproc_executor.py:1055]                ^^^^^^^
(Worker_DP0_PP1_TP3_EP3 pid=70759) ERROR 09-15 00:47:02 [multiproc_executor.py:1055] AttributeError: 'NoneType' object has no attribute 'shape'
(Worker_DP0_PP1_TP3_EP3 pid=70759) ERROR 09-15 00:47:02 [multiproc_executor.py:1055] 
(Worker_DP0_PP1_TP2_EP2 pid=70618) ERROR 09-15 00:47:02 [multiproc_executor.py:1055] WorkerProc hit an exception.
(Worker_DP0_PP1_TP2_EP2 pid=70618) ERROR 09-15 00:47:02 [multiproc_executor.py:1055] Traceback (most recent call last):
(Worker_DP0_PP1_TP2_EP2 pid=70618) ERROR 09-15 00:47:02 [multiproc_executor.py:1055]   File "/home/w00985415/proj_0825/deps/vllm/vllm/v1/executor/multiproc_executor.py", line 1047, in _execute_worker_rpc
(Worker_DP0_PP1_TP2_EP2 pid=70618) ERROR 09-15 00:47:02 [multiproc_executor.py:1055]     output = func(*args, **kwargs)
(Worker_DP0_PP1_TP2_EP2 pid=70618) ERROR 09-15 00:47:02 [multiproc_executor.py:1055]              ^^^^^^^^^^^^^^^^^^^^^
(Worker_DP0_PP1_TP2_EP2 pid=70618) ERROR 09-15 00:47:02 [multiproc_executor.py:1055]   File "/usr/local/python3.11.10/lib/python3.11/site-packages/torch/utils/_contextlib.py", line 124, in decorate_context
(Worker_DP0_PP1_TP2_EP2 pid=70618) ERROR 09-15 00:47:02 [multiproc_executor.py:1055]     return func(*args, **kwargs)
(Worker_DP0_PP1_TP2_EP2 pid=70618) ERROR 09-15 00:47:02 [multiproc_executor.py:1055]            ^^^^^^^^^^^^^^^^^^^^^
(Worker_DP0_PP1_TP2_EP2 pid=70618) ERROR 09-15 00:47:02 [multiproc_executor.py:1055]   File "/home/w00985415/proj_0825/deps/vllm-ascend/vllm_ascend/worker/worker.py", line 600, in determine_available_memory
(Worker_DP0_PP1_TP2_EP2 pid=70618) ERROR 09-15 00:47:02 [multiproc_executor.py:1055]     self.model_runner.profile_run()
(Worker_DP0_PP1_TP2_EP2 pid=70618) ERROR 09-15 00:47:02 [multiproc_executor.py:1055]   File "/usr/local/python3.11.10/lib/python3.11/site-packages/torch/utils/_contextlib.py", line 124, in decorate_context
(Worker_DP0_PP1_TP2_EP2 pid=70618) ERROR 09-15 00:47:02 [multiproc_executor.py:1055]     return func(*args, **kwargs)
(Worker_DP0_PP1_TP2_EP2 pid=70618) ERROR 09-15 00:47:02 [multiproc_executor.py:1055]            ^^^^^^^^^^^^^^^^^^^^^
(Worker_DP0_PP1_TP2_EP2 pid=70618) ERROR 09-15 00:47:02 [multiproc_executor.py:1055]   File "/home/w00985415/proj_0825/deps/vllm-ascend/vllm_ascend/worker/v2/model_runner.py", line 315, in profile_run
(Worker_DP0_PP1_TP2_EP2 pid=70618) ERROR 09-15 00:47:02 [multiproc_executor.py:1055]     self._dummy_run(mc2_tokens_capacity, skip_attn=True, skip_eplb=True, is_profile=True)
(Worker_DP0_PP1_TP2_EP2 pid=70618) ERROR 09-15 00:47:02 [multiproc_executor.py:1055]   File "/home/w00985415/proj_0825/deps/vllm-ascend/vllm_ascend/worker/v2/model_runner.py", line 647, in _dummy_run
(Worker_DP0_PP1_TP2_EP2 pid=70618) ERROR 09-15 00:47:02 [multiproc_executor.py:1055]     hidden_states, sample_hidden_states = super()._dummy_run(
(Worker_DP0_PP1_TP2_EP2 pid=70618) ERROR 09-15 00:47:02 [multiproc_executor.py:1055]                                           ^^^^^^^^^^^^^^^^^^^
(Worker_DP0_PP1_TP2_EP2 pid=70618) ERROR 09-15 00:47:02 [multiproc_executor.py:1055]   File "/usr/local/python3.11.10/lib/python3.11/site-packages/torch/utils/_contextlib.py", line 124, in decorate_context
(Worker_DP0_PP1_TP2_EP2 pid=70618) ERROR 09-15 00:47:02 [multiproc_executor.py:1055]     return func(*args, **kwargs)
(Worker_DP0_PP1_TP2_EP2 pid=70618) ERROR 09-15 00:47:02 [multiproc_executor.py:1055]            ^^^^^^^^^^^^^^^^^^^^^
(Worker_DP0_PP1_TP2_EP2 pid=70618) ERROR 09-15 00:47:02 [multiproc_executor.py:1055]   File "/home/w00985415/proj_0825/deps/vllm/vllm/v1/worker/gpu/eplb_utils.py", line 27, in wrapper
(Worker_DP0_PP1_TP2_EP2 pid=70618) ERROR 09-15 00:47:02 [multiproc_executor.py:1055]     result = fn(self, *args, **kwargs)
(Worker_DP0_PP1_TP2_EP2 pid=70618) ERROR 09-15 00:47:02 [multiproc_executor.py:1055]              ^^^^^^^^^^^^^^^^^^^^^^^^^
(Worker_DP0_PP1_TP2_EP2 pid=70618) ERROR 09-15 00:47:02 [multiproc_executor.py:1055]   File "/home/w00985415/proj_0825/deps/vllm/vllm/v1/worker/gpu/model_runner.py", line 786, in _dummy_run
(Worker_DP0_PP1_TP2_EP2 pid=70618) ERROR 09-15 00:47:02 [multiproc_executor.py:1055]     self.execute_model(
(Worker_DP0_PP1_TP2_EP2 pid=70618) ERROR 09-15 00:47:02 [multiproc_executor.py:1055]   File "/usr/local/python3.11.10/lib/python3.11/site-packages/torch/utils/_contextlib.py", line 124, in decorate_context
(Worker_DP0_PP1_TP2_EP2 pid=70618) ERROR 09-15 00:47:02 [multiproc_executor.py:1055]     return func(*args, **kwargs)
(Worker_DP0_PP1_TP2_EP2 pid=70618) ERROR 09-15 00:47:02 [multiproc_executor.py:1055]            ^^^^^^^^^^^^^^^^^^^^^
(Worker_DP0_PP1_TP2_EP2 pid=70618) ERROR 09-15 00:47:02 [multiproc_executor.py:1055]   File "/home/w00985415/proj_0825/deps/vllm-ascend/vllm_ascend/worker/v2/model_runner.py", line 280, in execute_model
(Worker_DP0_PP1_TP2_EP2 pid=70618) ERROR 09-15 00:47:02 [multiproc_executor.py:1055]     output = super().execute_model(
(Worker_DP0_PP1_TP2_EP2 pid=70618) ERROR 09-15 00:47:02 [multiproc_executor.py:1055]              ^^^^^^^^^^^^^^^^^^^^^^
(Worker_DP0_PP1_TP2_EP2 pid=70618) ERROR 09-15 00:47:02 [multiproc_executor.py:1055]   File "/usr/local/python3.11.10/lib/python3.11/site-packages/torch/utils/_contextlib.py", line 124, in decorate_context
(Worker_DP0_PP1_TP2_EP2 pid=70618) ERROR 09-15 00:47:02 [multiproc_executor.py:1055]     return func(*args, **kwargs)
(Worker_DP0_PP1_TP2_EP2 pid=70618) ERROR 09-15 00:47:02 [multiproc_executor.py:1055]            ^^^^^^^^^^^^^^^^^^^^^
(Worker_DP0_PP1_TP2_EP2 pid=70618) ERROR 09-15 00:47:02 [multiproc_executor.py:1055]   File "/home/w00985415/proj_0825/deps/vllm/vllm/v1/worker/gpu/model_runner.py", line 1849, in execute_model
(Worker_DP0_PP1_TP2_EP2 pid=70618) ERROR 09-15 00:47:02 [multiproc_executor.py:1055]     model_output = self.model(**model_inputs)
(Worker_DP0_PP1_TP2_EP2 pid=70618) ERROR 09-15 00:47:02 [multiproc_executor.py:1055]                    ^^^^^^^^^^^^^^^^^^^^^^^^^^
(Worker_DP0_PP1_TP2_EP2 pid=70618) ERROR 09-15 00:47:02 [multiproc_executor.py:1055]   File "/usr/local/python3.11.10/lib/python3.11/site-packages/torch/nn/modules/module.py", line 1776, in _wrapped_call_impl
(Worker_DP0_PP1_TP2_EP2 pid=70618) ERROR 09-15 00:47:02 [multiproc_executor.py:1055]     return self._call_impl(*args, **kwargs)
(Worker_DP0_PP1_TP2_EP2 pid=70618) ERROR 09-15 00:47:02 [multiproc_executor.py:1055]            ^^^^^^^^^^^^^^^^^^^^^^^^^^^^^^^^
(Worker_DP0_PP1_TP2_EP2 pid=70618) ERROR 09-15 00:47:02 [multiproc_executor.py:1055]   File "/usr/local/python3.11.10/lib/python3.11/site-packages/torch/nn/modules/module.py", line 1787, in _call_impl
(Worker_DP0_PP1_TP2_EP2 pid=70618) ERROR 09-15 00:47:02 [multiproc_executor.py:1055]     return forward_call(*args, **kwargs)
(Worker_DP0_PP1_TP2_EP2 pid=70618) ERROR 09-15 00:47:02 [multiproc_executor.py:1055]            ^^^^^^^^^^^^^^^^^^^^^^^^^^^^^
(Worker_DP0_PP1_TP2_EP2 pid=70618) ERROR 09-15 00:47:02 [multiproc_executor.py:1055]   File "/home/w00985415/proj_0825/deps/vllm-ascend/vllm_ascend/models/deepseek_v4/model.py", line 1098, in forward
(Worker_DP0_PP1_TP2_EP2 pid=70618) ERROR 09-15 00:47:02 [multiproc_executor.py:1055]     hidden_states = self.model(input_ids, positions, intermediate_tensors, inputs_embeds)
(Worker_DP0_PP1_TP2_EP2 pid=70618) ERROR 09-15 00:47:02 [multiproc_executor.py:1055]                     ^^^^^^^^^^^^^^^^^^^^^^^^^^^^^^^^^^^^^^^^^^^^^^^^^^^^^^^^^^^^^^^^^^^^^
(Worker_DP0_PP1_TP2_EP2 pid=70618) ERROR 09-15 00:47:02 [multiproc_executor.py:1055]   File "/home/w00985415/proj_0825/deps/vllm/vllm/compilation/decorators.py", line 509, in __call__
(Worker_DP0_PP1_TP2_EP2 pid=70618) ERROR 09-15 00:47:02 [multiproc_executor.py:1055]     return self.forward(*args, **kwargs)
(Worker_DP0_PP1_TP2_EP2 pid=70618) ERROR 09-15 00:47:02 [multiproc_executor.py:1055]            ^^^^^^^^^^^^^^^^^^^^^^^^^^^^^
(Worker_DP0_PP1_TP2_EP2 pid=70618) ERROR 09-15 00:47:02 [multiproc_executor.py:1055]   File "/home/w00985415/proj_0825/deps/vllm-ascend/vllm_ascend/models/deepseek_v4/model.py", line 940, in forward
(Worker_DP0_PP1_TP2_EP2 pid=70618) ERROR 09-15 00:47:02 [multiproc_executor.py:1055]     input_ids = sp_shard(input_ids)  # TODO: support PP with dsacp.
(Worker_DP0_PP1_TP2_EP2 pid=70618) ERROR 09-15 00:47:02 [multiproc_executor.py:1055]                 ^^^^^^^^^^^^^^^^^^^
(Worker_DP0_PP1_TP2_EP2 pid=70618) ERROR 09-15 00:47:02 [multiproc_executor.py:1055]   File "/home/w00985415/proj_0825/deps/vllm-ascend/vllm_ascend/models/common/ops/sequence_parallel.py", line 44, in sp_shard
(Worker_DP0_PP1_TP2_EP2 pid=70618) ERROR 09-15 00:47:02 [multiproc_executor.py:1055]     sp_pad = (-x.shape[0]) % tp_size
(Worker_DP0_PP1_TP2_EP2 pid=70618) ERROR 09-15 00:47:02 [multiproc_executor.py:1055]                ^^^^^^^
(Worker_DP0_PP1_TP2_EP2 pid=70618) ERROR 09-15 00:47:02 [multiproc_executor.py:1055] AttributeError: 'NoneType' object has no attribute 'shape'
(Worker_DP0_PP1_TP2_EP2 pid=70618) ERROR 09-15 00:47:02 [multiproc_executor.py:1055] Traceback (most recent call last):
(Worker_DP0_PP1_TP2_EP2 pid=70618) ERROR 09-15 00:47:02 [multiproc_executor.py:1055]   File "/home/w00985415/proj_0825/deps/vllm/vllm/v1/executor/multiproc_executor.py", line 1047, in _execute_worker_rpc
(Worker_DP0_PP1_TP2_EP2 pid=70618) ERROR 09-15 00:47:02 [multiproc_executor.py:1055]     output = func(*args, **kwargs)
(Worker_DP0_PP1_TP2_EP2 pid=70618) ERROR 09-15 00:47:02 [multiproc_executor.py:1055]              ^^^^^^^^^^^^^^^^^^^^^
(Worker_DP0_PP1_TP2_EP2 pid=70618) ERROR 09-15 00:47:02 [multiproc_executor.py:1055]   File "/usr/local/python3.11.10/lib/python3.11/site-packages/torch/utils/_contextlib.py", line 124, in decorate_context
(Worker_DP0_PP1_TP2_EP2 pid=70618) ERROR 09-15 00:47:02 [multiproc_executor.py:1055]     return func(*args, **kwargs)
(Worker_DP0_PP1_TP2_EP2 pid=70618) ERROR 09-15 00:47:02 [multiproc_executor.py:1055]            ^^^^^^^^^^^^^^^^^^^^^
(Worker_DP0_PP1_TP2_EP2 pid=70618) ERROR 09-15 00:47:02 [multiproc_executor.py:1055]   File "/home/w00985415/proj_0825/deps/vllm-ascend/vllm_ascend/worker/worker.py", line 600, in determine_available_memory
(Worker_DP0_PP1_TP2_EP2 pid=70618) ERROR 09-15 00:47:02 [multiproc_executor.py:1055]     self.model_runner.profile_run()
(Worker_DP0_PP1_TP2_EP2 pid=70618) ERROR 09-15 00:47:02 [multiproc_executor.py:1055]   File "/usr/local/python3.11.10/lib/python3.11/site-packages/torch/utils/_contextlib.py", line 124, in decorate_context
(Worker_DP0_PP1_TP2_EP2 pid=70618) ERROR 09-15 00:47:02 [multiproc_executor.py:1055]     return func(*args, **kwargs)
(Worker_DP0_PP1_TP2_EP2 pid=70618) ERROR 09-15 00:47:02 [multiproc_executor.py:1055]            ^^^^^^^^^^^^^^^^^^^^^
(Worker_DP0_PP1_TP2_EP2 pid=70618) ERROR 09-15 00:47:02 [multiproc_executor.py:1055]   File "/home/w00985415/proj_0825/deps/vllm-ascend/vllm_ascend/worker/v2/model_runner.py", line 315, in profile_run
(Worker_DP0_PP1_TP2_EP2 pid=70618) ERROR 09-15 00:47:02 [multiproc_executor.py:1055]     self._dummy_run(mc2_tokens_capacity, skip_attn=True, skip_eplb=True, is_profile=True)
(Worker_DP0_PP1_TP2_EP2 pid=70618) ERROR 09-15 00:47:02 [multiproc_executor.py:1055]   File "/home/w00985415/proj_0825/deps/vllm-ascend/vllm_ascend/worker/v2/model_runner.py", line 647, in _dummy_run
(Worker_DP0_PP1_TP2_EP2 pid=70618) ERROR 09-15 00:47:02 [multiproc_executor.py:1055]     hidden_states, sample_hidden_states = super()._dummy_run(
(Worker_DP0_PP1_TP2_EP2 pid=70618) ERROR 09-15 00:47:02 [multiproc_executor.py:1055]                                           ^^^^^^^^^^^^^^^^^^^
(Worker_DP0_PP1_TP2_EP2 pid=70618) ERROR 09-15 00:47:02 [multiproc_executor.py:1055]   File "/usr/local/python3.11.10/lib/python3.11/site-packages/torch/utils/_contextlib.py", line 124, in decorate_context
(Worker_DP0_PP1_TP2_EP2 pid=70618) ERROR 09-15 00:47:02 [multiproc_executor.py:1055]     return func(*args, **kwargs)
(Worker_DP0_PP1_TP2_EP2 pid=70618) ERROR 09-15 00:47:02 [multiproc_executor.py:1055]            ^^^^^^^^^^^^^^^^^^^^^
(Worker_DP0_PP1_TP2_EP2 pid=70618) ERROR 09-15 00:47:02 [multiproc_executor.py:1055]   File "/home/w00985415/proj_0825/deps/vllm/vllm/v1/worker/gpu/eplb_utils.py", line 27, in wrapper
(Worker_DP0_PP1_TP2_EP2 pid=70618) ERROR 09-15 00:47:02 [multiproc_executor.py:1055]     result = fn(self, *args, **kwargs)
(Worker_DP0_PP1_TP2_EP2 pid=70618) ERROR 09-15 00:47:02 [multiproc_executor.py:1055]              ^^^^^^^^^^^^^^^^^^^^^^^^^
(Worker_DP0_PP1_TP2_EP2 pid=70618) ERROR 09-15 00:47:02 [multiproc_executor.py:1055]   File "/home/w00985415/proj_0825/deps/vllm/vllm/v1/worker/gpu/model_runner.py", line 786, in _dummy_run
(Worker_DP0_PP1_TP2_EP2 pid=70618) ERROR 09-15 00:47:02 [multiproc_executor.py:1055]     self.execute_model(
(Worker_DP0_PP1_TP2_EP2 pid=70618) ERROR 09-15 00:47:02 [multiproc_executor.py:1055]   File "/usr/local/python3.11.10/lib/python3.11/site-packages/torch/utils/_contextlib.py", line 124, in decorate_context
(Worker_DP0_PP1_TP2_EP2 pid=70618) ERROR 09-15 00:47:02 [multiproc_executor.py:1055]     return func(*args, **kwargs)
(Worker_DP0_PP1_TP2_EP2 pid=70618) ERROR 09-15 00:47:02 [multiproc_executor.py:1055]            ^^^^^^^^^^^^^^^^^^^^^
(Worker_DP0_PP1_TP2_EP2 pid=70618) ERROR 09-15 00:47:02 [multiproc_executor.py:1055]   File "/home/w00985415/proj_0825/deps/vllm-ascend/vllm_ascend/worker/v2/model_runner.py", line 280, in execute_model
(Worker_DP0_PP1_TP2_EP2 pid=70618) ERROR 09-15 00:47:02 [multiproc_executor.py:1055]     output = super().execute_model(
(Worker_DP0_PP1_TP2_EP2 pid=70618) ERROR 09-15 00:47:02 [multiproc_executor.py:1055]              ^^^^^^^^^^^^^^^^^^^^^^
(Worker_DP0_PP1_TP2_EP2 pid=70618) ERROR 09-15 00:47:02 [multiproc_executor.py:1055]   File "/usr/local/python3.11.10/lib/python3.11/site-packages/torch/utils/_contextlib.py", line 124, in decorate_context
(Worker_DP0_PP1_TP2_EP2 pid=70618) ERROR 09-15 00:47:02 [multiproc_executor.py:1055]     return func(*args, **kwargs)
(Worker_DP0_PP1_TP2_EP2 pid=70618) ERROR 09-15 00:47:02 [multiproc_executor.py:1055]            ^^^^^^^^^^^^^^^^^^^^^
(Worker_DP0_PP1_TP2_EP2 pid=70618) ERROR 09-15 00:47:02 [multiproc_executor.py:1055]   File "/home/w00985415/proj_0825/deps/vllm/vllm/v1/worker/gpu/model_runner.py", line 1849, in execute_model
(Worker_DP0_PP1_TP2_EP2 pid=70618) ERROR 09-15 00:47:02 [multiproc_executor.py:1055]     model_output = self.model(**model_inputs)
(Worker_DP0_PP1_TP2_EP2 pid=70618) ERROR 09-15 00:47:02 [multiproc_executor.py:1055]                    ^^^^^^^^^^^^^^^^^^^^^^^^^^
(Worker_DP0_PP1_TP2_EP2 pid=70618) ERROR 09-15 00:47:02 [multiproc_executor.py:1055]   File "/usr/local/python3.11.10/lib/python3.11/site-packages/torch/nn/modules/module.py", line 1776, in _wrapped_call_impl
(Worker_DP0_PP1_TP2_EP2 pid=70618) ERROR 09-15 00:47:02 [multiproc_executor.py:1055]     return self._call_impl(*args, **kwargs)
(Worker_DP0_PP1_TP2_EP2 pid=70618) ERROR 09-15 00:47:02 [multiproc_executor.py:1055]            ^^^^^^^^^^^^^^^^^^^^^^^^^^^^^^^^
(Worker_DP0_PP1_TP2_EP2 pid=70618) ERROR 09-15 00:47:02 [multiproc_executor.py:1055]   File "/usr/local/python3.11.10/lib/python3.11/site-packages/torch/nn/modules/module.py", line 1787, in _call_impl
(Worker_DP0_PP1_TP2_EP2 pid=70618) ERROR 09-15 00:47:02 [multiproc_executor.py:1055]     return forward_call(*args, **kwargs)
(Worker_DP0_PP1_TP2_EP2 pid=70618) ERROR 09-15 00:47:02 [multiproc_executor.py:1055]            ^^^^^^^^^^^^^^^^^^^^^^^^^^^^^
(Worker_DP0_PP1_TP2_EP2 pid=70618) ERROR 09-15 00:47:02 [multiproc_executor.py:1055]   File "/home/w00985415/proj_0825/deps/vllm-ascend/vllm_ascend/models/deepseek_v4/model.py", line 1098, in forward
(Worker_DP0_PP1_TP2_EP2 pid=70618) ERROR 09-15 00:47:02 [multiproc_executor.py:1055]     hidden_states = self.model(input_ids, positions, intermediate_tensors, inputs_embeds)
(Worker_DP0_PP1_TP2_EP2 pid=70618) ERROR 09-15 00:47:02 [multiproc_executor.py:1055]                     ^^^^^^^^^^^^^^^^^^^^^^^^^^^^^^^^^^^^^^^^^^^^^^^^^^^^^^^^^^^^^^^^^^^^^
(Worker_DP0_PP1_TP2_EP2 pid=70618) ERROR 09-15 00:47:02 [multiproc_executor.py:1055]   File "/home/w00985415/proj_0825/deps/vllm/vllm/compilation/decorators.py", line 509, in __call__
(Worker_DP0_PP1_TP2_EP2 pid=70618) ERROR 09-15 00:47:02 [multiproc_executor.py:1055]     return self.forward(*args, **kwargs)
(Worker_DP0_PP1_TP2_EP2 pid=70618) ERROR 09-15 00:47:02 [multiproc_executor.py:1055]            ^^^^^^^^^^^^^^^^^^^^^^^^^^^^^
(Worker_DP0_PP1_TP2_EP2 pid=70618) ERROR 09-15 00:47:02 [multiproc_executor.py:1055]   File "/home/w00985415/proj_0825/deps/vllm-ascend/vllm_ascend/models/deepseek_v4/model.py", line 940, in forward
(Worker_DP0_PP1_TP2_EP2 pid=70618) ERROR 09-15 00:47:02 [multiproc_executor.py:1055]     input_ids = sp_shard(input_ids)  # TODO: support PP with dsacp.
(Worker_DP0_PP1_TP2_EP2 pid=70618) ERROR 09-15 00:47:02 [multiproc_executor.py:1055]                 ^^^^^^^^^^^^^^^^^^^
(Worker_DP0_PP1_TP2_EP2 pid=70618) ERROR 09-15 00:47:02 [multiproc_executor.py:1055]   File "/home/w00985415/proj_0825/deps/vllm-ascend/vllm_ascend/models/common/ops/sequence_parallel.py", line 44, in sp_shard
(Worker_DP0_PP1_TP2_EP2 pid=70618) ERROR 09-15 00:47:02 [multiproc_executor.py:1055]     sp_pad = (-x.shape[0]) % tp_size
(Worker_DP0_PP1_TP2_EP2 pid=70618) ERROR 09-15 00:47:02 [multiproc_executor.py:1055]                ^^^^^^^
(Worker_DP0_PP1_TP2_EP2 pid=70618) ERROR 09-15 00:47:02 [multiproc_executor.py:1055] AttributeError: 'NoneType' object has no attribute 'shape'
(Worker_DP0_PP1_TP2_EP2 pid=70618) ERROR 09-15 00:47:02 [multiproc_executor.py:1055] 
(Worker_DP1_PP1_TP2_EP10 pid=70617) ERROR 09-15 00:47:02 [multiproc_executor.py:1055] WorkerProc hit an exception.
(Worker_DP1_PP1_TP2_EP10 pid=70617) ERROR 09-15 00:47:02 [multiproc_executor.py:1055] Traceback (most recent call last):
(Worker_DP1_PP1_TP2_EP10 pid=70617) ERROR 09-15 00:47:02 [multiproc_executor.py:1055]   File "/home/w00985415/proj_0825/deps/vllm/vllm/v1/executor/multiproc_executor.py", line 1047, in _execute_worker_rpc
(Worker_DP1_PP1_TP2_EP10 pid=70617) ERROR 09-15 00:47:02 [multiproc_executor.py:1055]     output = func(*args, **kwargs)
(Worker_DP1_PP1_TP2_EP10 pid=70617) ERROR 09-15 00:47:02 [multiproc_executor.py:1055]              ^^^^^^^^^^^^^^^^^^^^^
(Worker_DP1_PP1_TP2_EP10 pid=70617) ERROR 09-15 00:47:02 [multiproc_executor.py:1055]   File "/usr/local/python3.11.10/lib/python3.11/site-packages/torch/utils/_contextlib.py", line 124, in decorate_context
(Worker_DP1_PP1_TP2_EP10 pid=70617) ERROR 09-15 00:47:02 [multiproc_executor.py:1055]     return func(*args, **kwargs)
(Worker_DP1_PP1_TP2_EP10 pid=70617) ERROR 09-15 00:47:02 [multiproc_executor.py:1055]            ^^^^^^^^^^^^^^^^^^^^^
(Worker_DP1_PP1_TP2_EP10 pid=70617) ERROR 09-15 00:47:02 [multiproc_executor.py:1055]   File "/home/w00985415/proj_0825/deps/vllm-ascend/vllm_ascend/worker/worker.py", line 600, in determine_available_memory
(Worker_DP1_PP1_TP2_EP10 pid=70617) ERROR 09-15 00:47:02 [multiproc_executor.py:1055]     self.model_runner.profile_run()
(Worker_DP1_PP1_TP2_EP10 pid=70617) ERROR 09-15 00:47:02 [multiproc_executor.py:1055]   File "/usr/local/python3.11.10/lib/python3.11/site-packages/torch/utils/_contextlib.py", line 124, in decorate_context
(Worker_DP1_PP1_TP2_EP10 pid=70617) ERROR 09-15 00:47:02 [multiproc_executor.py:1055]     return func(*args, **kwargs)
(Worker_DP1_PP1_TP2_EP10 pid=70617) ERROR 09-15 00:47:02 [multiproc_executor.py:1055]            ^^^^^^^^^^^^^^^^^^^^^
(Worker_DP1_PP1_TP2_EP10 pid=70617) ERROR 09-15 00:47:02 [multiproc_executor.py:1055]   File "/home/w00985415/proj_0825/deps/vllm-ascend/vllm_ascend/worker/v2/model_runner.py", line 315, in profile_run
(Worker_DP1_PP1_TP2_EP10 pid=70617) ERROR 09-15 00:47:02 [multiproc_executor.py:1055]     self._dummy_run(mc2_tokens_capacity, skip_attn=True, skip_eplb=True, is_profile=True)
(Worker_DP1_PP1_TP2_EP10 pid=70617) ERROR 09-15 00:47:02 [multiproc_executor.py:1055]   File "/home/w00985415/proj_0825/deps/vllm-ascend/vllm_ascend/worker/v2/model_runner.py", line 647, in _dummy_run
(Worker_DP1_PP1_TP2_EP10 pid=70617) ERROR 09-15 00:47:02 [multiproc_executor.py:1055]     hidden_states, sample_hidden_states = super()._dummy_run(
(Worker_DP1_PP1_TP2_EP10 pid=70617) ERROR 09-15 00:47:02 [multiproc_executor.py:1055]                                           ^^^^^^^^^^^^^^^^^^^
(Worker_DP1_PP1_TP2_EP10 pid=70617) ERROR 09-15 00:47:02 [multiproc_executor.py:1055]   File "/usr/local/python3.11.10/lib/python3.11/site-packages/torch/utils/_contextlib.py", line 124, in decorate_context
(Worker_DP1_PP1_TP2_EP10 pid=70617) ERROR 09-15 00:47:02 [multiproc_executor.py:1055]     return func(*args, **kwargs)
(Worker_DP1_PP1_TP2_EP10 pid=70617) ERROR 09-15 00:47:02 [multiproc_executor.py:1055]            ^^^^^^^^^^^^^^^^^^^^^
(Worker_DP1_PP1_TP2_EP10 pid=70617) ERROR 09-15 00:47:02 [multiproc_executor.py:1055]   File "/home/w00985415/proj_0825/deps/vllm/vllm/v1/worker/gpu/eplb_utils.py", line 27, in wrapper
(Worker_DP1_PP1_TP2_EP10 pid=70617) ERROR 09-15 00:47:02 [multiproc_executor.py:1055]     result = fn(self, *args, **kwargs)
(Worker_DP1_PP1_TP2_EP10 pid=70617) ERROR 09-15 00:47:02 [multiproc_executor.py:1055]              ^^^^^^^^^^^^^^^^^^^^^^^^^
(Worker_DP1_PP1_TP2_EP10 pid=70617) ERROR 09-15 00:47:02 [multiproc_executor.py:1055]   File "/home/w00985415/proj_0825/deps/vllm/vllm/v1/worker/gpu/model_runner.py", line 786, in _dummy_run
(Worker_DP1_PP1_TP2_EP10 pid=70617) ERROR 09-15 00:47:02 [multiproc_executor.py:1055]     self.execute_model(
(Worker_DP1_PP1_TP2_EP10 pid=70617) ERROR 09-15 00:47:02 [multiproc_executor.py:1055]   File "/usr/local/python3.11.10/lib/python3.11/site-packages/torch/utils/_contextlib.py", line 124, in decorate_context
(Worker_DP1_PP1_TP2_EP10 pid=70617) ERROR 09-15 00:47:02 [multiproc_executor.py:1055]     return func(*args, **kwargs)
(Worker_DP1_PP1_TP2_EP10 pid=70617) ERROR 09-15 00:47:02 [multiproc_executor.py:1055]            ^^^^^^^^^^^^^^^^^^^^^
(Worker_DP1_PP1_TP2_EP10 pid=70617) ERROR 09-15 00:47:02 [multiproc_executor.py:1055]   File "/home/w00985415/proj_0825/deps/vllm-ascend/vllm_ascend/worker/v2/model_runner.py", line 280, in execute_model
(Worker_DP1_PP1_TP2_EP10 pid=70617) ERROR 09-15 00:47:02 [multiproc_executor.py:1055]     output = super().execute_model(
(Worker_DP1_PP1_TP2_EP10 pid=70617) ERROR 09-15 00:47:02 [multiproc_executor.py:1055]              ^^^^^^^^^^^^^^^^^^^^^^
(Worker_DP1_PP1_TP2_EP10 pid=70617) ERROR 09-15 00:47:02 [multiproc_executor.py:1055]   File "/usr/local/python3.11.10/lib/python3.11/site-packages/torch/utils/_contextlib.py", line 124, in decorate_context
(Worker_DP1_PP1_TP2_EP10 pid=70617) ERROR 09-15 00:47:02 [multiproc_executor.py:1055]     return func(*args, **kwargs)
(Worker_DP1_PP1_TP2_EP10 pid=70617) ERROR 09-15 00:47:02 [multiproc_executor.py:1055]            ^^^^^^^^^^^^^^^^^^^^^
(Worker_DP1_PP1_TP2_EP10 pid=70617) ERROR 09-15 00:47:02 [multiproc_executor.py:1055]   File "/home/w00985415/proj_0825/deps/vllm/vllm/v1/worker/gpu/model_runner.py", line 1849, in execute_model
(Worker_DP1_PP1_TP2_EP10 pid=70617) ERROR 09-15 00:47:02 [multiproc_executor.py:1055]     model_output = self.model(**model_inputs)
(Worker_DP1_PP1_TP2_EP10 pid=70617) ERROR 09-15 00:47:02 [multiproc_executor.py:1055]                    ^^^^^^^^^^^^^^^^^^^^^^^^^^
(Worker_DP1_PP1_TP2_EP10 pid=70617) ERROR 09-15 00:47:02 [multiproc_executor.py:1055]   File "/usr/local/python3.11.10/lib/python3.11/site-packages/torch/nn/modules/module.py", line 1776, in _wrapped_call_impl
(Worker_DP1_PP1_TP2_EP10 pid=70617) ERROR 09-15 00:47:02 [multiproc_executor.py:1055]     return self._call_impl(*args, **kwargs)
(Worker_DP1_PP1_TP2_EP10 pid=70617) ERROR 09-15 00:47:02 [multiproc_executor.py:1055]            ^^^^^^^^^^^^^^^^^^^^^^^^^^^^^^^^
(Worker_DP1_PP1_TP2_EP10 pid=70617) ERROR 09-15 00:47:02 [multiproc_executor.py:1055]   File "/usr/local/python3.11.10/lib/python3.11/site-packages/torch/nn/modules/module.py", line 1787, in _call_impl
(Worker_DP1_PP1_TP2_EP10 pid=70617) ERROR 09-15 00:47:02 [multiproc_executor.py:1055]     return forward_call(*args, **kwargs)
(Worker_DP1_PP1_TP2_EP10 pid=70617) ERROR 09-15 00:47:02 [multiproc_executor.py:1055]            ^^^^^^^^^^^^^^^^^^^^^^^^^^^^^
(Worker_DP1_PP1_TP2_EP10 pid=70617) ERROR 09-15 00:47:02 [multiproc_executor.py:1055]   File "/home/w00985415/proj_0825/deps/vllm-ascend/vllm_ascend/models/deepseek_v4/model.py", line 1098, in forward
(Worker_DP1_PP1_TP2_EP10 pid=70617) ERROR 09-15 00:47:02 [multiproc_executor.py:1055]     hidden_states = self.model(input_ids, positions, intermediate_tensors, inputs_embeds)
(Worker_DP1_PP1_TP2_EP10 pid=70617) ERROR 09-15 00:47:02 [multiproc_executor.py:1055]                     ^^^^^^^^^^^^^^^^^^^^^^^^^^^^^^^^^^^^^^^^^^^^^^^^^^^^^^^^^^^^^^^^^^^^^
(Worker_DP1_PP1_TP2_EP10 pid=70617) ERROR 09-15 00:47:02 [multiproc_executor.py:1055]   File "/home/w00985415/proj_0825/deps/vllm/vllm/compilation/decorators.py", line 509, in __call__
(Worker_DP1_PP1_TP2_EP10 pid=70617) ERROR 09-15 00:47:02 [multiproc_executor.py:1055]     return self.forward(*args, **kwargs)
(Worker_DP1_PP1_TP2_EP10 pid=70617) ERROR 09-15 00:47:02 [multiproc_executor.py:1055]            ^^^^^^^^^^^^^^^^^^^^^^^^^^^^^
(Worker_DP1_PP1_TP2_EP10 pid=70617) ERROR 09-15 00:47:02 [multiproc_executor.py:1055]   File "/home/w00985415/proj_0825/deps/vllm-ascend/vllm_ascend/models/deepseek_v4/model.py", line 940, in forward
(Worker_DP1_PP1_TP2_EP10 pid=70617) ERROR 09-15 00:47:02 [multiproc_executor.py:1055]     input_ids = sp_shard(input_ids)  # TODO: support PP with dsacp.
(Worker_DP1_PP1_TP2_EP10 pid=70617) ERROR 09-15 00:47:02 [multiproc_executor.py:1055]                 ^^^^^^^^^^^^^^^^^^^
(Worker_DP1_PP1_TP2_EP10 pid=70617) ERROR 09-15 00:47:02 [multiproc_executor.py:1055]   File "/home/w00985415/proj_0825/deps/vllm-ascend/vllm_ascend/models/common/ops/sequence_parallel.py", line 44, in sp_shard
(Worker_DP1_PP1_TP2_EP10 pid=70617) ERROR 09-15 00:47:02 [multiproc_executor.py:1055]     sp_pad = (-x.shape[0]) % tp_size
(Worker_DP1_PP1_TP2_EP10 pid=70617) ERROR 09-15 00:47:02 [multiproc_executor.py:1055]                ^^^^^^^
(Worker_DP1_PP1_TP2_EP10 pid=70617) ERROR 09-15 00:47:02 [multiproc_executor.py:1055] AttributeError: 'NoneType' object has no attribute 'shape'
(Worker_DP1_PP1_TP2_EP10 pid=70617) ERROR 09-15 00:47:02 [multiproc_executor.py:1055] Traceback (most recent call last):
(Worker_DP1_PP1_TP2_EP10 pid=70617) ERROR 09-15 00:47:02 [multiproc_executor.py:1055]   File "/home/w00985415/proj_0825/deps/vllm/vllm/v1/executor/multiproc_executor.py", line 1047, in _execute_worker_rpc
(Worker_DP1_PP1_TP2_EP10 pid=70617) ERROR 09-15 00:47:02 [multiproc_executor.py:1055]     output = func(*args, **kwargs)
(Worker_DP1_PP1_TP2_EP10 pid=70617) ERROR 09-15 00:47:02 [multiproc_executor.py:1055]              ^^^^^^^^^^^^^^^^^^^^^
(Worker_DP1_PP1_TP2_EP10 pid=70617) ERROR 09-15 00:47:02 [multiproc_executor.py:1055]   File "/usr/local/python3.11.10/lib/python3.11/site-packages/torch/utils/_contextlib.py", line 124, in decorate_context
(Worker_DP1_PP1_TP2_EP10 pid=70617) ERROR 09-15 00:47:02 [multiproc_executor.py:1055]     return func(*args, **kwargs)
(Worker_DP1_PP1_TP2_EP10 pid=70617) ERROR 09-15 00:47:02 [multiproc_executor.py:1055]            ^^^^^^^^^^^^^^^^^^^^^
(Worker_DP1_PP1_TP2_EP10 pid=70617) ERROR 09-15 00:47:02 [multiproc_executor.py:1055]   File "/home/w00985415/proj_0825/deps/vllm-ascend/vllm_ascend/worker/worker.py", line 600, in determine_available_memory
(Worker_DP1_PP1_TP2_EP10 pid=70617) ERROR 09-15 00:47:02 [multiproc_executor.py:1055]     self.model_runner.profile_run()
(Worker_DP1_PP1_TP2_EP10 pid=70617) ERROR 09-15 00:47:02 [multiproc_executor.py:1055]   File "/usr/local/python3.11.10/lib/python3.11/site-packages/torch/utils/_contextlib.py", line 124, in decorate_context
(Worker_DP1_PP1_TP2_EP10 pid=70617) ERROR 09-15 00:47:02 [multiproc_executor.py:1055]     return func(*args, **kwargs)
(Worker_DP1_PP1_TP2_EP10 pid=70617) ERROR 09-15 00:47:02 [multiproc_executor.py:1055]            ^^^^^^^^^^^^^^^^^^^^^
(Worker_DP1_PP1_TP2_EP10 pid=70617) ERROR 09-15 00:47:02 [multiproc_executor.py:1055]   File "/home/w00985415/proj_0825/deps/vllm-ascend/vllm_ascend/worker/v2/model_runner.py", line 315, in profile_run
(Worker_DP1_PP1_TP2_EP10 pid=70617) ERROR 09-15 00:47:02 [multiproc_executor.py:1055]     self._dummy_run(mc2_tokens_capacity, skip_attn=True, skip_eplb=True, is_profile=True)
(Worker_DP1_PP1_TP2_EP10 pid=70617) ERROR 09-15 00:47:02 [multiproc_executor.py:1055]   File "/home/w00985415/proj_0825/deps/vllm-ascend/vllm_ascend/worker/v2/model_runner.py", line 647, in _dummy_run
(Worker_DP1_PP1_TP2_EP10 pid=70617) ERROR 09-15 00:47:02 [multiproc_executor.py:1055]     hidden_states, sample_hidden_states = super()._dummy_run(
(Worker_DP1_PP1_TP2_EP10 pid=70617) ERROR 09-15 00:47:02 [multiproc_executor.py:1055]                                           ^^^^^^^^^^^^^^^^^^^
(Worker_DP1_PP1_TP2_EP10 pid=70617) ERROR 09-15 00:47:02 [multiproc_executor.py:1055]   File "/usr/local/python3.11.10/lib/python3.11/site-packages/torch/utils/_contextlib.py", line 124, in decorate_context
(Worker_DP1_PP1_TP2_EP10 pid=70617) ERROR 09-15 00:47:02 [multiproc_executor.py:1055]     return func(*args, **kwargs)
(Worker_DP1_PP1_TP2_EP10 pid=70617) ERROR 09-15 00:47:02 [multiproc_executor.py:1055]            ^^^^^^^^^^^^^^^^^^^^^
(Worker_DP1_PP1_TP2_EP10 pid=70617) ERROR 09-15 00:47:02 [multiproc_executor.py:1055]   File "/home/w00985415/proj_0825/deps/vllm/vllm/v1/worker/gpu/eplb_utils.py", line 27, in wrapper
(Worker_DP1_PP1_TP2_EP10 pid=70617) ERROR 09-15 00:47:02 [multiproc_executor.py:1055]     result = fn(self, *args, **kwargs)
(Worker_DP1_PP1_TP2_EP10 pid=70617) ERROR 09-15 00:47:02 [multiproc_executor.py:1055]              ^^^^^^^^^^^^^^^^^^^^^^^^^
(Worker_DP1_PP1_TP2_EP10 pid=70617) ERROR 09-15 00:47:02 [multiproc_executor.py:1055]   File "/home/w00985415/proj_0825/deps/vllm/vllm/v1/worker/gpu/model_runner.py", line 786, in _dummy_run
(Worker_DP1_PP1_TP2_EP10 pid=70617) ERROR 09-15 00:47:02 [multiproc_executor.py:1055]     self.execute_model(
(Worker_DP1_PP1_TP2_EP10 pid=70617) ERROR 09-15 00:47:02 [multiproc_executor.py:1055]   File "/usr/local/python3.11.10/lib/python3.11/site-packages/torch/utils/_contextlib.py", line 124, in decorate_context
(Worker_DP1_PP1_TP2_EP10 pid=70617) ERROR 09-15 00:47:02 [multiproc_executor.py:1055]     return func(*args, **kwargs)
(Worker_DP1_PP1_TP2_EP10 pid=70617) ERROR 09-15 00:47:02 [multiproc_executor.py:1055]            ^^^^^^^^^^^^^^^^^^^^^
(Worker_DP1_PP1_TP2_EP10 pid=70617) ERROR 09-15 00:47:02 [multiproc_executor.py:1055]   File "/home/w00985415/proj_0825/deps/vllm-ascend/vllm_ascend/worker/v2/model_runner.py", line 280, in execute_model
(Worker_DP1_PP1_TP2_EP10 pid=70617) ERROR 09-15 00:47:02 [multiproc_executor.py:1055]     output = super().execute_model(
(Worker_DP1_PP1_TP2_EP10 pid=70617) ERROR 09-15 00:47:02 [multiproc_executor.py:1055]              ^^^^^^^^^^^^^^^^^^^^^^
(Worker_DP1_PP1_TP2_EP10 pid=70617) ERROR 09-15 00:47:02 [multiproc_executor.py:1055]   File "/usr/local/python3.11.10/lib/python3.11/site-packages/torch/utils/_contextlib.py", line 124, in decorate_context
(Worker_DP1_PP1_TP2_EP10 pid=70617) ERROR 09-15 00:47:02 [multiproc_executor.py:1055]     return func(*args, **kwargs)
(Worker_DP1_PP1_TP2_EP10 pid=70617) ERROR 09-15 00:47:02 [multiproc_executor.py:1055]            ^^^^^^^^^^^^^^^^^^^^^
(Worker_DP1_PP1_TP2_EP10 pid=70617) ERROR 09-15 00:47:02 [multiproc_executor.py:1055]   File "/home/w00985415/proj_0825/deps/vllm/vllm/v1/worker/gpu/model_runner.py", line 1849, in execute_model
(Worker_DP1_PP1_TP2_EP10 pid=70617) ERROR 09-15 00:47:02 [multiproc_executor.py:1055]     model_output = self.model(**model_inputs)
(Worker_DP1_PP1_TP2_EP10 pid=70617) ERROR 09-15 00:47:02 [multiproc_executor.py:1055]                    ^^^^^^^^^^^^^^^^^^^^^^^^^^
(Worker_DP1_PP1_TP2_EP10 pid=70617) ERROR 09-15 00:47:02 [multiproc_executor.py:1055]   File "/usr/local/python3.11.10/lib/python3.11/site-packages/torch/nn/modules/module.py", line 1776, in _wrapped_call_impl
(Worker_DP1_PP1_TP2_EP10 pid=70617) ERROR 09-15 00:47:02 [multiproc_executor.py:1055]     return self._call_impl(*args, **kwargs)
(Worker_DP1_PP1_TP2_EP10 pid=70617) ERROR 09-15 00:47:02 [multiproc_executor.py:1055]            ^^^^^^^^^^^^^^^^^^^^^^^^^^^^^^^^
(Worker_DP1_PP1_TP2_EP10 pid=70617) ERROR 09-15 00:47:02 [multiproc_executor.py:1055]   File "/usr/local/python3.11.10/lib/python3.11/site-packages/torch/nn/modules/module.py", line 1787, in _call_impl
(Worker_DP1_PP1_TP2_EP10 pid=70617) ERROR 09-15 00:47:02 [multiproc_executor.py:1055]     return forward_call(*args, **kwargs)
(Worker_DP1_PP1_TP2_EP10 pid=70617) ERROR 09-15 00:47:02 [multiproc_executor.py:1055]            ^^^^^^^^^^^^^^^^^^^^^^^^^^^^^
(Worker_DP1_PP1_TP2_EP10 pid=70617) ERROR 09-15 00:47:02 [multiproc_executor.py:1055]   File "/home/w00985415/proj_0825/deps/vllm-ascend/vllm_ascend/models/deepseek_v4/model.py", line 1098, in forward
(Worker_DP1_PP1_TP2_EP10 pid=70617) ERROR 09-15 00:47:02 [multiproc_executor.py:1055]     hidden_states = self.model(input_ids, positions, intermediate_tensors, inputs_embeds)
(Worker_DP1_PP1_TP2_EP10 pid=70617) ERROR 09-15 00:47:02 [multiproc_executor.py:1055]                     ^^^^^^^^^^^^^^^^^^^^^^^^^^^^^^^^^^^^^^^^^^^^^^^^^^^^^^^^^^^^^^^^^^^^^
(Worker_DP1_PP1_TP2_EP10 pid=70617) ERROR 09-15 00:47:02 [multiproc_executor.py:1055]   File "/home/w00985415/proj_0825/deps/vllm/vllm/compilation/decorators.py", line 509, in __call__
(Worker_DP1_PP1_TP2_EP10 pid=70617) ERROR 09-15 00:47:02 [multiproc_executor.py:1055]     return self.forward(*args, **kwargs)
(Worker_DP1_PP1_TP2_EP10 pid=70617) ERROR 09-15 00:47:02 [multiproc_executor.py:1055]            ^^^^^^^^^^^^^^^^^^^^^^^^^^^^^
(Worker_DP1_PP1_TP2_EP10 pid=70617) ERROR 09-15 00:47:02 [multiproc_executor.py:1055]   File "/home/w00985415/proj_0825/deps/vllm-ascend/vllm_ascend/models/deepseek_v4/model.py", line 940, in forward
(Worker_DP1_PP1_TP2_EP10 pid=70617) ERROR 09-15 00:47:02 [multiproc_executor.py:1055]     input_ids = sp_shard(input_ids)  # TODO: support PP with dsacp.
(Worker_DP1_PP1_TP2_EP10 pid=70617) ERROR 09-15 00:47:02 [multiproc_executor.py:1055]                 ^^^^^^^^^^^^^^^^^^^
(Worker_DP1_PP1_TP2_EP10 pid=70617) ERROR 09-15 00:47:02 [multiproc_executor.py:1055]   File "/home/w00985415/proj_0825/deps/vllm-ascend/vllm_ascend/models/common/ops/sequence_parallel.py", line 44, in sp_shard
(Worker_DP1_PP1_TP2_EP10 pid=70617) ERROR 09-15 00:47:02 [multiproc_executor.py:1055]     sp_pad = (-x.shape[0]) % tp_size
(Worker_DP1_PP1_TP2_EP10 pid=70617) ERROR 09-15 00:47:02 [multiproc_executor.py:1055]                ^^^^^^^
(Worker_DP1_PP1_TP2_EP10 pid=70617) ERROR 09-15 00:47:02 [multiproc_executor.py:1055] AttributeError: 'NoneType' object has no attribute 'shape'
(Worker_DP1_PP1_TP2_EP10 pid=70617) ERROR 09-15 00:47:02 [multiproc_executor.py:1055] 
(Worker_DP0_PP1_TP4_EP4 pid=70912) ERROR 09-15 00:47:03 [multiproc_executor.py:1055] WorkerProc hit an exception.
(Worker_DP0_PP1_TP4_EP4 pid=70912) ERROR 09-15 00:47:03 [multiproc_executor.py:1055] Traceback (most recent call last):
(Worker_DP0_PP1_TP4_EP4 pid=70912) ERROR 09-15 00:47:03 [multiproc_executor.py:1055]   File "/home/w00985415/proj_0825/deps/vllm/vllm/v1/executor/multiproc_executor.py", line 1047, in _execute_worker_rpc
(Worker_DP0_PP1_TP4_EP4 pid=70912) ERROR 09-15 00:47:03 [multiproc_executor.py:1055]     output = func(*args, **kwargs)
(Worker_DP0_PP1_TP4_EP4 pid=70912) ERROR 09-15 00:47:03 [multiproc_executor.py:1055]              ^^^^^^^^^^^^^^^^^^^^^
(Worker_DP0_PP1_TP4_EP4 pid=70912) ERROR 09-15 00:47:03 [multiproc_executor.py:1055]   File "/usr/local/python3.11.10/lib/python3.11/site-packages/torch/utils/_contextlib.py", line 124, in decorate_context
(Worker_DP0_PP1_TP4_EP4 pid=70912) ERROR 09-15 00:47:03 [multiproc_executor.py:1055]     return func(*args, **kwargs)
(Worker_DP0_PP1_TP4_EP4 pid=70912) ERROR 09-15 00:47:03 [multiproc_executor.py:1055]            ^^^^^^^^^^^^^^^^^^^^^
(Worker_DP0_PP1_TP4_EP4 pid=70912) ERROR 09-15 00:47:03 [multiproc_executor.py:1055]   File "/home/w00985415/proj_0825/deps/vllm-ascend/vllm_ascend/worker/worker.py", line 600, in determine_available_memory
(Worker_DP0_PP1_TP4_EP4 pid=70912) ERROR 09-15 00:47:03 [multiproc_executor.py:1055]     self.model_runner.profile_run()
(Worker_DP0_PP1_TP4_EP4 pid=70912) ERROR 09-15 00:47:03 [multiproc_executor.py:1055]   File "/usr/local/python3.11.10/lib/python3.11/site-packages/torch/utils/_contextlib.py", line 124, in decorate_context
(Worker_DP0_PP1_TP4_EP4 pid=70912) ERROR 09-15 00:47:03 [multiproc_executor.py:1055]     return func(*args, **kwargs)
(Worker_DP0_PP1_TP4_EP4 pid=70912) ERROR 09-15 00:47:03 [multiproc_executor.py:1055]            ^^^^^^^^^^^^^^^^^^^^^
(Worker_DP0_PP1_TP4_EP4 pid=70912) ERROR 09-15 00:47:03 [multiproc_executor.py:1055]   File "/home/w00985415/proj_0825/deps/vllm-ascend/vllm_ascend/worker/v2/model_runner.py", line 315, in profile_run
(Worker_DP0_PP1_TP4_EP4 pid=70912) ERROR 09-15 00:47:03 [multiproc_executor.py:1055]     self._dummy_run(mc2_tokens_capacity, skip_attn=True, skip_eplb=True, is_profile=True)
(Worker_DP0_PP1_TP4_EP4 pid=70912) ERROR 09-15 00:47:03 [multiproc_executor.py:1055]   File "/home/w00985415/proj_0825/deps/vllm-ascend/vllm_ascend/worker/v2/model_runner.py", line 647, in _dummy_run
(Worker_DP0_PP1_TP4_EP4 pid=70912) ERROR 09-15 00:47:03 [multiproc_executor.py:1055]     hidden_states, sample_hidden_states = super()._dummy_run(
(Worker_DP0_PP1_TP4_EP4 pid=70912) ERROR 09-15 00:47:03 [multiproc_executor.py:1055]                                           ^^^^^^^^^^^^^^^^^^^
(Worker_DP0_PP1_TP4_EP4 pid=70912) ERROR 09-15 00:47:03 [multiproc_executor.py:1055]   File "/usr/local/python3.11.10/lib/python3.11/site-packages/torch/utils/_contextlib.py", line 124, in decorate_context
(Worker_DP0_PP1_TP4_EP4 pid=70912) ERROR 09-15 00:47:03 [multiproc_executor.py:1055]     return func(*args, **kwargs)
(Worker_DP0_PP1_TP4_EP4 pid=70912) ERROR 09-15 00:47:03 [multiproc_executor.py:1055]            ^^^^^^^^^^^^^^^^^^^^^
(Worker_DP0_PP1_TP4_EP4 pid=70912) ERROR 09-15 00:47:03 [multiproc_executor.py:1055]   File "/home/w00985415/proj_0825/deps/vllm/vllm/v1/worker/gpu/eplb_utils.py", line 27, in wrapper
(Worker_DP0_PP1_TP4_EP4 pid=70912) ERROR 09-15 00:47:03 [multiproc_executor.py:1055]     result = fn(self, *args, **kwargs)
(Worker_DP0_PP1_TP4_EP4 pid=70912) ERROR 09-15 00:47:03 [multiproc_executor.py:1055]              ^^^^^^^^^^^^^^^^^^^^^^^^^
(Worker_DP0_PP1_TP4_EP4 pid=70912) ERROR 09-15 00:47:03 [multiproc_executor.py:1055]   File "/home/w00985415/proj_0825/deps/vllm/vllm/v1/worker/gpu/model_runner.py", line 786, in _dummy_run
(Worker_DP0_PP1_TP4_EP4 pid=70912) ERROR 09-15 00:47:03 [multiproc_executor.py:1055]     self.execute_model(
(Worker_DP0_PP1_TP4_EP4 pid=70912) ERROR 09-15 00:47:03 [multiproc_executor.py:1055]   File "/usr/local/python3.11.10/lib/python3.11/site-packages/torch/utils/_contextlib.py", line 124, in decorate_context
(Worker_DP0_PP1_TP4_EP4 pid=70912) ERROR 09-15 00:47:03 [multiproc_executor.py:1055]     return func(*args, **kwargs)
(Worker_DP0_PP1_TP4_EP4 pid=70912) ERROR 09-15 00:47:03 [multiproc_executor.py:1055]            ^^^^^^^^^^^^^^^^^^^^^
(Worker_DP0_PP1_TP4_EP4 pid=70912) ERROR 09-15 00:47:03 [multiproc_executor.py:1055]   File "/home/w00985415/proj_0825/deps/vllm-ascend/vllm_ascend/worker/v2/model_runner.py", line 280, in execute_model
(Worker_DP0_PP1_TP4_EP4 pid=70912) ERROR 09-15 00:47:03 [multiproc_executor.py:1055]     output = super().execute_model(
(Worker_DP0_PP1_TP4_EP4 pid=70912) ERROR 09-15 00:47:03 [multiproc_executor.py:1055]              ^^^^^^^^^^^^^^^^^^^^^^
(Worker_DP0_PP1_TP4_EP4 pid=70912) ERROR 09-15 00:47:03 [multiproc_executor.py:1055]   File "/usr/local/python3.11.10/lib/python3.11/site-packages/torch/utils/_contextlib.py", line 124, in decorate_context
(Worker_DP0_PP1_TP4_EP4 pid=70912) ERROR 09-15 00:47:03 [multiproc_executor.py:1055]     return func(*args, **kwargs)
(Worker_DP0_PP1_TP4_EP4 pid=70912) ERROR 09-15 00:47:03 [multiproc_executor.py:1055]            ^^^^^^^^^^^^^^^^^^^^^
(Worker_DP0_PP1_TP4_EP4 pid=70912) ERROR 09-15 00:47:03 [multiproc_executor.py:1055]   File "/home/w00985415/proj_0825/deps/vllm/vllm/v1/worker/gpu/model_runner.py", line 1849, in execute_model
(Worker_DP0_PP1_TP4_EP4 pid=70912) ERROR 09-15 00:47:03 [multiproc_executor.py:1055]     model_output = self.model(**model_inputs)
(Worker_DP0_PP1_TP4_EP4 pid=70912) ERROR 09-15 00:47:03 [multiproc_executor.py:1055]                    ^^^^^^^^^^^^^^^^^^^^^^^^^^
(Worker_DP0_PP1_TP4_EP4 pid=70912) ERROR 09-15 00:47:03 [multiproc_executor.py:1055]   File "/usr/local/python3.11.10/lib/python3.11/site-packages/torch/nn/modules/module.py", line 1776, in _wrapped_call_impl
(Worker_DP0_PP1_TP4_EP4 pid=70912) ERROR 09-15 00:47:03 [multiproc_executor.py:1055]     return self._call_impl(*args, **kwargs)
(Worker_DP0_PP1_TP4_EP4 pid=70912) ERROR 09-15 00:47:03 [multiproc_executor.py:1055]            ^^^^^^^^^^^^^^^^^^^^^^^^^^^^^^^^
(Worker_DP0_PP1_TP4_EP4 pid=70912) ERROR 09-15 00:47:03 [multiproc_executor.py:1055]   File "/usr/local/python3.11.10/lib/python3.11/site-packages/torch/nn/modules/module.py", line 1787, in _call_impl
(Worker_DP0_PP1_TP4_EP4 pid=70912) ERROR 09-15 00:47:03 [multiproc_executor.py:1055]     return forward_call(*args, **kwargs)
(Worker_DP0_PP1_TP4_EP4 pid=70912) ERROR 09-15 00:47:03 [multiproc_executor.py:1055]            ^^^^^^^^^^^^^^^^^^^^^^^^^^^^^
(Worker_DP0_PP1_TP4_EP4 pid=70912) ERROR 09-15 00:47:03 [multiproc_executor.py:1055]   File "/home/w00985415/proj_0825/deps/vllm-ascend/vllm_ascend/models/deepseek_v4/model.py", line 1098, in forward
(Worker_DP0_PP1_TP4_EP4 pid=70912) ERROR 09-15 00:47:03 [multiproc_executor.py:1055]     hidden_states = self.model(input_ids, positions, intermediate_tensors, inputs_embeds)
(Worker_DP0_PP1_TP4_EP4 pid=70912) ERROR 09-15 00:47:03 [multiproc_executor.py:1055]                     ^^^^^^^^^^^^^^^^^^^^^^^^^^^^^^^^^^^^^^^^^^^^^^^^^^^^^^^^^^^^^^^^^^^^^
(Worker_DP0_PP1_TP4_EP4 pid=70912) ERROR 09-15 00:47:03 [multiproc_executor.py:1055]   File "/home/w00985415/proj_0825/deps/vllm/vllm/compilation/decorators.py", line 509, in __call__
(Worker_DP0_PP1_TP4_EP4 pid=70912) ERROR 09-15 00:47:03 [multiproc_executor.py:1055]     return self.forward(*args, **kwargs)
(Worker_DP0_PP1_TP4_EP4 pid=70912) ERROR 09-15 00:47:03 [multiproc_executor.py:1055]            ^^^^^^^^^^^^^^^^^^^^^^^^^^^^^
(Worker_DP0_PP1_TP4_EP4 pid=70912) ERROR 09-15 00:47:03 [multiproc_executor.py:1055]   File "/home/w00985415/proj_0825/deps/vllm-ascend/vllm_ascend/models/deepseek_v4/model.py", line 940, in forward
(Worker_DP0_PP1_TP4_EP4 pid=70912) ERROR 09-15 00:47:03 [multiproc_executor.py:1055]     input_ids = sp_shard(input_ids)  # TODO: support PP with dsacp.
(Worker_DP0_PP1_TP4_EP4 pid=70912) ERROR 09-15 00:47:03 [multiproc_executor.py:1055]                 ^^^^^^^^^^^^^^^^^^^
(Worker_DP0_PP1_TP4_EP4 pid=70912) ERROR 09-15 00:47:03 [multiproc_executor.py:1055]   File "/home/w00985415/proj_0825/deps/vllm-ascend/vllm_ascend/models/common/ops/sequence_parallel.py", line 44, in sp_shard
(Worker_DP0_PP1_TP4_EP4 pid=70912) ERROR 09-15 00:47:03 [multiproc_executor.py:1055]     sp_pad = (-x.shape[0]) % tp_size
(Worker_DP0_PP1_TP4_EP4 pid=70912) ERROR 09-15 00:47:03 [multiproc_executor.py:1055]                ^^^^^^^
(Worker_DP0_PP1_TP4_EP4 pid=70912) ERROR 09-15 00:47:03 [multiproc_executor.py:1055] AttributeError: 'NoneType' object has no attribute 'shape'
(Worker_DP0_PP1_TP4_EP4 pid=70912) ERROR 09-15 00:47:03 [multiproc_executor.py:1055] Traceback (most recent call last):
(Worker_DP0_PP1_TP4_EP4 pid=70912) ERROR 09-15 00:47:03 [multiproc_executor.py:1055]   File "/home/w00985415/proj_0825/deps/vllm/vllm/v1/executor/multiproc_executor.py", line 1047, in _execute_worker_rpc
(Worker_DP0_PP1_TP4_EP4 pid=70912) ERROR 09-15 00:47:03 [multiproc_executor.py:1055]     output = func(*args, **kwargs)
(Worker_DP0_PP1_TP4_EP4 pid=70912) ERROR 09-15 00:47:03 [multiproc_executor.py:1055]              ^^^^^^^^^^^^^^^^^^^^^
(Worker_DP0_PP1_TP4_EP4 pid=70912) ERROR 09-15 00:47:03 [multiproc_executor.py:1055]   File "/usr/local/python3.11.10/lib/python3.11/site-packages/torch/utils/_contextlib.py", line 124, in decorate_context
(Worker_DP0_PP1_TP4_EP4 pid=70912) ERROR 09-15 00:47:03 [multiproc_executor.py:1055]     return func(*args, **kwargs)
(Worker_DP0_PP1_TP4_EP4 pid=70912) ERROR 09-15 00:47:03 [multiproc_executor.py:1055]            ^^^^^^^^^^^^^^^^^^^^^
(Worker_DP0_PP1_TP4_EP4 pid=70912) ERROR 09-15 00:47:03 [multiproc_executor.py:1055]   File "/home/w00985415/proj_0825/deps/vllm-ascend/vllm_ascend/worker/worker.py", line 600, in determine_available_memory
(Worker_DP0_PP1_TP4_EP4 pid=70912) ERROR 09-15 00:47:03 [multiproc_executor.py:1055]     self.model_runner.profile_run()
(Worker_DP0_PP1_TP4_EP4 pid=70912) ERROR 09-15 00:47:03 [multiproc_executor.py:1055]   File "/usr/local/python3.11.10/lib/python3.11/site-packages/torch/utils/_contextlib.py", line 124, in decorate_context
(Worker_DP0_PP1_TP4_EP4 pid=70912) ERROR 09-15 00:47:03 [multiproc_executor.py:1055]     return func(*args, **kwargs)
(Worker_DP0_PP1_TP4_EP4 pid=70912) ERROR 09-15 00:47:03 [multiproc_executor.py:1055]            ^^^^^^^^^^^^^^^^^^^^^
(Worker_DP0_PP1_TP4_EP4 pid=70912) ERROR 09-15 00:47:03 [multiproc_executor.py:1055]   File "/home/w00985415/proj_0825/deps/vllm-ascend/vllm_ascend/worker/v2/model_runner.py", line 315, in profile_run
(Worker_DP0_PP1_TP4_EP4 pid=70912) ERROR 09-15 00:47:03 [multiproc_executor.py:1055]     self._dummy_run(mc2_tokens_capacity, skip_attn=True, skip_eplb=True, is_profile=True)
(Worker_DP0_PP1_TP4_EP4 pid=70912) ERROR 09-15 00:47:03 [multiproc_executor.py:1055]   File "/home/w00985415/proj_0825/deps/vllm-ascend/vllm_ascend/worker/v2/model_runner.py", line 647, in _dummy_run
(Worker_DP0_PP1_TP4_EP4 pid=70912) ERROR 09-15 00:47:03 [multiproc_executor.py:1055]     hidden_states, sample_hidden_states = super()._dummy_run(
(Worker_DP0_PP1_TP4_EP4 pid=70912) ERROR 09-15 00:47:03 [multiproc_executor.py:1055]                                           ^^^^^^^^^^^^^^^^^^^
(Worker_DP0_PP1_TP4_EP4 pid=70912) ERROR 09-15 00:47:03 [multiproc_executor.py:1055]   File "/usr/local/python3.11.10/lib/python3.11/site-packages/torch/utils/_contextlib.py", line 124, in decorate_context
(Worker_DP0_PP1_TP4_EP4 pid=70912) ERROR 09-15 00:47:03 [multiproc_executor.py:1055]     return func(*args, **kwargs)
(Worker_DP0_PP1_TP4_EP4 pid=70912) ERROR 09-15 00:47:03 [multiproc_executor.py:1055]            ^^^^^^^^^^^^^^^^^^^^^
(Worker_DP0_PP1_TP4_EP4 pid=70912) ERROR 09-15 00:47:03 [multiproc_executor.py:1055]   File "/home/w00985415/proj_0825/deps/vllm/vllm/v1/worker/gpu/eplb_utils.py", line 27, in wrapper
(Worker_DP0_PP1_TP4_EP4 pid=70912) ERROR 09-15 00:47:03 [multiproc_executor.py:1055]     result = fn(self, *args, **kwargs)
(Worker_DP0_PP1_TP4_EP4 pid=70912) ERROR 09-15 00:47:03 [multiproc_executor.py:1055]              ^^^^^^^^^^^^^^^^^^^^^^^^^
(Worker_DP0_PP1_TP4_EP4 pid=70912) ERROR 09-15 00:47:03 [multiproc_executor.py:1055]   File "/home/w00985415/proj_0825/deps/vllm/vllm/v1/worker/gpu/model_runner.py", line 786, in _dummy_run
(Worker_DP0_PP1_TP4_EP4 pid=70912) ERROR 09-15 00:47:03 [multiproc_executor.py:1055]     self.execute_model(
(Worker_DP0_PP1_TP4_EP4 pid=70912) ERROR 09-15 00:47:03 [multiproc_executor.py:1055]   File "/usr/local/python3.11.10/lib/python3.11/site-packages/torch/utils/_contextlib.py", line 124, in decorate_context
(Worker_DP0_PP1_TP4_EP4 pid=70912) ERROR 09-15 00:47:03 [multiproc_executor.py:1055]     return func(*args, **kwargs)
(Worker_DP0_PP1_TP4_EP4 pid=70912) ERROR 09-15 00:47:03 [multiproc_executor.py:1055]            ^^^^^^^^^^^^^^^^^^^^^
(Worker_DP0_PP1_TP4_EP4 pid=70912) ERROR 09-15 00:47:03 [multiproc_executor.py:1055]   File "/home/w00985415/proj_0825/deps/vllm-ascend/vllm_ascend/worker/v2/model_runner.py", line 280, in execute_model
(Worker_DP0_PP1_TP4_EP4 pid=70912) ERROR 09-15 00:47:03 [multiproc_executor.py:1055]     output = super().execute_model(
(Worker_DP0_PP1_TP4_EP4 pid=70912) ERROR 09-15 00:47:03 [multiproc_executor.py:1055]              ^^^^^^^^^^^^^^^^^^^^^^
(Worker_DP0_PP1_TP4_EP4 pid=70912) ERROR 09-15 00:47:03 [multiproc_executor.py:1055]   File "/usr/local/python3.11.10/lib/python3.11/site-packages/torch/utils/_contextlib.py", line 124, in decorate_context
(Worker_DP0_PP1_TP4_EP4 pid=70912) ERROR 09-15 00:47:03 [multiproc_executor.py:1055]     return func(*args, **kwargs)
(Worker_DP0_PP1_TP4_EP4 pid=70912) ERROR 09-15 00:47:03 [multiproc_executor.py:1055]            ^^^^^^^^^^^^^^^^^^^^^
(Worker_DP0_PP1_TP4_EP4 pid=70912) ERROR 09-15 00:47:03 [multiproc_executor.py:1055]   File "/home/w00985415/proj_0825/deps/vllm/vllm/v1/worker/gpu/model_runner.py", line 1849, in execute_model
(Worker_DP0_PP1_TP4_EP4 pid=70912) ERROR 09-15 00:47:03 [multiproc_executor.py:1055]     model_output = self.model(**model_inputs)
(Worker_DP0_PP1_TP4_EP4 pid=70912) ERROR 09-15 00:47:03 [multiproc_executor.py:1055]                    ^^^^^^^^^^^^^^^^^^^^^^^^^^
(Worker_DP0_PP1_TP4_EP4 pid=70912) ERROR 09-15 00:47:03 [multiproc_executor.py:1055]   File "/usr/local/python3.11.10/lib/python3.11/site-packages/torch/nn/modules/module.py", line 1776, in _wrapped_call_impl
(Worker_DP0_PP1_TP4_EP4 pid=70912) ERROR 09-15 00:47:03 [multiproc_executor.py:1055]     return self._call_impl(*args, **kwargs)
(Worker_DP0_PP1_TP4_EP4 pid=70912) ERROR 09-15 00:47:03 [multiproc_executor.py:1055]            ^^^^^^^^^^^^^^^^^^^^^^^^^^^^^^^^
(Worker_DP0_PP1_TP4_EP4 pid=70912) ERROR 09-15 00:47:03 [multiproc_executor.py:1055]   File "/usr/local/python3.11.10/lib/python3.11/site-packages/torch/nn/modules/module.py", line 1787, in _call_impl
(Worker_DP0_PP1_TP4_EP4 pid=70912) ERROR 09-15 00:47:03 [multiproc_executor.py:1055]     return forward_call(*args, **kwargs)
(Worker_DP0_PP1_TP4_EP4 pid=70912) ERROR 09-15 00:47:03 [multiproc_executor.py:1055]            ^^^^^^^^^^^^^^^^^^^^^^^^^^^^^
(Worker_DP0_PP1_TP4_EP4 pid=70912) ERROR 09-15 00:47:03 [multiproc_executor.py:1055]   File "/home/w00985415/proj_0825/deps/vllm-ascend/vllm_ascend/models/deepseek_v4/model.py", line 1098, in forward
(Worker_DP0_PP1_TP4_EP4 pid=70912) ERROR 09-15 00:47:03 [multiproc_executor.py:1055]     hidden_states = self.model(input_ids, positions, intermediate_tensors, inputs_embeds)
(Worker_DP0_PP1_TP4_EP4 pid=70912) ERROR 09-15 00:47:03 [multiproc_executor.py:1055]                     ^^^^^^^^^^^^^^^^^^^^^^^^^^^^^^^^^^^^^^^^^^^^^^^^^^^^^^^^^^^^^^^^^^^^^
(Worker_DP0_PP1_TP4_EP4 pid=70912) ERROR 09-15 00:47:03 [multiproc_executor.py:1055]   File "/home/w00985415/proj_0825/deps/vllm/vllm/compilation/decorators.py", line 509, in __call__
(Worker_DP0_PP1_TP4_EP4 pid=70912) ERROR 09-15 00:47:03 [multiproc_executor.py:1055]     return self.forward(*args, **kwargs)
(Worker_DP0_PP1_TP4_EP4 pid=70912) ERROR 09-15 00:47:03 [multiproc_executor.py:1055]            ^^^^^^^^^^^^^^^^^^^^^^^^^^^^^
(Worker_DP0_PP1_TP4_EP4 pid=70912) ERROR 09-15 00:47:03 [multiproc_executor.py:1055]   File "/home/w00985415/proj_0825/deps/vllm-ascend/vllm_ascend/models/deepseek_v4/model.py", line 940, in forward
(Worker_DP0_PP1_TP4_EP4 pid=70912) ERROR 09-15 00:47:03 [multiproc_executor.py:1055]     input_ids = sp_shard(input_ids)  # TODO: support PP with dsacp.
(Worker_DP0_PP1_TP4_EP4 pid=70912) ERROR 09-15 00:47:03 [multiproc_executor.py:1055]                 ^^^^^^^^^^^^^^^^^^^
(Worker_DP0_PP1_TP4_EP4 pid=70912) ERROR 09-15 00:47:03 [multiproc_executor.py:1055]   File "/home/w00985415/proj_0825/deps/vllm-ascend/vllm_ascend/models/common/ops/sequence_parallel.py", line 44, in sp_shard
(Worker_DP0_PP1_TP4_EP4 pid=70912) ERROR 09-15 00:47:03 [multiproc_executor.py:1055]     sp_pad = (-x.shape[0]) % tp_size
(Worker_DP0_PP1_TP4_EP4 pid=70912) ERROR 09-15 00:47:03 [multiproc_executor.py:1055]                ^^^^^^^
(Worker_DP0_PP1_TP4_EP4 pid=70912) ERROR 09-15 00:47:03 [multiproc_executor.py:1055] AttributeError: 'NoneType' object has no attribute 'shape'
(Worker_DP0_PP1_TP4_EP4 pid=70912) ERROR 09-15 00:47:03 [multiproc_executor.py:1055] 
(Worker_DP1_PP1_TP4_EP12 pid=70901) ERROR 09-15 00:47:03 [multiproc_executor.py:1055] WorkerProc hit an exception.
(Worker_DP1_PP1_TP4_EP12 pid=70901) ERROR 09-15 00:47:03 [multiproc_executor.py:1055] Traceback (most recent call last):
(Worker_DP1_PP1_TP4_EP12 pid=70901) ERROR 09-15 00:47:03 [multiproc_executor.py:1055]   File "/home/w00985415/proj_0825/deps/vllm/vllm/v1/executor/multiproc_executor.py", line 1047, in _execute_worker_rpc
(Worker_DP1_PP1_TP4_EP12 pid=70901) ERROR 09-15 00:47:03 [multiproc_executor.py:1055]     output = func(*args, **kwargs)
(Worker_DP1_PP1_TP4_EP12 pid=70901) ERROR 09-15 00:47:03 [multiproc_executor.py:1055]              ^^^^^^^^^^^^^^^^^^^^^
(Worker_DP1_PP1_TP4_EP12 pid=70901) ERROR 09-15 00:47:03 [multiproc_executor.py:1055]   File "/usr/local/python3.11.10/lib/python3.11/site-packages/torch/utils/_contextlib.py", line 124, in decorate_context
(Worker_DP1_PP1_TP4_EP12 pid=70901) ERROR 09-15 00:47:03 [multiproc_executor.py:1055]     return func(*args, **kwargs)
(Worker_DP1_PP1_TP4_EP12 pid=70901) ERROR 09-15 00:47:03 [multiproc_executor.py:1055]            ^^^^^^^^^^^^^^^^^^^^^
(Worker_DP1_PP1_TP4_EP12 pid=70901) ERROR 09-15 00:47:03 [multiproc_executor.py:1055]   File "/home/w00985415/proj_0825/deps/vllm-ascend/vllm_ascend/worker/worker.py", line 600, in determine_available_memory
(Worker_DP1_PP1_TP4_EP12 pid=70901) ERROR 09-15 00:47:03 [multiproc_executor.py:1055]     self.model_runner.profile_run()
(Worker_DP1_PP1_TP4_EP12 pid=70901) ERROR 09-15 00:47:03 [multiproc_executor.py:1055]   File "/usr/local/python3.11.10/lib/python3.11/site-packages/torch/utils/_contextlib.py", line 124, in decorate_context
(Worker_DP1_PP1_TP4_EP12 pid=70901) ERROR 09-15 00:47:03 [multiproc_executor.py:1055]     return func(*args, **kwargs)
(Worker_DP1_PP1_TP4_EP12 pid=70901) ERROR 09-15 00:47:03 [multiproc_executor.py:1055]            ^^^^^^^^^^^^^^^^^^^^^
(Worker_DP1_PP1_TP4_EP12 pid=70901) ERROR 09-15 00:47:03 [multiproc_executor.py:1055]   File "/home/w00985415/proj_0825/deps/vllm-ascend/vllm_ascend/worker/v2/model_runner.py", line 315, in profile_run
(Worker_DP1_PP1_TP4_EP12 pid=70901) ERROR 09-15 00:47:03 [multiproc_executor.py:1055]     self._dummy_run(mc2_tokens_capacity, skip_attn=True, skip_eplb=True, is_profile=True)
(Worker_DP1_PP1_TP4_EP12 pid=70901) ERROR 09-15 00:47:03 [multiproc_executor.py:1055]   File "/home/w00985415/proj_0825/deps/vllm-ascend/vllm_ascend/worker/v2/model_runner.py", line 647, in _dummy_run
(Worker_DP1_PP1_TP4_EP12 pid=70901) ERROR 09-15 00:47:03 [multiproc_executor.py:1055]     hidden_states, sample_hidden_states = super()._dummy_run(
(Worker_DP1_PP1_TP4_EP12 pid=70901) ERROR 09-15 00:47:03 [multiproc_executor.py:1055]                                           ^^^^^^^^^^^^^^^^^^^
(Worker_DP1_PP1_TP4_EP12 pid=70901) ERROR 09-15 00:47:03 [multiproc_executor.py:1055]   File "/usr/local/python3.11.10/lib/python3.11/site-packages/torch/utils/_contextlib.py", line 124, in decorate_context
(Worker_DP1_PP1_TP4_EP12 pid=70901) ERROR 09-15 00:47:03 [multiproc_executor.py:1055]     return func(*args, **kwargs)
(Worker_DP1_PP1_TP4_EP12 pid=70901) ERROR 09-15 00:47:03 [multiproc_executor.py:1055]            ^^^^^^^^^^^^^^^^^^^^^
(Worker_DP1_PP1_TP4_EP12 pid=70901) ERROR 09-15 00:47:03 [multiproc_executor.py:1055]   File "/home/w00985415/proj_0825/deps/vllm/vllm/v1/worker/gpu/eplb_utils.py", line 27, in wrapper
(Worker_DP1_PP1_TP4_EP12 pid=70901) ERROR 09-15 00:47:03 [multiproc_executor.py:1055]     result = fn(self, *args, **kwargs)
(Worker_DP1_PP1_TP4_EP12 pid=70901) ERROR 09-15 00:47:03 [multiproc_executor.py:1055]              ^^^^^^^^^^^^^^^^^^^^^^^^^
(Worker_DP1_PP1_TP4_EP12 pid=70901) ERROR 09-15 00:47:03 [multiproc_executor.py:1055]   File "/home/w00985415/proj_0825/deps/vllm/vllm/v1/worker/gpu/model_runner.py", line 786, in _dummy_run
(Worker_DP1_PP1_TP4_EP12 pid=70901) ERROR 09-15 00:47:03 [multiproc_executor.py:1055]     self.execute_model(
(Worker_DP1_PP1_TP4_EP12 pid=70901) ERROR 09-15 00:47:03 [multiproc_executor.py:1055]   File "/usr/local/python3.11.10/lib/python3.11/site-packages/torch/utils/_contextlib.py", line 124, in decorate_context
(Worker_DP1_PP1_TP4_EP12 pid=70901) ERROR 09-15 00:47:03 [multiproc_executor.py:1055]     return func(*args, **kwargs)
(Worker_DP1_PP1_TP4_EP12 pid=70901) ERROR 09-15 00:47:03 [multiproc_executor.py:1055]            ^^^^^^^^^^^^^^^^^^^^^
(Worker_DP1_PP1_TP4_EP12 pid=70901) ERROR 09-15 00:47:03 [multiproc_executor.py:1055]   File "/home/w00985415/proj_0825/deps/vllm-ascend/vllm_ascend/worker/v2/model_runner.py", line 280, in execute_model
(Worker_DP1_PP1_TP4_EP12 pid=70901) ERROR 09-15 00:47:03 [multiproc_executor.py:1055]     output = super().execute_model(
(Worker_DP1_PP1_TP4_EP12 pid=70901) ERROR 09-15 00:47:03 [multiproc_executor.py:1055]              ^^^^^^^^^^^^^^^^^^^^^^
(Worker_DP1_PP1_TP4_EP12 pid=70901) ERROR 09-15 00:47:03 [multiproc_executor.py:1055]   File "/usr/local/python3.11.10/lib/python3.11/site-packages/torch/utils/_contextlib.py", line 124, in decorate_context
(Worker_DP1_PP1_TP4_EP12 pid=70901) ERROR 09-15 00:47:03 [multiproc_executor.py:1055]     return func(*args, **kwargs)
(Worker_DP1_PP1_TP4_EP12 pid=70901) ERROR 09-15 00:47:03 [multiproc_executor.py:1055]            ^^^^^^^^^^^^^^^^^^^^^
(Worker_DP1_PP1_TP4_EP12 pid=70901) ERROR 09-15 00:47:03 [multiproc_executor.py:1055]   File "/home/w00985415/proj_0825/deps/vllm/vllm/v1/worker/gpu/model_runner.py", line 1849, in execute_model
(Worker_DP1_PP1_TP4_EP12 pid=70901) ERROR 09-15 00:47:03 [multiproc_executor.py:1055]     model_output = self.model(**model_inputs)
(Worker_DP1_PP1_TP4_EP12 pid=70901) ERROR 09-15 00:47:03 [multiproc_executor.py:1055]                    ^^^^^^^^^^^^^^^^^^^^^^^^^^
(Worker_DP1_PP1_TP4_EP12 pid=70901) ERROR 09-15 00:47:03 [multiproc_executor.py:1055]   File "/usr/local/python3.11.10/lib/python3.11/site-packages/torch/nn/modules/module.py", line 1776, in _wrapped_call_impl
(Worker_DP1_PP1_TP4_EP12 pid=70901) ERROR 09-15 00:47:03 [multiproc_executor.py:1055]     return self._call_impl(*args, **kwargs)
(Worker_DP1_PP1_TP4_EP12 pid=70901) ERROR 09-15 00:47:03 [multiproc_executor.py:1055]            ^^^^^^^^^^^^^^^^^^^^^^^^^^^^^^^^
(Worker_DP1_PP1_TP4_EP12 pid=70901) ERROR 09-15 00:47:03 [multiproc_executor.py:1055]   File "/usr/local/python3.11.10/lib/python3.11/site-packages/torch/nn/modules/module.py", line 1787, in _call_impl
(Worker_DP1_PP1_TP4_EP12 pid=70901) ERROR 09-15 00:47:03 [multiproc_executor.py:1055]     return forward_call(*args, **kwargs)
(Worker_DP1_PP1_TP4_EP12 pid=70901) ERROR 09-15 00:47:03 [multiproc_executor.py:1055]            ^^^^^^^^^^^^^^^^^^^^^^^^^^^^^
(Worker_DP1_PP1_TP4_EP12 pid=70901) ERROR 09-15 00:47:03 [multiproc_executor.py:1055]   File "/home/w00985415/proj_0825/deps/vllm-ascend/vllm_ascend/models/deepseek_v4/model.py", line 1098, in forward
(Worker_DP1_PP1_TP4_EP12 pid=70901) ERROR 09-15 00:47:03 [multiproc_executor.py:1055]     hidden_states = self.model(input_ids, positions, intermediate_tensors, inputs_embeds)
(Worker_DP1_PP1_TP4_EP12 pid=70901) ERROR 09-15 00:47:03 [multiproc_executor.py:1055]                     ^^^^^^^^^^^^^^^^^^^^^^^^^^^^^^^^^^^^^^^^^^^^^^^^^^^^^^^^^^^^^^^^^^^^^
(Worker_DP1_PP1_TP4_EP12 pid=70901) ERROR 09-15 00:47:03 [multiproc_executor.py:1055]   File "/home/w00985415/proj_0825/deps/vllm/vllm/compilation/decorators.py", line 509, in __call__
(Worker_DP1_PP1_TP4_EP12 pid=70901) ERROR 09-15 00:47:03 [multiproc_executor.py:1055]     return self.forward(*args, **kwargs)
(Worker_DP1_PP1_TP4_EP12 pid=70901) ERROR 09-15 00:47:03 [multiproc_executor.py:1055]            ^^^^^^^^^^^^^^^^^^^^^^^^^^^^^
(Worker_DP1_PP1_TP4_EP12 pid=70901) ERROR 09-15 00:47:03 [multiproc_executor.py:1055]   File "/home/w00985415/proj_0825/deps/vllm-ascend/vllm_ascend/models/deepseek_v4/model.py", line 940, in forward
(Worker_DP1_PP1_TP4_EP12 pid=70901) ERROR 09-15 00:47:03 [multiproc_executor.py:1055]     input_ids = sp_shard(input_ids)  # TODO: support PP with dsacp.
(Worker_DP1_PP1_TP4_EP12 pid=70901) ERROR 09-15 00:47:03 [multiproc_executor.py:1055]                 ^^^^^^^^^^^^^^^^^^^
(Worker_DP1_PP1_TP4_EP12 pid=70901) ERROR 09-15 00:47:03 [multiproc_executor.py:1055]   File "/home/w00985415/proj_0825/deps/vllm-ascend/vllm_ascend/models/common/ops/sequence_parallel.py", line 44, in sp_shard
(Worker_DP1_PP1_TP4_EP12 pid=70901) ERROR 09-15 00:47:03 [multiproc_executor.py:1055]     sp_pad = (-x.shape[0]) % tp_size
(Worker_DP1_PP1_TP4_EP12 pid=70901) ERROR 09-15 00:47:03 [multiproc_executor.py:1055]                ^^^^^^^
(Worker_DP1_PP1_TP4_EP12 pid=70901) ERROR 09-15 00:47:03 [multiproc_executor.py:1055] AttributeError: 'NoneType' object has no attribute 'shape'
(Worker_DP1_PP1_TP4_EP12 pid=70901) ERROR 09-15 00:47:03 [multiproc_executor.py:1055] Traceback (most recent call last):
(Worker_DP1_PP1_TP4_EP12 pid=70901) ERROR 09-15 00:47:03 [multiproc_executor.py:1055]   File "/home/w00985415/proj_0825/deps/vllm/vllm/v1/executor/multiproc_executor.py", line 1047, in _execute_worker_rpc
(Worker_DP1_PP1_TP4_EP12 pid=70901) ERROR 09-15 00:47:03 [multiproc_executor.py:1055]     output = func(*args, **kwargs)
(Worker_DP1_PP1_TP4_EP12 pid=70901) ERROR 09-15 00:47:03 [multiproc_executor.py:1055]              ^^^^^^^^^^^^^^^^^^^^^
(Worker_DP1_PP1_TP4_EP12 pid=70901) ERROR 09-15 00:47:03 [multiproc_executor.py:1055]   File "/usr/local/python3.11.10/lib/python3.11/site-packages/torch/utils/_contextlib.py", line 124, in decorate_context
(Worker_DP1_PP1_TP4_EP12 pid=70901) ERROR 09-15 00:47:03 [multiproc_executor.py:1055]     return func(*args, **kwargs)
(Worker_DP1_PP1_TP4_EP12 pid=70901) ERROR 09-15 00:47:03 [multiproc_executor.py:1055]            ^^^^^^^^^^^^^^^^^^^^^
(Worker_DP1_PP1_TP4_EP12 pid=70901) ERROR 09-15 00:47:03 [multiproc_executor.py:1055]   File "/home/w00985415/proj_0825/deps/vllm-ascend/vllm_ascend/worker/worker.py", line 600, in determine_available_memory
(Worker_DP1_PP1_TP4_EP12 pid=70901) ERROR 09-15 00:47:03 [multiproc_executor.py:1055]     self.model_runner.profile_run()
(Worker_DP1_PP1_TP4_EP12 pid=70901) ERROR 09-15 00:47:03 [multiproc_executor.py:1055]   File "/usr/local/python3.11.10/lib/python3.11/site-packages/torch/utils/_contextlib.py", line 124, in decorate_context
(Worker_DP1_PP1_TP4_EP12 pid=70901) ERROR 09-15 00:47:03 [multiproc_executor.py:1055]     return func(*args, **kwargs)
(Worker_DP1_PP1_TP4_EP12 pid=70901) ERROR 09-15 00:47:03 [multiproc_executor.py:1055]            ^^^^^^^^^^^^^^^^^^^^^
(Worker_DP1_PP1_TP4_EP12 pid=70901) ERROR 09-15 00:47:03 [multiproc_executor.py:1055]   File "/home/w00985415/proj_0825/deps/vllm-ascend/vllm_ascend/worker/v2/model_runner.py", line 315, in profile_run
(Worker_DP1_PP1_TP4_EP12 pid=70901) ERROR 09-15 00:47:03 [multiproc_executor.py:1055]     self._dummy_run(mc2_tokens_capacity, skip_attn=True, skip_eplb=True, is_profile=True)
(Worker_DP1_PP1_TP4_EP12 pid=70901) ERROR 09-15 00:47:03 [multiproc_executor.py:1055]   File "/home/w00985415/proj_0825/deps/vllm-ascend/vllm_ascend/worker/v2/model_runner.py", line 647, in _dummy_run
(Worker_DP1_PP1_TP4_EP12 pid=70901) ERROR 09-15 00:47:03 [multiproc_executor.py:1055]     hidden_states, sample_hidden_states = super()._dummy_run(
(Worker_DP1_PP1_TP4_EP12 pid=70901) ERROR 09-15 00:47:03 [multiproc_executor.py:1055]                                           ^^^^^^^^^^^^^^^^^^^
(Worker_DP1_PP1_TP4_EP12 pid=70901) ERROR 09-15 00:47:03 [multiproc_executor.py:1055]   File "/usr/local/python3.11.10/lib/python3.11/site-packages/torch/utils/_contextlib.py", line 124, in decorate_context
(Worker_DP1_PP1_TP4_EP12 pid=70901) ERROR 09-15 00:47:03 [multiproc_executor.py:1055]     return func(*args, **kwargs)
(Worker_DP1_PP1_TP4_EP12 pid=70901) ERROR 09-15 00:47:03 [multiproc_executor.py:1055]            ^^^^^^^^^^^^^^^^^^^^^
(Worker_DP1_PP1_TP4_EP12 pid=70901) ERROR 09-15 00:47:03 [multiproc_executor.py:1055]   File "/home/w00985415/proj_0825/deps/vllm/vllm/v1/worker/gpu/eplb_utils.py", line 27, in wrapper
(Worker_DP1_PP1_TP4_EP12 pid=70901) ERROR 09-15 00:47:03 [multiproc_executor.py:1055]     result = fn(self, *args, **kwargs)
(Worker_DP1_PP1_TP4_EP12 pid=70901) ERROR 09-15 00:47:03 [multiproc_executor.py:1055]              ^^^^^^^^^^^^^^^^^^^^^^^^^
(Worker_DP1_PP1_TP4_EP12 pid=70901) ERROR 09-15 00:47:03 [multiproc_executor.py:1055]   File "/home/w00985415/proj_0825/deps/vllm/vllm/v1/worker/gpu/model_runner.py", line 786, in _dummy_run
(Worker_DP1_PP1_TP4_EP12 pid=70901) ERROR 09-15 00:47:03 [multiproc_executor.py:1055]     self.execute_model(
(Worker_DP1_PP1_TP4_EP12 pid=70901) ERROR 09-15 00:47:03 [multiproc_executor.py:1055]   File "/usr/local/python3.11.10/lib/python3.11/site-packages/torch/utils/_contextlib.py", line 124, in decorate_context
(Worker_DP1_PP1_TP4_EP12 pid=70901) ERROR 09-15 00:47:03 [multiproc_executor.py:1055]     return func(*args, **kwargs)
(Worker_DP1_PP1_TP4_EP12 pid=70901) ERROR 09-15 00:47:03 [multiproc_executor.py:1055]            ^^^^^^^^^^^^^^^^^^^^^
(Worker_DP1_PP1_TP4_EP12 pid=70901) ERROR 09-15 00:47:03 [multiproc_executor.py:1055]   File "/home/w00985415/proj_0825/deps/vllm-ascend/vllm_ascend/worker/v2/model_runner.py", line 280, in execute_model
(Worker_DP1_PP1_TP4_EP12 pid=70901) ERROR 09-15 00:47:03 [multiproc_executor.py:1055]     output = super().execute_model(
(Worker_DP1_PP1_TP4_EP12 pid=70901) ERROR 09-15 00:47:03 [multiproc_executor.py:1055]              ^^^^^^^^^^^^^^^^^^^^^^
(Worker_DP1_PP1_TP4_EP12 pid=70901) ERROR 09-15 00:47:03 [multiproc_executor.py:1055]   File "/usr/local/python3.11.10/lib/python3.11/site-packages/torch/utils/_contextlib.py", line 124, in decorate_context
(Worker_DP1_PP1_TP4_EP12 pid=70901) ERROR 09-15 00:47:03 [multiproc_executor.py:1055]     return func(*args, **kwargs)
(Worker_DP1_PP1_TP4_EP12 pid=70901) ERROR 09-15 00:47:03 [multiproc_executor.py:1055]            ^^^^^^^^^^^^^^^^^^^^^
(Worker_DP1_PP1_TP4_EP12 pid=70901) ERROR 09-15 00:47:03 [multiproc_executor.py:1055]   File "/home/w00985415/proj_0825/deps/vllm/vllm/v1/worker/gpu/model_runner.py", line 1849, in execute_model
(Worker_DP1_PP1_TP4_EP12 pid=70901) ERROR 09-15 00:47:03 [multiproc_executor.py:1055]     model_output = self.model(**model_inputs)
(Worker_DP1_PP1_TP4_EP12 pid=70901) ERROR 09-15 00:47:03 [multiproc_executor.py:1055]                    ^^^^^^^^^^^^^^^^^^^^^^^^^^
(Worker_DP1_PP1_TP4_EP12 pid=70901) ERROR 09-15 00:47:03 [multiproc_executor.py:1055]   File "/usr/local/python3.11.10/lib/python3.11/site-packages/torch/nn/modules/module.py", line 1776, in _wrapped_call_impl
(Worker_DP1_PP1_TP4_EP12 pid=70901) ERROR 09-15 00:47:03 [multiproc_executor.py:1055]     return self._call_impl(*args, **kwargs)
(Worker_DP1_PP1_TP4_EP12 pid=70901) ERROR 09-15 00:47:03 [multiproc_executor.py:1055]            ^^^^^^^^^^^^^^^^^^^^^^^^^^^^^^^^
(Worker_DP1_PP1_TP4_EP12 pid=70901) ERROR 09-15 00:47:03 [multiproc_executor.py:1055]   File "/usr/local/python3.11.10/lib/python3.11/site-packages/torch/nn/modules/module.py", line 1787, in _call_impl
(Worker_DP1_PP1_TP4_EP12 pid=70901) ERROR 09-15 00:47:03 [multiproc_executor.py:1055]     return forward_call(*args, **kwargs)
(Worker_DP1_PP1_TP4_EP12 pid=70901) ERROR 09-15 00:47:03 [multiproc_executor.py:1055]            ^^^^^^^^^^^^^^^^^^^^^^^^^^^^^
(Worker_DP1_PP1_TP4_EP12 pid=70901) ERROR 09-15 00:47:03 [multiproc_executor.py:1055]   File "/home/w00985415/proj_0825/deps/vllm-ascend/vllm_ascend/models/deepseek_v4/model.py", line 1098, in forward
(Worker_DP1_PP1_TP4_EP12 pid=70901) ERROR 09-15 00:47:03 [multiproc_executor.py:1055]     hidden_states = self.model(input_ids, positions, intermediate_tensors, inputs_embeds)
(Worker_DP1_PP1_TP4_EP12 pid=70901) ERROR 09-15 00:47:03 [multiproc_executor.py:1055]                     ^^^^^^^^^^^^^^^^^^^^^^^^^^^^^^^^^^^^^^^^^^^^^^^^^^^^^^^^^^^^^^^^^^^^^
(Worker_DP1_PP1_TP4_EP12 pid=70901) ERROR 09-15 00:47:03 [multiproc_executor.py:1055]   File "/home/w00985415/proj_0825/deps/vllm/vllm/compilation/decorators.py", line 509, in __call__
(Worker_DP1_PP1_TP4_EP12 pid=70901) ERROR 09-15 00:47:03 [multiproc_executor.py:1055]     return self.forward(*args, **kwargs)
(Worker_DP1_PP1_TP4_EP12 pid=70901) ERROR 09-15 00:47:03 [multiproc_executor.py:1055]            ^^^^^^^^^^^^^^^^^^^^^^^^^^^^^
(Worker_DP1_PP1_TP4_EP12 pid=70901) ERROR 09-15 00:47:03 [multiproc_executor.py:1055]   File "/home/w00985415/proj_0825/deps/vllm-ascend/vllm_ascend/models/deepseek_v4/model.py", line 940, in forward
(Worker_DP1_PP1_TP4_EP12 pid=70901) ERROR 09-15 00:47:03 [multiproc_executor.py:1055]     input_ids = sp_shard(input_ids)  # TODO: support PP with dsacp.
(Worker_DP1_PP1_TP4_EP12 pid=70901) ERROR 09-15 00:47:03 [multiproc_executor.py:1055]                 ^^^^^^^^^^^^^^^^^^^
(Worker_DP1_PP1_TP4_EP12 pid=70901) ERROR 09-15 00:47:03 [multiproc_executor.py:1055]   File "/home/w00985415/proj_0825/deps/vllm-ascend/vllm_ascend/models/common/ops/sequence_parallel.py", line 44, in sp_shard
(Worker_DP1_PP1_TP4_EP12 pid=70901) ERROR 09-15 00:47:03 [multiproc_executor.py:1055]     sp_pad = (-x.shape[0]) % tp_size
(Worker_DP1_PP1_TP4_EP12 pid=70901) ERROR 09-15 00:47:03 [multiproc_executor.py:1055]                ^^^^^^^
(Worker_DP1_PP1_TP4_EP12 pid=70901) ERROR 09-15 00:47:03 [multiproc_executor.py:1055] AttributeError: 'NoneType' object has no attribute 'shape'
(Worker_DP1_PP1_TP4_EP12 pid=70901) ERROR 09-15 00:47:03 [multiproc_executor.py:1055] 
(Worker_DP0_PP1_TP6_EP6 pid=71220) ERROR 09-15 00:47:03 [multiproc_executor.py:1055] WorkerProc hit an exception.
(Worker_DP0_PP1_TP6_EP6 pid=71220) ERROR 09-15 00:47:03 [multiproc_executor.py:1055] Traceback (most recent call last):
(Worker_DP0_PP1_TP6_EP6 pid=71220) ERROR 09-15 00:47:03 [multiproc_executor.py:1055]   File "/home/w00985415/proj_0825/deps/vllm/vllm/v1/executor/multiproc_executor.py", line 1047, in _execute_worker_rpc
(Worker_DP0_PP1_TP6_EP6 pid=71220) ERROR 09-15 00:47:03 [multiproc_executor.py:1055]     output = func(*args, **kwargs)
(Worker_DP0_PP1_TP6_EP6 pid=71220) ERROR 09-15 00:47:03 [multiproc_executor.py:1055]              ^^^^^^^^^^^^^^^^^^^^^
(Worker_DP0_PP1_TP6_EP6 pid=71220) ERROR 09-15 00:47:03 [multiproc_executor.py:1055]   File "/usr/local/python3.11.10/lib/python3.11/site-packages/torch/utils/_contextlib.py", line 124, in decorate_context
(Worker_DP0_PP1_TP6_EP6 pid=71220) ERROR 09-15 00:47:03 [multiproc_executor.py:1055]     return func(*args, **kwargs)
(Worker_DP0_PP1_TP6_EP6 pid=71220) ERROR 09-15 00:47:03 [multiproc_executor.py:1055]            ^^^^^^^^^^^^^^^^^^^^^
(Worker_DP0_PP1_TP6_EP6 pid=71220) ERROR 09-15 00:47:03 [multiproc_executor.py:1055]   File "/home/w00985415/proj_0825/deps/vllm-ascend/vllm_ascend/worker/worker.py", line 600, in determine_available_memory
(Worker_DP0_PP1_TP6_EP6 pid=71220) ERROR 09-15 00:47:03 [multiproc_executor.py:1055]     self.model_runner.profile_run()
(Worker_DP0_PP1_TP6_EP6 pid=71220) ERROR 09-15 00:47:03 [multiproc_executor.py:1055]   File "/usr/local/python3.11.10/lib/python3.11/site-packages/torch/utils/_contextlib.py", line 124, in decorate_context
(Worker_DP0_PP1_TP6_EP6 pid=71220) ERROR 09-15 00:47:03 [multiproc_executor.py:1055]     return func(*args, **kwargs)
(Worker_DP0_PP1_TP6_EP6 pid=71220) ERROR 09-15 00:47:03 [multiproc_executor.py:1055]            ^^^^^^^^^^^^^^^^^^^^^
(Worker_DP0_PP1_TP6_EP6 pid=71220) ERROR 09-15 00:47:03 [multiproc_executor.py:1055]   File "/home/w00985415/proj_0825/deps/vllm-ascend/vllm_ascend/worker/v2/model_runner.py", line 315, in profile_run
(Worker_DP0_PP1_TP6_EP6 pid=71220) ERROR 09-15 00:47:03 [multiproc_executor.py:1055]     self._dummy_run(mc2_tokens_capacity, skip_attn=True, skip_eplb=True, is_profile=True)
(Worker_DP0_PP1_TP6_EP6 pid=71220) ERROR 09-15 00:47:03 [multiproc_executor.py:1055]   File "/home/w00985415/proj_0825/deps/vllm-ascend/vllm_ascend/worker/v2/model_runner.py", line 647, in _dummy_run
(Worker_DP0_PP1_TP6_EP6 pid=71220) ERROR 09-15 00:47:03 [multiproc_executor.py:1055]     hidden_states, sample_hidden_states = super()._dummy_run(
(Worker_DP0_PP1_TP6_EP6 pid=71220) ERROR 09-15 00:47:03 [multiproc_executor.py:1055]                                           ^^^^^^^^^^^^^^^^^^^
(Worker_DP0_PP1_TP6_EP6 pid=71220) ERROR 09-15 00:47:03 [multiproc_executor.py:1055]   File "/usr/local/python3.11.10/lib/python3.11/site-packages/torch/utils/_contextlib.py", line 124, in decorate_context
(Worker_DP0_PP1_TP6_EP6 pid=71220) ERROR 09-15 00:47:03 [multiproc_executor.py:1055]     return func(*args, **kwargs)
(Worker_DP0_PP1_TP6_EP6 pid=71220) ERROR 09-15 00:47:03 [multiproc_executor.py:1055]            ^^^^^^^^^^^^^^^^^^^^^
(Worker_DP0_PP1_TP6_EP6 pid=71220) ERROR 09-15 00:47:03 [multiproc_executor.py:1055]   File "/home/w00985415/proj_0825/deps/vllm/vllm/v1/worker/gpu/eplb_utils.py", line 27, in wrapper
(Worker_DP0_PP1_TP6_EP6 pid=71220) ERROR 09-15 00:47:03 [multiproc_executor.py:1055]     result = fn(self, *args, **kwargs)
(Worker_DP0_PP1_TP6_EP6 pid=71220) ERROR 09-15 00:47:03 [multiproc_executor.py:1055]              ^^^^^^^^^^^^^^^^^^^^^^^^^
(Worker_DP0_PP1_TP6_EP6 pid=71220) ERROR 09-15 00:47:03 [multiproc_executor.py:1055]   File "/home/w00985415/proj_0825/deps/vllm/vllm/v1/worker/gpu/model_runner.py", line 786, in _dummy_run
(Worker_DP0_PP1_TP6_EP6 pid=71220) ERROR 09-15 00:47:03 [multiproc_executor.py:1055]     self.execute_model(
(Worker_DP0_PP1_TP6_EP6 pid=71220) ERROR 09-15 00:47:03 [multiproc_executor.py:1055]   File "/usr/local/python3.11.10/lib/python3.11/site-packages/torch/utils/_contextlib.py", line 124, in decorate_context
(Worker_DP0_PP1_TP6_EP6 pid=71220) ERROR 09-15 00:47:03 [multiproc_executor.py:1055]     return func(*args, **kwargs)
(Worker_DP0_PP1_TP6_EP6 pid=71220) ERROR 09-15 00:47:03 [multiproc_executor.py:1055]            ^^^^^^^^^^^^^^^^^^^^^
(Worker_DP0_PP1_TP6_EP6 pid=71220) ERROR 09-15 00:47:03 [multiproc_executor.py:1055]   File "/home/w00985415/proj_0825/deps/vllm-ascend/vllm_ascend/worker/v2/model_runner.py", line 280, in execute_model
(Worker_DP0_PP1_TP6_EP6 pid=71220) ERROR 09-15 00:47:03 [multiproc_executor.py:1055]     output = super().execute_model(
(Worker_DP0_PP1_TP6_EP6 pid=71220) ERROR 09-15 00:47:03 [multiproc_executor.py:1055]              ^^^^^^^^^^^^^^^^^^^^^^
(Worker_DP0_PP1_TP6_EP6 pid=71220) ERROR 09-15 00:47:03 [multiproc_executor.py:1055]   File "/usr/local/python3.11.10/lib/python3.11/site-packages/torch/utils/_contextlib.py", line 124, in decorate_context
(Worker_DP0_PP1_TP6_EP6 pid=71220) ERROR 09-15 00:47:03 [multiproc_executor.py:1055]     return func(*args, **kwargs)
(Worker_DP0_PP1_TP6_EP6 pid=71220) ERROR 09-15 00:47:03 [multiproc_executor.py:1055]            ^^^^^^^^^^^^^^^^^^^^^
(Worker_DP0_PP1_TP6_EP6 pid=71220) ERROR 09-15 00:47:03 [multiproc_executor.py:1055]   File "/home/w00985415/proj_0825/deps/vllm/vllm/v1/worker/gpu/model_runner.py", line 1849, in execute_model
(Worker_DP0_PP1_TP6_EP6 pid=71220) ERROR 09-15 00:47:03 [multiproc_executor.py:1055]     model_output = self.model(**model_inputs)
(Worker_DP0_PP1_TP6_EP6 pid=71220) ERROR 09-15 00:47:03 [multiproc_executor.py:1055]                    ^^^^^^^^^^^^^^^^^^^^^^^^^^
(Worker_DP0_PP1_TP6_EP6 pid=71220) ERROR 09-15 00:47:03 [multiproc_executor.py:1055]   File "/usr/local/python3.11.10/lib/python3.11/site-packages/torch/nn/modules/module.py", line 1776, in _wrapped_call_impl
(Worker_DP0_PP1_TP6_EP6 pid=71220) ERROR 09-15 00:47:03 [multiproc_executor.py:1055]     return self._call_impl(*args, **kwargs)
(Worker_DP0_PP1_TP6_EP6 pid=71220) ERROR 09-15 00:47:03 [multiproc_executor.py:1055]            ^^^^^^^^^^^^^^^^^^^^^^^^^^^^^^^^
(Worker_DP0_PP1_TP6_EP6 pid=71220) ERROR 09-15 00:47:03 [multiproc_executor.py:1055]   File "/usr/local/python3.11.10/lib/python3.11/site-packages/torch/nn/modules/module.py", line 1787, in _call_impl
(Worker_DP0_PP1_TP6_EP6 pid=71220) ERROR 09-15 00:47:03 [multiproc_executor.py:1055]     return forward_call(*args, **kwargs)
(Worker_DP0_PP1_TP6_EP6 pid=71220) ERROR 09-15 00:47:03 [multiproc_executor.py:1055]            ^^^^^^^^^^^^^^^^^^^^^^^^^^^^^
(Worker_DP0_PP1_TP6_EP6 pid=71220) ERROR 09-15 00:47:03 [multiproc_executor.py:1055]   File "/home/w00985415/proj_0825/deps/vllm-ascend/vllm_ascend/models/deepseek_v4/model.py", line 1098, in forward
(Worker_DP0_PP1_TP6_EP6 pid=71220) ERROR 09-15 00:47:03 [multiproc_executor.py:1055]     hidden_states = self.model(input_ids, positions, intermediate_tensors, inputs_embeds)
(Worker_DP0_PP1_TP6_EP6 pid=71220) ERROR 09-15 00:47:03 [multiproc_executor.py:1055]                     ^^^^^^^^^^^^^^^^^^^^^^^^^^^^^^^^^^^^^^^^^^^^^^^^^^^^^^^^^^^^^^^^^^^^^
(Worker_DP0_PP1_TP6_EP6 pid=71220) ERROR 09-15 00:47:03 [multiproc_executor.py:1055]   File "/home/w00985415/proj_0825/deps/vllm/vllm/compilation/decorators.py", line 509, in __call__
(Worker_DP0_PP1_TP6_EP6 pid=71220) ERROR 09-15 00:47:03 [multiproc_executor.py:1055]     return self.forward(*args, **kwargs)
(Worker_DP0_PP1_TP6_EP6 pid=71220) ERROR 09-15 00:47:03 [multiproc_executor.py:1055]            ^^^^^^^^^^^^^^^^^^^^^^^^^^^^^
(Worker_DP0_PP1_TP6_EP6 pid=71220) ERROR 09-15 00:47:03 [multiproc_executor.py:1055]   File "/home/w00985415/proj_0825/deps/vllm-ascend/vllm_ascend/models/deepseek_v4/model.py", line 940, in forward
(Worker_DP0_PP1_TP6_EP6 pid=71220) ERROR 09-15 00:47:03 [multiproc_executor.py:1055]     input_ids = sp_shard(input_ids)  # TODO: support PP with dsacp.
(Worker_DP0_PP1_TP6_EP6 pid=71220) ERROR 09-15 00:47:03 [multiproc_executor.py:1055]                 ^^^^^^^^^^^^^^^^^^^
(Worker_DP0_PP1_TP6_EP6 pid=71220) ERROR 09-15 00:47:03 [multiproc_executor.py:1055]   File "/home/w00985415/proj_0825/deps/vllm-ascend/vllm_ascend/models/common/ops/sequence_parallel.py", line 44, in sp_shard
(Worker_DP0_PP1_TP6_EP6 pid=71220) ERROR 09-15 00:47:03 [multiproc_executor.py:1055]     sp_pad = (-x.shape[0]) % tp_size
(Worker_DP0_PP1_TP6_EP6 pid=71220) ERROR 09-15 00:47:03 [multiproc_executor.py:1055]                ^^^^^^^
(Worker_DP0_PP1_TP6_EP6 pid=71220) ERROR 09-15 00:47:03 [multiproc_executor.py:1055] AttributeError: 'NoneType' object has no attribute 'shape'
(Worker_DP0_PP1_TP6_EP6 pid=71220) ERROR 09-15 00:47:03 [multiproc_executor.py:1055] Traceback (most recent call last):
(Worker_DP0_PP1_TP6_EP6 pid=71220) ERROR 09-15 00:47:03 [multiproc_executor.py:1055]   File "/home/w00985415/proj_0825/deps/vllm/vllm/v1/executor/multiproc_executor.py", line 1047, in _execute_worker_rpc
(Worker_DP0_PP1_TP6_EP6 pid=71220) ERROR 09-15 00:47:03 [multiproc_executor.py:1055]     output = func(*args, **kwargs)
(Worker_DP0_PP1_TP6_EP6 pid=71220) ERROR 09-15 00:47:03 [multiproc_executor.py:1055]              ^^^^^^^^^^^^^^^^^^^^^
(Worker_DP0_PP1_TP6_EP6 pid=71220) ERROR 09-15 00:47:03 [multiproc_executor.py:1055]   File "/usr/local/python3.11.10/lib/python3.11/site-packages/torch/utils/_contextlib.py", line 124, in decorate_context
(Worker_DP0_PP1_TP6_EP6 pid=71220) ERROR 09-15 00:47:03 [multiproc_executor.py:1055]     return func(*args, **kwargs)
(Worker_DP0_PP1_TP6_EP6 pid=71220) ERROR 09-15 00:47:03 [multiproc_executor.py:1055]            ^^^^^^^^^^^^^^^^^^^^^
(Worker_DP0_PP1_TP6_EP6 pid=71220) ERROR 09-15 00:47:03 [multiproc_executor.py:1055]   File "/home/w00985415/proj_0825/deps/vllm-ascend/vllm_ascend/worker/worker.py", line 600, in determine_available_memory
(Worker_DP0_PP1_TP6_EP6 pid=71220) ERROR 09-15 00:47:03 [multiproc_executor.py:1055]     self.model_runner.profile_run()
(Worker_DP0_PP1_TP6_EP6 pid=71220) ERROR 09-15 00:47:03 [multiproc_executor.py:1055]   File "/usr/local/python3.11.10/lib/python3.11/site-packages/torch/utils/_contextlib.py", line 124, in decorate_context
(Worker_DP0_PP1_TP6_EP6 pid=71220) ERROR 09-15 00:47:03 [multiproc_executor.py:1055]     return func(*args, **kwargs)
(Worker_DP0_PP1_TP6_EP6 pid=71220) ERROR 09-15 00:47:03 [multiproc_executor.py:1055]            ^^^^^^^^^^^^^^^^^^^^^
(Worker_DP0_PP1_TP6_EP6 pid=71220) ERROR 09-15 00:47:03 [multiproc_executor.py:1055]   File "/home/w00985415/proj_0825/deps/vllm-ascend/vllm_ascend/worker/v2/model_runner.py", line 315, in profile_run
(Worker_DP0_PP1_TP6_EP6 pid=71220) ERROR 09-15 00:47:03 [multiproc_executor.py:1055]     self._dummy_run(mc2_tokens_capacity, skip_attn=True, skip_eplb=True, is_profile=True)
(Worker_DP0_PP1_TP6_EP6 pid=71220) ERROR 09-15 00:47:03 [multiproc_executor.py:1055]   File "/home/w00985415/proj_0825/deps/vllm-ascend/vllm_ascend/worker/v2/model_runner.py", line 647, in _dummy_run
(Worker_DP0_PP1_TP6_EP6 pid=71220) ERROR 09-15 00:47:03 [multiproc_executor.py:1055]     hidden_states, sample_hidden_states = super()._dummy_run(
(Worker_DP0_PP1_TP6_EP6 pid=71220) ERROR 09-15 00:47:03 [multiproc_executor.py:1055]                                           ^^^^^^^^^^^^^^^^^^^
(Worker_DP0_PP1_TP6_EP6 pid=71220) ERROR 09-15 00:47:03 [multiproc_executor.py:1055]   File "/usr/local/python3.11.10/lib/python3.11/site-packages/torch/utils/_contextlib.py", line 124, in decorate_context
(Worker_DP0_PP1_TP6_EP6 pid=71220) ERROR 09-15 00:47:03 [multiproc_executor.py:1055]     return func(*args, **kwargs)
(Worker_DP0_PP1_TP6_EP6 pid=71220) ERROR 09-15 00:47:03 [multiproc_executor.py:1055]            ^^^^^^^^^^^^^^^^^^^^^
(Worker_DP0_PP1_TP6_EP6 pid=71220) ERROR 09-15 00:47:03 [multiproc_executor.py:1055]   File "/home/w00985415/proj_0825/deps/vllm/vllm/v1/worker/gpu/eplb_utils.py", line 27, in wrapper
(Worker_DP0_PP1_TP6_EP6 pid=71220) ERROR 09-15 00:47:03 [multiproc_executor.py:1055]     result = fn(self, *args, **kwargs)
(Worker_DP0_PP1_TP6_EP6 pid=71220) ERROR 09-15 00:47:03 [multiproc_executor.py:1055]              ^^^^^^^^^^^^^^^^^^^^^^^^^
(Worker_DP0_PP1_TP6_EP6 pid=71220) ERROR 09-15 00:47:03 [multiproc_executor.py:1055]   File "/home/w00985415/proj_0825/deps/vllm/vllm/v1/worker/gpu/model_runner.py", line 786, in _dummy_run
(Worker_DP0_PP1_TP6_EP6 pid=71220) ERROR 09-15 00:47:03 [multiproc_executor.py:1055]     self.execute_model(
(Worker_DP0_PP1_TP6_EP6 pid=71220) ERROR 09-15 00:47:03 [multiproc_executor.py:1055]   File "/usr/local/python3.11.10/lib/python3.11/site-packages/torch/utils/_contextlib.py", line 124, in decorate_context
(Worker_DP0_PP1_TP6_EP6 pid=71220) ERROR 09-15 00:47:03 [multiproc_executor.py:1055]     return func(*args, **kwargs)
(Worker_DP0_PP1_TP6_EP6 pid=71220) ERROR 09-15 00:47:03 [multiproc_executor.py:1055]            ^^^^^^^^^^^^^^^^^^^^^
(Worker_DP0_PP1_TP6_EP6 pid=71220) ERROR 09-15 00:47:03 [multiproc_executor.py:1055]   File "/home/w00985415/proj_0825/deps/vllm-ascend/vllm_ascend/worker/v2/model_runner.py", line 280, in execute_model
(Worker_DP0_PP1_TP6_EP6 pid=71220) ERROR 09-15 00:47:03 [multiproc_executor.py:1055]     output = super().execute_model(
(Worker_DP0_PP1_TP6_EP6 pid=71220) ERROR 09-15 00:47:03 [multiproc_executor.py:1055]              ^^^^^^^^^^^^^^^^^^^^^^
(Worker_DP0_PP1_TP6_EP6 pid=71220) ERROR 09-15 00:47:03 [multiproc_executor.py:1055]   File "/usr/local/python3.11.10/lib/python3.11/site-packages/torch/utils/_contextlib.py", line 124, in decorate_context
(Worker_DP0_PP1_TP6_EP6 pid=71220) ERROR 09-15 00:47:03 [multiproc_executor.py:1055]     return func(*args, **kwargs)
(Worker_DP0_PP1_TP6_EP6 pid=71220) ERROR 09-15 00:47:03 [multiproc_executor.py:1055]            ^^^^^^^^^^^^^^^^^^^^^
(Worker_DP0_PP1_TP6_EP6 pid=71220) ERROR 09-15 00:47:03 [multiproc_executor.py:1055]   File "/home/w00985415/proj_0825/deps/vllm/vllm/v1/worker/gpu/model_runner.py", line 1849, in execute_model
(Worker_DP0_PP1_TP6_EP6 pid=71220) ERROR 09-15 00:47:03 [multiproc_executor.py:1055]     model_output = self.model(**model_inputs)
(Worker_DP0_PP1_TP6_EP6 pid=71220) ERROR 09-15 00:47:03 [multiproc_executor.py:1055]                    ^^^^^^^^^^^^^^^^^^^^^^^^^^
(Worker_DP0_PP1_TP6_EP6 pid=71220) ERROR 09-15 00:47:03 [multiproc_executor.py:1055]   File "/usr/local/python3.11.10/lib/python3.11/site-packages/torch/nn/modules/module.py", line 1776, in _wrapped_call_impl
(Worker_DP0_PP1_TP6_EP6 pid=71220) ERROR 09-15 00:47:03 [multiproc_executor.py:1055]     return self._call_impl(*args, **kwargs)
(Worker_DP0_PP1_TP6_EP6 pid=71220) ERROR 09-15 00:47:03 [multiproc_executor.py:1055]            ^^^^^^^^^^^^^^^^^^^^^^^^^^^^^^^^
(Worker_DP0_PP1_TP6_EP6 pid=71220) ERROR 09-15 00:47:03 [multiproc_executor.py:1055]   File "/usr/local/python3.11.10/lib/python3.11/site-packages/torch/nn/modules/module.py", line 1787, in _call_impl
(Worker_DP0_PP1_TP6_EP6 pid=71220) ERROR 09-15 00:47:03 [multiproc_executor.py:1055]     return forward_call(*args, **kwargs)
(Worker_DP0_PP1_TP6_EP6 pid=71220) ERROR 09-15 00:47:03 [multiproc_executor.py:1055]            ^^^^^^^^^^^^^^^^^^^^^^^^^^^^^
(Worker_DP0_PP1_TP6_EP6 pid=71220) ERROR 09-15 00:47:03 [multiproc_executor.py:1055]   File "/home/w00985415/proj_0825/deps/vllm-ascend/vllm_ascend/models/deepseek_v4/model.py", line 1098, in forward
(Worker_DP0_PP1_TP6_EP6 pid=71220) ERROR 09-15 00:47:03 [multiproc_executor.py:1055]     hidden_states = self.model(input_ids, positions, intermediate_tensors, inputs_embeds)
(Worker_DP0_PP1_TP6_EP6 pid=71220) ERROR 09-15 00:47:03 [multiproc_executor.py:1055]                     ^^^^^^^^^^^^^^^^^^^^^^^^^^^^^^^^^^^^^^^^^^^^^^^^^^^^^^^^^^^^^^^^^^^^^
(Worker_DP0_PP1_TP6_EP6 pid=71220) ERROR 09-15 00:47:03 [multiproc_executor.py:1055]   File "/home/w00985415/proj_0825/deps/vllm/vllm/compilation/decorators.py", line 509, in __call__
(Worker_DP0_PP1_TP6_EP6 pid=71220) ERROR 09-15 00:47:03 [multiproc_executor.py:1055]     return self.forward(*args, **kwargs)
(Worker_DP0_PP1_TP6_EP6 pid=71220) ERROR 09-15 00:47:03 [multiproc_executor.py:1055]            ^^^^^^^^^^^^^^^^^^^^^^^^^^^^^
(Worker_DP0_PP1_TP6_EP6 pid=71220) ERROR 09-15 00:47:03 [multiproc_executor.py:1055]   File "/home/w00985415/proj_0825/deps/vllm-ascend/vllm_ascend/models/deepseek_v4/model.py", line 940, in forward
(Worker_DP0_PP1_TP6_EP6 pid=71220) ERROR 09-15 00:47:03 [multiproc_executor.py:1055]     input_ids = sp_shard(input_ids)  # TODO: support PP with dsacp.
(Worker_DP0_PP1_TP6_EP6 pid=71220) ERROR 09-15 00:47:03 [multiproc_executor.py:1055]                 ^^^^^^^^^^^^^^^^^^^
(Worker_DP0_PP1_TP6_EP6 pid=71220) ERROR 09-15 00:47:03 [multiproc_executor.py:1055]   File "/home/w00985415/proj_0825/deps/vllm-ascend/vllm_ascend/models/common/ops/sequence_parallel.py", line 44, in sp_shard
(Worker_DP0_PP1_TP6_EP6 pid=71220) ERROR 09-15 00:47:03 [multiproc_executor.py:1055]     sp_pad = (-x.shape[0]) % tp_size
(Worker_DP0_PP1_TP6_EP6 pid=71220) ERROR 09-15 00:47:03 [multiproc_executor.py:1055]                ^^^^^^^
(Worker_DP0_PP1_TP6_EP6 pid=71220) ERROR 09-15 00:47:03 [multiproc_executor.py:1055] AttributeError: 'NoneType' object has no attribute 'shape'
(Worker_DP0_PP1_TP6_EP6 pid=71220) ERROR 09-15 00:47:03 [multiproc_executor.py:1055] 
(Worker_DP1_PP1_TP6_EP14 pid=71208) ERROR 09-15 00:47:03 [multiproc_executor.py:1055] WorkerProc hit an exception.
(Worker_DP1_PP1_TP6_EP14 pid=71208) ERROR 09-15 00:47:03 [multiproc_executor.py:1055] Traceback (most recent call last):
(Worker_DP1_PP1_TP6_EP14 pid=71208) ERROR 09-15 00:47:03 [multiproc_executor.py:1055]   File "/home/w00985415/proj_0825/deps/vllm/vllm/v1/executor/multiproc_executor.py", line 1047, in _execute_worker_rpc
(Worker_DP1_PP1_TP6_EP14 pid=71208) ERROR 09-15 00:47:03 [multiproc_executor.py:1055]     output = func(*args, **kwargs)
(Worker_DP1_PP1_TP6_EP14 pid=71208) ERROR 09-15 00:47:03 [multiproc_executor.py:1055]              ^^^^^^^^^^^^^^^^^^^^^
(Worker_DP1_PP1_TP6_EP14 pid=71208) ERROR 09-15 00:47:03 [multiproc_executor.py:1055]   File "/usr/local/python3.11.10/lib/python3.11/site-packages/torch/utils/_contextlib.py", line 124, in decorate_context
(Worker_DP1_PP1_TP6_EP14 pid=71208) ERROR 09-15 00:47:03 [multiproc_executor.py:1055]     return func(*args, **kwargs)
(Worker_DP1_PP1_TP6_EP14 pid=71208) ERROR 09-15 00:47:03 [multiproc_executor.py:1055]            ^^^^^^^^^^^^^^^^^^^^^
(Worker_DP1_PP1_TP6_EP14 pid=71208) ERROR 09-15 00:47:03 [multiproc_executor.py:1055]   File "/home/w00985415/proj_0825/deps/vllm-ascend/vllm_ascend/worker/worker.py", line 600, in determine_available_memory
(Worker_DP1_PP1_TP6_EP14 pid=71208) ERROR 09-15 00:47:03 [multiproc_executor.py:1055]     self.model_runner.profile_run()
(Worker_DP1_PP1_TP6_EP14 pid=71208) ERROR 09-15 00:47:03 [multiproc_executor.py:1055]   File "/usr/local/python3.11.10/lib/python3.11/site-packages/torch/utils/_contextlib.py", line 124, in decorate_context
(Worker_DP1_PP1_TP6_EP14 pid=71208) ERROR 09-15 00:47:03 [multiproc_executor.py:1055]     return func(*args, **kwargs)
(Worker_DP1_PP1_TP6_EP14 pid=71208) ERROR 09-15 00:47:03 [multiproc_executor.py:1055]            ^^^^^^^^^^^^^^^^^^^^^
(Worker_DP1_PP1_TP6_EP14 pid=71208) ERROR 09-15 00:47:03 [multiproc_executor.py:1055]   File "/home/w00985415/proj_0825/deps/vllm-ascend/vllm_ascend/worker/v2/model_runner.py", line 315, in profile_run
(Worker_DP1_PP1_TP6_EP14 pid=71208) ERROR 09-15 00:47:03 [multiproc_executor.py:1055]     self._dummy_run(mc2_tokens_capacity, skip_attn=True, skip_eplb=True, is_profile=True)
(Worker_DP1_PP1_TP6_EP14 pid=71208) ERROR 09-15 00:47:03 [multiproc_executor.py:1055]   File "/home/w00985415/proj_0825/deps/vllm-ascend/vllm_ascend/worker/v2/model_runner.py", line 647, in _dummy_run
(Worker_DP1_PP1_TP6_EP14 pid=71208) ERROR 09-15 00:47:03 [multiproc_executor.py:1055]     hidden_states, sample_hidden_states = super()._dummy_run(
(Worker_DP1_PP1_TP6_EP14 pid=71208) ERROR 09-15 00:47:03 [multiproc_executor.py:1055]                                           ^^^^^^^^^^^^^^^^^^^
(Worker_DP1_PP1_TP6_EP14 pid=71208) ERROR 09-15 00:47:03 [multiproc_executor.py:1055]   File "/usr/local/python3.11.10/lib/python3.11/site-packages/torch/utils/_contextlib.py", line 124, in decorate_context
(Worker_DP1_PP1_TP6_EP14 pid=71208) ERROR 09-15 00:47:03 [multiproc_executor.py:1055]     return func(*args, **kwargs)
(Worker_DP1_PP1_TP6_EP14 pid=71208) ERROR 09-15 00:47:03 [multiproc_executor.py:1055]            ^^^^^^^^^^^^^^^^^^^^^
(Worker_DP1_PP1_TP6_EP14 pid=71208) ERROR 09-15 00:47:03 [multiproc_executor.py:1055]   File "/home/w00985415/proj_0825/deps/vllm/vllm/v1/worker/gpu/eplb_utils.py", line 27, in wrapper
(Worker_DP1_PP1_TP6_EP14 pid=71208) ERROR 09-15 00:47:03 [multiproc_executor.py:1055]     result = fn(self, *args, **kwargs)
(Worker_DP1_PP1_TP6_EP14 pid=71208) ERROR 09-15 00:47:03 [multiproc_executor.py:1055]              ^^^^^^^^^^^^^^^^^^^^^^^^^
(Worker_DP1_PP1_TP6_EP14 pid=71208) ERROR 09-15 00:47:03 [multiproc_executor.py:1055]   File "/home/w00985415/proj_0825/deps/vllm/vllm/v1/worker/gpu/model_runner.py", line 786, in _dummy_run
(Worker_DP1_PP1_TP6_EP14 pid=71208) ERROR 09-15 00:47:03 [multiproc_executor.py:1055]     self.execute_model(
(Worker_DP1_PP1_TP6_EP14 pid=71208) ERROR 09-15 00:47:03 [multiproc_executor.py:1055]   File "/usr/local/python3.11.10/lib/python3.11/site-packages/torch/utils/_contextlib.py", line 124, in decorate_context
(Worker_DP1_PP1_TP6_EP14 pid=71208) ERROR 09-15 00:47:03 [multiproc_executor.py:1055]     return func(*args, **kwargs)
(Worker_DP1_PP1_TP6_EP14 pid=71208) ERROR 09-15 00:47:03 [multiproc_executor.py:1055]            ^^^^^^^^^^^^^^^^^^^^^
(Worker_DP1_PP1_TP6_EP14 pid=71208) ERROR 09-15 00:47:03 [multiproc_executor.py:1055]   File "/home/w00985415/proj_0825/deps/vllm-ascend/vllm_ascend/worker/v2/model_runner.py", line 280, in execute_model
(Worker_DP1_PP1_TP6_EP14 pid=71208) ERROR 09-15 00:47:03 [multiproc_executor.py:1055]     output = super().execute_model(
(Worker_DP1_PP1_TP6_EP14 pid=71208) ERROR 09-15 00:47:03 [multiproc_executor.py:1055]              ^^^^^^^^^^^^^^^^^^^^^^
(Worker_DP1_PP1_TP6_EP14 pid=71208) ERROR 09-15 00:47:03 [multiproc_executor.py:1055]   File "/usr/local/python3.11.10/lib/python3.11/site-packages/torch/utils/_contextlib.py", line 124, in decorate_context
(Worker_DP1_PP1_TP6_EP14 pid=71208) ERROR 09-15 00:47:03 [multiproc_executor.py:1055]     return func(*args, **kwargs)
(Worker_DP1_PP1_TP6_EP14 pid=71208) ERROR 09-15 00:47:03 [multiproc_executor.py:1055]            ^^^^^^^^^^^^^^^^^^^^^
(Worker_DP1_PP1_TP6_EP14 pid=71208) ERROR 09-15 00:47:03 [multiproc_executor.py:1055]   File "/home/w00985415/proj_0825/deps/vllm/vllm/v1/worker/gpu/model_runner.py", line 1849, in execute_model
(Worker_DP1_PP1_TP6_EP14 pid=71208) ERROR 09-15 00:47:03 [multiproc_executor.py:1055]     model_output = self.model(**model_inputs)
(Worker_DP1_PP1_TP6_EP14 pid=71208) ERROR 09-15 00:47:03 [multiproc_executor.py:1055]                    ^^^^^^^^^^^^^^^^^^^^^^^^^^
(Worker_DP1_PP1_TP6_EP14 pid=71208) ERROR 09-15 00:47:03 [multiproc_executor.py:1055]   File "/usr/local/python3.11.10/lib/python3.11/site-packages/torch/nn/modules/module.py", line 1776, in _wrapped_call_impl
(Worker_DP1_PP1_TP6_EP14 pid=71208) ERROR 09-15 00:47:03 [multiproc_executor.py:1055]     return self._call_impl(*args, **kwargs)
(Worker_DP1_PP1_TP6_EP14 pid=71208) ERROR 09-15 00:47:03 [multiproc_executor.py:1055]            ^^^^^^^^^^^^^^^^^^^^^^^^^^^^^^^^
(Worker_DP1_PP1_TP6_EP14 pid=71208) ERROR 09-15 00:47:03 [multiproc_executor.py:1055]   File "/usr/local/python3.11.10/lib/python3.11/site-packages/torch/nn/modules/module.py", line 1787, in _call_impl
(Worker_DP1_PP1_TP6_EP14 pid=71208) ERROR 09-15 00:47:03 [multiproc_executor.py:1055]     return forward_call(*args, **kwargs)
(Worker_DP1_PP1_TP6_EP14 pid=71208) ERROR 09-15 00:47:03 [multiproc_executor.py:1055]            ^^^^^^^^^^^^^^^^^^^^^^^^^^^^^
(Worker_DP1_PP1_TP6_EP14 pid=71208) ERROR 09-15 00:47:03 [multiproc_executor.py:1055]   File "/home/w00985415/proj_0825/deps/vllm-ascend/vllm_ascend/models/deepseek_v4/model.py", line 1098, in forward
(Worker_DP1_PP1_TP6_EP14 pid=71208) ERROR 09-15 00:47:03 [multiproc_executor.py:1055]     hidden_states = self.model(input_ids, positions, intermediate_tensors, inputs_embeds)
(Worker_DP1_PP1_TP6_EP14 pid=71208) ERROR 09-15 00:47:03 [multiproc_executor.py:1055]                     ^^^^^^^^^^^^^^^^^^^^^^^^^^^^^^^^^^^^^^^^^^^^^^^^^^^^^^^^^^^^^^^^^^^^^
(Worker_DP1_PP1_TP6_EP14 pid=71208) ERROR 09-15 00:47:03 [multiproc_executor.py:1055]   File "/home/w00985415/proj_0825/deps/vllm/vllm/compilation/decorators.py", line 509, in __call__
(Worker_DP1_PP1_TP6_EP14 pid=71208) ERROR 09-15 00:47:03 [multiproc_executor.py:1055]     return self.forward(*args, **kwargs)
(Worker_DP1_PP1_TP6_EP14 pid=71208) ERROR 09-15 00:47:03 [multiproc_executor.py:1055]            ^^^^^^^^^^^^^^^^^^^^^^^^^^^^^
(Worker_DP1_PP1_TP6_EP14 pid=71208) ERROR 09-15 00:47:03 [multiproc_executor.py:1055]   File "/home/w00985415/proj_0825/deps/vllm-ascend/vllm_ascend/models/deepseek_v4/model.py", line 940, in forward
(Worker_DP1_PP1_TP6_EP14 pid=71208) ERROR 09-15 00:47:03 [multiproc_executor.py:1055]     input_ids = sp_shard(input_ids)  # TODO: support PP with dsacp.
(Worker_DP1_PP1_TP6_EP14 pid=71208) ERROR 09-15 00:47:03 [multiproc_executor.py:1055]                 ^^^^^^^^^^^^^^^^^^^
(Worker_DP1_PP1_TP6_EP14 pid=71208) ERROR 09-15 00:47:03 [multiproc_executor.py:1055]   File "/home/w00985415/proj_0825/deps/vllm-ascend/vllm_ascend/models/common/ops/sequence_parallel.py", line 44, in sp_shard
(Worker_DP1_PP1_TP6_EP14 pid=71208) ERROR 09-15 00:47:03 [multiproc_executor.py:1055]     sp_pad = (-x.shape[0]) % tp_size
(Worker_DP1_PP1_TP6_EP14 pid=71208) ERROR 09-15 00:47:03 [multiproc_executor.py:1055]                ^^^^^^^
(Worker_DP1_PP1_TP6_EP14 pid=71208) ERROR 09-15 00:47:03 [multiproc_executor.py:1055] AttributeError: 'NoneType' object has no attribute 'shape'
(Worker_DP1_PP1_TP6_EP14 pid=71208) ERROR 09-15 00:47:03 [multiproc_executor.py:1055] Traceback (most recent call last):
(Worker_DP1_PP1_TP6_EP14 pid=71208) ERROR 09-15 00:47:03 [multiproc_executor.py:1055]   File "/home/w00985415/proj_0825/deps/vllm/vllm/v1/executor/multiproc_executor.py", line 1047, in _execute_worker_rpc
(Worker_DP1_PP1_TP6_EP14 pid=71208) ERROR 09-15 00:47:03 [multiproc_executor.py:1055]     output = func(*args, **kwargs)
(Worker_DP1_PP1_TP6_EP14 pid=71208) ERROR 09-15 00:47:03 [multiproc_executor.py:1055]              ^^^^^^^^^^^^^^^^^^^^^
(Worker_DP1_PP1_TP6_EP14 pid=71208) ERROR 09-15 00:47:03 [multiproc_executor.py:1055]   File "/usr/local/python3.11.10/lib/python3.11/site-packages/torch/utils/_contextlib.py", line 124, in decorate_context
(Worker_DP1_PP1_TP6_EP14 pid=71208) ERROR 09-15 00:47:03 [multiproc_executor.py:1055]     return func(*args, **kwargs)
(Worker_DP1_PP1_TP6_EP14 pid=71208) ERROR 09-15 00:47:03 [multiproc_executor.py:1055]            ^^^^^^^^^^^^^^^^^^^^^
(Worker_DP1_PP1_TP6_EP14 pid=71208) ERROR 09-15 00:47:03 [multiproc_executor.py:1055]   File "/home/w00985415/proj_0825/deps/vllm-ascend/vllm_ascend/worker/worker.py", line 600, in determine_available_memory
(Worker_DP1_PP1_TP6_EP14 pid=71208) ERROR 09-15 00:47:03 [multiproc_executor.py:1055]     self.model_runner.profile_run()
(Worker_DP1_PP1_TP6_EP14 pid=71208) ERROR 09-15 00:47:03 [multiproc_executor.py:1055]   File "/usr/local/python3.11.10/lib/python3.11/site-packages/torch/utils/_contextlib.py", line 124, in decorate_context
(Worker_DP1_PP1_TP6_EP14 pid=71208) ERROR 09-15 00:47:03 [multiproc_executor.py:1055]     return func(*args, **kwargs)
(Worker_DP1_PP1_TP6_EP14 pid=71208) ERROR 09-15 00:47:03 [multiproc_executor.py:1055]            ^^^^^^^^^^^^^^^^^^^^^
(Worker_DP1_PP1_TP6_EP14 pid=71208) ERROR 09-15 00:47:03 [multiproc_executor.py:1055]   File "/home/w00985415/proj_0825/deps/vllm-ascend/vllm_ascend/worker/v2/model_runner.py", line 315, in profile_run
(Worker_DP1_PP1_TP6_EP14 pid=71208) ERROR 09-15 00:47:03 [multiproc_executor.py:1055]     self._dummy_run(mc2_tokens_capacity, skip_attn=True, skip_eplb=True, is_profile=True)
(Worker_DP1_PP1_TP6_EP14 pid=71208) ERROR 09-15 00:47:03 [multiproc_executor.py:1055]   File "/home/w00985415/proj_0825/deps/vllm-ascend/vllm_ascend/worker/v2/model_runner.py", line 647, in _dummy_run
(Worker_DP1_PP1_TP6_EP14 pid=71208) ERROR 09-15 00:47:03 [multiproc_executor.py:1055]     hidden_states, sample_hidden_states = super()._dummy_run(
(Worker_DP1_PP1_TP6_EP14 pid=71208) ERROR 09-15 00:47:03 [multiproc_executor.py:1055]                                           ^^^^^^^^^^^^^^^^^^^
(Worker_DP1_PP1_TP6_EP14 pid=71208) ERROR 09-15 00:47:03 [multiproc_executor.py:1055]   File "/usr/local/python3.11.10/lib/python3.11/site-packages/torch/utils/_contextlib.py", line 124, in decorate_context
(Worker_DP1_PP1_TP6_EP14 pid=71208) ERROR 09-15 00:47:03 [multiproc_executor.py:1055]     return func(*args, **kwargs)
(Worker_DP1_PP1_TP6_EP14 pid=71208) ERROR 09-15 00:47:03 [multiproc_executor.py:1055]            ^^^^^^^^^^^^^^^^^^^^^
(Worker_DP1_PP1_TP6_EP14 pid=71208) ERROR 09-15 00:47:03 [multiproc_executor.py:1055]   File "/home/w00985415/proj_0825/deps/vllm/vllm/v1/worker/gpu/eplb_utils.py", line 27, in wrapper
(Worker_DP1_PP1_TP6_EP14 pid=71208) ERROR 09-15 00:47:03 [multiproc_executor.py:1055]     result = fn(self, *args, **kwargs)
(Worker_DP1_PP1_TP6_EP14 pid=71208) ERROR 09-15 00:47:03 [multiproc_executor.py:1055]              ^^^^^^^^^^^^^^^^^^^^^^^^^
(Worker_DP1_PP1_TP6_EP14 pid=71208) ERROR 09-15 00:47:03 [multiproc_executor.py:1055]   File "/home/w00985415/proj_0825/deps/vllm/vllm/v1/worker/gpu/model_runner.py", line 786, in _dummy_run
(Worker_DP1_PP1_TP6_EP14 pid=71208) ERROR 09-15 00:47:03 [multiproc_executor.py:1055]     self.execute_model(
(Worker_DP1_PP1_TP6_EP14 pid=71208) ERROR 09-15 00:47:03 [multiproc_executor.py:1055]   File "/usr/local/python3.11.10/lib/python3.11/site-packages/torch/utils/_contextlib.py", line 124, in decorate_context
(Worker_DP1_PP1_TP6_EP14 pid=71208) ERROR 09-15 00:47:03 [multiproc_executor.py:1055]     return func(*args, **kwargs)
(Worker_DP1_PP1_TP6_EP14 pid=71208) ERROR 09-15 00:47:03 [multiproc_executor.py:1055]            ^^^^^^^^^^^^^^^^^^^^^
(Worker_DP1_PP1_TP6_EP14 pid=71208) ERROR 09-15 00:47:03 [multiproc_executor.py:1055]   File "/home/w00985415/proj_0825/deps/vllm-ascend/vllm_ascend/worker/v2/model_runner.py", line 280, in execute_model
(Worker_DP1_PP1_TP6_EP14 pid=71208) ERROR 09-15 00:47:03 [multiproc_executor.py:1055]     output = super().execute_model(
(Worker_DP1_PP1_TP6_EP14 pid=71208) ERROR 09-15 00:47:03 [multiproc_executor.py:1055]              ^^^^^^^^^^^^^^^^^^^^^^
(Worker_DP1_PP1_TP6_EP14 pid=71208) ERROR 09-15 00:47:03 [multiproc_executor.py:1055]   File "/usr/local/python3.11.10/lib/python3.11/site-packages/torch/utils/_contextlib.py", line 124, in decorate_context
(Worker_DP1_PP1_TP6_EP14 pid=71208) ERROR 09-15 00:47:03 [multiproc_executor.py:1055]     return func(*args, **kwargs)
(Worker_DP1_PP1_TP6_EP14 pid=71208) ERROR 09-15 00:47:03 [multiproc_executor.py:1055]            ^^^^^^^^^^^^^^^^^^^^^
(Worker_DP1_PP1_TP6_EP14 pid=71208) ERROR 09-15 00:47:03 [multiproc_executor.py:1055]   File "/home/w00985415/proj_0825/deps/vllm/vllm/v1/worker/gpu/model_runner.py", line 1849, in execute_model
(Worker_DP1_PP1_TP6_EP14 pid=71208) ERROR 09-15 00:47:03 [multiproc_executor.py:1055]     model_output = self.model(**model_inputs)
(Worker_DP1_PP1_TP6_EP14 pid=71208) ERROR 09-15 00:47:03 [multiproc_executor.py:1055]                    ^^^^^^^^^^^^^^^^^^^^^^^^^^
(Worker_DP1_PP1_TP6_EP14 pid=71208) ERROR 09-15 00:47:03 [multiproc_executor.py:1055]   File "/usr/local/python3.11.10/lib/python3.11/site-packages/torch/nn/modules/module.py", line 1776, in _wrapped_call_impl
(Worker_DP1_PP1_TP6_EP14 pid=71208) ERROR 09-15 00:47:03 [multiproc_executor.py:1055]     return self._call_impl(*args, **kwargs)
(Worker_DP1_PP1_TP6_EP14 pid=71208) ERROR 09-15 00:47:03 [multiproc_executor.py:1055]            ^^^^^^^^^^^^^^^^^^^^^^^^^^^^^^^^
(Worker_DP1_PP1_TP6_EP14 pid=71208) ERROR 09-15 00:47:03 [multiproc_executor.py:1055]   File "/usr/local/python3.11.10/lib/python3.11/site-packages/torch/nn/modules/module.py", line 1787, in _call_impl
(Worker_DP1_PP1_TP6_EP14 pid=71208) ERROR 09-15 00:47:03 [multiproc_executor.py:1055]     return forward_call(*args, **kwargs)
(Worker_DP1_PP1_TP6_EP14 pid=71208) ERROR 09-15 00:47:03 [multiproc_executor.py:1055]            ^^^^^^^^^^^^^^^^^^^^^^^^^^^^^
(Worker_DP1_PP1_TP6_EP14 pid=71208) ERROR 09-15 00:47:03 [multiproc_executor.py:1055]   File "/home/w00985415/proj_0825/deps/vllm-ascend/vllm_ascend/models/deepseek_v4/model.py", line 1098, in forward
(Worker_DP1_PP1_TP6_EP14 pid=71208) ERROR 09-15 00:47:03 [multiproc_executor.py:1055]     hidden_states = self.model(input_ids, positions, intermediate_tensors, inputs_embeds)
(Worker_DP1_PP1_TP6_EP14 pid=71208) ERROR 09-15 00:47:03 [multiproc_executor.py:1055]                     ^^^^^^^^^^^^^^^^^^^^^^^^^^^^^^^^^^^^^^^^^^^^^^^^^^^^^^^^^^^^^^^^^^^^^
(Worker_DP1_PP1_TP6_EP14 pid=71208) ERROR 09-15 00:47:03 [multiproc_executor.py:1055]   File "/home/w00985415/proj_0825/deps/vllm/vllm/compilation/decorators.py", line 509, in __call__
(Worker_DP1_PP1_TP6_EP14 pid=71208) ERROR 09-15 00:47:03 [multiproc_executor.py:1055]     return self.forward(*args, **kwargs)
(Worker_DP1_PP1_TP6_EP14 pid=71208) ERROR 09-15 00:47:03 [multiproc_executor.py:1055]            ^^^^^^^^^^^^^^^^^^^^^^^^^^^^^
(Worker_DP1_PP1_TP6_EP14 pid=71208) ERROR 09-15 00:47:03 [multiproc_executor.py:1055]   File "/home/w00985415/proj_0825/deps/vllm-ascend/vllm_ascend/models/deepseek_v4/model.py", line 940, in forward
(Worker_DP1_PP1_TP6_EP14 pid=71208) ERROR 09-15 00:47:03 [multiproc_executor.py:1055]     input_ids = sp_shard(input_ids)  # TODO: support PP with dsacp.
(Worker_DP1_PP1_TP6_EP14 pid=71208) ERROR 09-15 00:47:03 [multiproc_executor.py:1055]                 ^^^^^^^^^^^^^^^^^^^
(Worker_DP1_PP1_TP6_EP14 pid=71208) ERROR 09-15 00:47:03 [multiproc_executor.py:1055]   File "/home/w00985415/proj_0825/deps/vllm-ascend/vllm_ascend/models/common/ops/sequence_parallel.py", line 44, in sp_shard
(Worker_DP1_PP1_TP6_EP14 pid=71208) ERROR 09-15 00:47:03 [multiproc_executor.py:1055]     sp_pad = (-x.shape[0]) % tp_size
(Worker_DP1_PP1_TP6_EP14 pid=71208) ERROR 09-15 00:47:03 [multiproc_executor.py:1055]                ^^^^^^^
(Worker_DP1_PP1_TP6_EP14 pid=71208) ERROR 09-15 00:47:03 [multiproc_executor.py:1055] AttributeError: 'NoneType' object has no attribute 'shape'
(Worker_DP1_PP1_TP6_EP14 pid=71208) ERROR 09-15 00:47:03 [multiproc_executor.py:1055] 
(Worker_DP0_PP1_TP0_EP0 pid=70382) ERROR 09-15 00:47:03 [multiproc_executor.py:1055] WorkerProc hit an exception.
(Worker_DP0_PP1_TP0_EP0 pid=70382) ERROR 09-15 00:47:03 [multiproc_executor.py:1055] Traceback (most recent call last):
(Worker_DP0_PP1_TP0_EP0 pid=70382) ERROR 09-15 00:47:03 [multiproc_executor.py:1055]   File "/home/w00985415/proj_0825/deps/vllm/vllm/v1/executor/multiproc_executor.py", line 1047, in _execute_worker_rpc
(Worker_DP0_PP1_TP0_EP0 pid=70382) ERROR 09-15 00:47:03 [multiproc_executor.py:1055]     output = func(*args, **kwargs)
(Worker_DP0_PP1_TP0_EP0 pid=70382) ERROR 09-15 00:47:03 [multiproc_executor.py:1055]              ^^^^^^^^^^^^^^^^^^^^^
(Worker_DP0_PP1_TP0_EP0 pid=70382) ERROR 09-15 00:47:03 [multiproc_executor.py:1055]   File "/usr/local/python3.11.10/lib/python3.11/site-packages/torch/utils/_contextlib.py", line 124, in decorate_context
(Worker_DP0_PP1_TP0_EP0 pid=70382) ERROR 09-15 00:47:03 [multiproc_executor.py:1055]     return func(*args, **kwargs)
(Worker_DP0_PP1_TP0_EP0 pid=70382) ERROR 09-15 00:47:03 [multiproc_executor.py:1055]            ^^^^^^^^^^^^^^^^^^^^^
(Worker_DP0_PP1_TP0_EP0 pid=70382) ERROR 09-15 00:47:03 [multiproc_executor.py:1055]   File "/home/w00985415/proj_0825/deps/vllm-ascend/vllm_ascend/worker/worker.py", line 600, in determine_available_memory
(Worker_DP0_PP1_TP0_EP0 pid=70382) ERROR 09-15 00:47:03 [multiproc_executor.py:1055]     self.model_runner.profile_run()
(Worker_DP0_PP1_TP0_EP0 pid=70382) ERROR 09-15 00:47:03 [multiproc_executor.py:1055]   File "/usr/local/python3.11.10/lib/python3.11/site-packages/torch/utils/_contextlib.py", line 124, in decorate_context
(Worker_DP0_PP1_TP0_EP0 pid=70382) ERROR 09-15 00:47:03 [multiproc_executor.py:1055]     return func(*args, **kwargs)
(Worker_DP0_PP1_TP0_EP0 pid=70382) ERROR 09-15 00:47:03 [multiproc_executor.py:1055]            ^^^^^^^^^^^^^^^^^^^^^
(Worker_DP0_PP1_TP0_EP0 pid=70382) ERROR 09-15 00:47:03 [multiproc_executor.py:1055]   File "/home/w00985415/proj_0825/deps/vllm-ascend/vllm_ascend/worker/v2/model_runner.py", line 315, in profile_run
(Worker_DP0_PP1_TP0_EP0 pid=70382) ERROR 09-15 00:47:03 [multiproc_executor.py:1055]     self._dummy_run(mc2_tokens_capacity, skip_attn=True, skip_eplb=True, is_profile=True)
(Worker_DP0_PP1_TP0_EP0 pid=70382) ERROR 09-15 00:47:03 [multiproc_executor.py:1055]   File "/home/w00985415/proj_0825/deps/vllm-ascend/vllm_ascend/worker/v2/model_runner.py", line 647, in _dummy_run
(Worker_DP0_PP1_TP0_EP0 pid=70382) ERROR 09-15 00:47:03 [multiproc_executor.py:1055]     hidden_states, sample_hidden_states = super()._dummy_run(
(Worker_DP0_PP1_TP0_EP0 pid=70382) ERROR 09-15 00:47:03 [multiproc_executor.py:1055]                                           ^^^^^^^^^^^^^^^^^^^
(Worker_DP0_PP1_TP0_EP0 pid=70382) ERROR 09-15 00:47:03 [multiproc_executor.py:1055]   File "/usr/local/python3.11.10/lib/python3.11/site-packages/torch/utils/_contextlib.py", line 124, in decorate_context
(Worker_DP0_PP1_TP0_EP0 pid=70382) ERROR 09-15 00:47:03 [multiproc_executor.py:1055]     return func(*args, **kwargs)
(Worker_DP0_PP1_TP0_EP0 pid=70382) ERROR 09-15 00:47:03 [multiproc_executor.py:1055]            ^^^^^^^^^^^^^^^^^^^^^
(Worker_DP0_PP1_TP0_EP0 pid=70382) ERROR 09-15 00:47:03 [multiproc_executor.py:1055]   File "/home/w00985415/proj_0825/deps/vllm/vllm/v1/worker/gpu/eplb_utils.py", line 27, in wrapper
(Worker_DP0_PP1_TP0_EP0 pid=70382) ERROR 09-15 00:47:03 [multiproc_executor.py:1055]     result = fn(self, *args, **kwargs)
(Worker_DP0_PP1_TP0_EP0 pid=70382) ERROR 09-15 00:47:03 [multiproc_executor.py:1055]              ^^^^^^^^^^^^^^^^^^^^^^^^^
(Worker_DP0_PP1_TP0_EP0 pid=70382) ERROR 09-15 00:47:03 [multiproc_executor.py:1055]   File "/home/w00985415/proj_0825/deps/vllm/vllm/v1/worker/gpu/model_runner.py", line 786, in _dummy_run
(Worker_DP0_PP1_TP0_EP0 pid=70382) ERROR 09-15 00:47:03 [multiproc_executor.py:1055]     self.execute_model(
(Worker_DP0_PP1_TP0_EP0 pid=70382) ERROR 09-15 00:47:03 [multiproc_executor.py:1055]   File "/usr/local/python3.11.10/lib/python3.11/site-packages/torch/utils/_contextlib.py", line 124, in decorate_context
(Worker_DP0_PP1_TP0_EP0 pid=70382) ERROR 09-15 00:47:03 [multiproc_executor.py:1055]     return func(*args, **kwargs)
(Worker_DP0_PP1_TP0_EP0 pid=70382) ERROR 09-15 00:47:03 [multiproc_executor.py:1055]            ^^^^^^^^^^^^^^^^^^^^^
(Worker_DP0_PP1_TP0_EP0 pid=70382) ERROR 09-15 00:47:03 [multiproc_executor.py:1055]   File "/home/w00985415/proj_0825/deps/vllm-ascend/vllm_ascend/worker/v2/model_runner.py", line 280, in execute_model
(Worker_DP0_PP1_TP0_EP0 pid=70382) ERROR 09-15 00:47:03 [multiproc_executor.py:1055]     output = super().execute_model(
(Worker_DP0_PP1_TP0_EP0 pid=70382) ERROR 09-15 00:47:03 [multiproc_executor.py:1055]              ^^^^^^^^^^^^^^^^^^^^^^
(Worker_DP0_PP1_TP0_EP0 pid=70382) ERROR 09-15 00:47:03 [multiproc_executor.py:1055]   File "/usr/local/python3.11.10/lib/python3.11/site-packages/torch/utils/_contextlib.py", line 124, in decorate_context
(Worker_DP0_PP1_TP0_EP0 pid=70382) ERROR 09-15 00:47:03 [multiproc_executor.py:1055]     return func(*args, **kwargs)
(Worker_DP0_PP1_TP0_EP0 pid=70382) ERROR 09-15 00:47:03 [multiproc_executor.py:1055]            ^^^^^^^^^^^^^^^^^^^^^
(Worker_DP0_PP1_TP0_EP0 pid=70382) ERROR 09-15 00:47:03 [multiproc_executor.py:1055]   File "/home/w00985415/proj_0825/deps/vllm/vllm/v1/worker/gpu/model_runner.py", line 1849, in execute_model
(Worker_DP0_PP1_TP0_EP0 pid=70382) ERROR 09-15 00:47:03 [multiproc_executor.py:1055]     model_output = self.model(**model_inputs)
(Worker_DP0_PP1_TP0_EP0 pid=70382) ERROR 09-15 00:47:03 [multiproc_executor.py:1055]                    ^^^^^^^^^^^^^^^^^^^^^^^^^^
(Worker_DP0_PP1_TP0_EP0 pid=70382) ERROR 09-15 00:47:03 [multiproc_executor.py:1055]   File "/usr/local/python3.11.10/lib/python3.11/site-packages/torch/nn/modules/module.py", line 1776, in _wrapped_call_impl
(Worker_DP0_PP1_TP0_EP0 pid=70382) ERROR 09-15 00:47:03 [multiproc_executor.py:1055]     return self._call_impl(*args, **kwargs)
(Worker_DP0_PP1_TP0_EP0 pid=70382) ERROR 09-15 00:47:03 [multiproc_executor.py:1055]            ^^^^^^^^^^^^^^^^^^^^^^^^^^^^^^^^
(Worker_DP0_PP1_TP0_EP0 pid=70382) ERROR 09-15 00:47:03 [multiproc_executor.py:1055]   File "/usr/local/python3.11.10/lib/python3.11/site-packages/torch/nn/modules/module.py", line 1787, in _call_impl
(Worker_DP0_PP1_TP0_EP0 pid=70382) ERROR 09-15 00:47:03 [multiproc_executor.py:1055]     return forward_call(*args, **kwargs)
(Worker_DP0_PP1_TP0_EP0 pid=70382) ERROR 09-15 00:47:03 [multiproc_executor.py:1055]            ^^^^^^^^^^^^^^^^^^^^^^^^^^^^^
(Worker_DP0_PP1_TP0_EP0 pid=70382) ERROR 09-15 00:47:03 [multiproc_executor.py:1055]   File "/home/w00985415/proj_0825/deps/vllm-ascend/vllm_ascend/models/deepseek_v4/model.py", line 1098, in forward
(Worker_DP0_PP1_TP0_EP0 pid=70382) ERROR 09-15 00:47:03 [multiproc_executor.py:1055]     hidden_states = self.model(input_ids, positions, intermediate_tensors, inputs_embeds)
(Worker_DP0_PP1_TP0_EP0 pid=70382) ERROR 09-15 00:47:03 [multiproc_executor.py:1055]                     ^^^^^^^^^^^^^^^^^^^^^^^^^^^^^^^^^^^^^^^^^^^^^^^^^^^^^^^^^^^^^^^^^^^^^
(Worker_DP0_PP1_TP0_EP0 pid=70382) ERROR 09-15 00:47:03 [multiproc_executor.py:1055]   File "/home/w00985415/proj_0825/deps/vllm/vllm/compilation/decorators.py", line 509, in __call__
(Worker_DP0_PP1_TP0_EP0 pid=70382) ERROR 09-15 00:47:03 [multiproc_executor.py:1055]     return self.forward(*args, **kwargs)
(Worker_DP0_PP1_TP0_EP0 pid=70382) ERROR 09-15 00:47:03 [multiproc_executor.py:1055]            ^^^^^^^^^^^^^^^^^^^^^^^^^^^^^
(Worker_DP0_PP1_TP0_EP0 pid=70382) ERROR 09-15 00:47:03 [multiproc_executor.py:1055]   File "/home/w00985415/proj_0825/deps/vllm-ascend/vllm_ascend/models/deepseek_v4/model.py", line 940, in forward
(Worker_DP0_PP1_TP0_EP0 pid=70382) ERROR 09-15 00:47:03 [multiproc_executor.py:1055]     input_ids = sp_shard(input_ids)  # TODO: support PP with dsacp.
(Worker_DP0_PP1_TP0_EP0 pid=70382) ERROR 09-15 00:47:03 [multiproc_executor.py:1055]                 ^^^^^^^^^^^^^^^^^^^
(Worker_DP0_PP1_TP0_EP0 pid=70382) ERROR 09-15 00:47:03 [multiproc_executor.py:1055]   File "/home/w00985415/proj_0825/deps/vllm-ascend/vllm_ascend/models/common/ops/sequence_parallel.py", line 44, in sp_shard
(Worker_DP0_PP1_TP0_EP0 pid=70382) ERROR 09-15 00:47:03 [multiproc_executor.py:1055]     sp_pad = (-x.shape[0]) % tp_size
(Worker_DP0_PP1_TP0_EP0 pid=70382) ERROR 09-15 00:47:03 [multiproc_executor.py:1055]                ^^^^^^^
(Worker_DP0_PP1_TP0_EP0 pid=70382) ERROR 09-15 00:47:03 [multiproc_executor.py:1055] AttributeError: 'NoneType' object has no attribute 'shape'
(Worker_DP0_PP1_TP0_EP0 pid=70382) ERROR 09-15 00:47:03 [multiproc_executor.py:1055] Traceback (most recent call last):
(Worker_DP0_PP1_TP0_EP0 pid=70382) ERROR 09-15 00:47:03 [multiproc_executor.py:1055]   File "/home/w00985415/proj_0825/deps/vllm/vllm/v1/executor/multiproc_executor.py", line 1047, in _execute_worker_rpc
(Worker_DP0_PP1_TP0_EP0 pid=70382) ERROR 09-15 00:47:03 [multiproc_executor.py:1055]     output = func(*args, **kwargs)
(Worker_DP0_PP1_TP0_EP0 pid=70382) ERROR 09-15 00:47:03 [multiproc_executor.py:1055]              ^^^^^^^^^^^^^^^^^^^^^
(Worker_DP0_PP1_TP0_EP0 pid=70382) ERROR 09-15 00:47:03 [multiproc_executor.py:1055]   File "/usr/local/python3.11.10/lib/python3.11/site-packages/torch/utils/_contextlib.py", line 124, in decorate_context
(Worker_DP0_PP1_TP0_EP0 pid=70382) ERROR 09-15 00:47:03 [multiproc_executor.py:1055]     return func(*args, **kwargs)
(Worker_DP0_PP1_TP0_EP0 pid=70382) ERROR 09-15 00:47:03 [multiproc_executor.py:1055]            ^^^^^^^^^^^^^^^^^^^^^
(Worker_DP0_PP1_TP0_EP0 pid=70382) ERROR 09-15 00:47:03 [multiproc_executor.py:1055]   File "/home/w00985415/proj_0825/deps/vllm-ascend/vllm_ascend/worker/worker.py", line 600, in determine_available_memory
(Worker_DP0_PP1_TP0_EP0 pid=70382) ERROR 09-15 00:47:03 [multiproc_executor.py:1055]     self.model_runner.profile_run()
(Worker_DP0_PP1_TP0_EP0 pid=70382) ERROR 09-15 00:47:03 [multiproc_executor.py:1055]   File "/usr/local/python3.11.10/lib/python3.11/site-packages/torch/utils/_contextlib.py", line 124, in decorate_context
(Worker_DP0_PP1_TP0_EP0 pid=70382) ERROR 09-15 00:47:03 [multiproc_executor.py:1055]     return func(*args, **kwargs)
(Worker_DP0_PP1_TP0_EP0 pid=70382) ERROR 09-15 00:47:03 [multiproc_executor.py:1055]            ^^^^^^^^^^^^^^^^^^^^^
(Worker_DP0_PP1_TP0_EP0 pid=70382) ERROR 09-15 00:47:03 [multiproc_executor.py:1055]   File "/home/w00985415/proj_0825/deps/vllm-ascend/vllm_ascend/worker/v2/model_runner.py", line 315, in profile_run
(Worker_DP0_PP1_TP0_EP0 pid=70382) ERROR 09-15 00:47:03 [multiproc_executor.py:1055]     self._dummy_run(mc2_tokens_capacity, skip_attn=True, skip_eplb=True, is_profile=True)
(Worker_DP0_PP1_TP0_EP0 pid=70382) ERROR 09-15 00:47:03 [multiproc_executor.py:1055]   File "/home/w00985415/proj_0825/deps/vllm-ascend/vllm_ascend/worker/v2/model_runner.py", line 647, in _dummy_run
(Worker_DP0_PP1_TP0_EP0 pid=70382) ERROR 09-15 00:47:03 [multiproc_executor.py:1055]     hidden_states, sample_hidden_states = super()._dummy_run(
(Worker_DP0_PP1_TP0_EP0 pid=70382) ERROR 09-15 00:47:03 [multiproc_executor.py:1055]                                           ^^^^^^^^^^^^^^^^^^^
(Worker_DP0_PP1_TP0_EP0 pid=70382) ERROR 09-15 00:47:03 [multiproc_executor.py:1055]   File "/usr/local/python3.11.10/lib/python3.11/site-packages/torch/utils/_contextlib.py", line 124, in decorate_context
(Worker_DP0_PP1_TP0_EP0 pid=70382) ERROR 09-15 00:47:03 [multiproc_executor.py:1055]     return func(*args, **kwargs)
(Worker_DP0_PP1_TP0_EP0 pid=70382) ERROR 09-15 00:47:03 [multiproc_executor.py:1055]            ^^^^^^^^^^^^^^^^^^^^^
(Worker_DP0_PP1_TP0_EP0 pid=70382) ERROR 09-15 00:47:03 [multiproc_executor.py:1055]   File "/home/w00985415/proj_0825/deps/vllm/vllm/v1/worker/gpu/eplb_utils.py", line 27, in wrapper
(Worker_DP0_PP1_TP0_EP0 pid=70382) ERROR 09-15 00:47:03 [multiproc_executor.py:1055]     result = fn(self, *args, **kwargs)
(Worker_DP0_PP1_TP0_EP0 pid=70382) ERROR 09-15 00:47:03 [multiproc_executor.py:1055]              ^^^^^^^^^^^^^^^^^^^^^^^^^
(Worker_DP0_PP1_TP0_EP0 pid=70382) ERROR 09-15 00:47:03 [multiproc_executor.py:1055]   File "/home/w00985415/proj_0825/deps/vllm/vllm/v1/worker/gpu/model_runner.py", line 786, in _dummy_run
(Worker_DP0_PP1_TP0_EP0 pid=70382) ERROR 09-15 00:47:03 [multiproc_executor.py:1055]     self.execute_model(
(Worker_DP0_PP1_TP0_EP0 pid=70382) ERROR 09-15 00:47:03 [multiproc_executor.py:1055]   File "/usr/local/python3.11.10/lib/python3.11/site-packages/torch/utils/_contextlib.py", line 124, in decorate_context
(Worker_DP0_PP1_TP0_EP0 pid=70382) ERROR 09-15 00:47:03 [multiproc_executor.py:1055]     return func(*args, **kwargs)
(Worker_DP0_PP1_TP0_EP0 pid=70382) ERROR 09-15 00:47:03 [multiproc_executor.py:1055]            ^^^^^^^^^^^^^^^^^^^^^
(Worker_DP0_PP1_TP0_EP0 pid=70382) ERROR 09-15 00:47:03 [multiproc_executor.py:1055]   File "/home/w00985415/proj_0825/deps/vllm-ascend/vllm_ascend/worker/v2/model_runner.py", line 280, in execute_model
(Worker_DP0_PP1_TP0_EP0 pid=70382) ERROR 09-15 00:47:03 [multiproc_executor.py:1055]     output = super().execute_model(
(Worker_DP0_PP1_TP0_EP0 pid=70382) ERROR 09-15 00:47:03 [multiproc_executor.py:1055]              ^^^^^^^^^^^^^^^^^^^^^^
(Worker_DP0_PP1_TP0_EP0 pid=70382) ERROR 09-15 00:47:03 [multiproc_executor.py:1055]   File "/usr/local/python3.11.10/lib/python3.11/site-packages/torch/utils/_contextlib.py", line 124, in decorate_context
(Worker_DP0_PP1_TP0_EP0 pid=70382) ERROR 09-15 00:47:03 [multiproc_executor.py:1055]     return func(*args, **kwargs)
(Worker_DP0_PP1_TP0_EP0 pid=70382) ERROR 09-15 00:47:03 [multiproc_executor.py:1055]            ^^^^^^^^^^^^^^^^^^^^^
(Worker_DP0_PP1_TP0_EP0 pid=70382) ERROR 09-15 00:47:03 [multiproc_executor.py:1055]   File "/home/w00985415/proj_0825/deps/vllm/vllm/v1/worker/gpu/model_runner.py", line 1849, in execute_model
(Worker_DP0_PP1_TP0_EP0 pid=70382) ERROR 09-15 00:47:03 [multiproc_executor.py:1055]     model_output = self.model(**model_inputs)
(Worker_DP0_PP1_TP0_EP0 pid=70382) ERROR 09-15 00:47:03 [multiproc_executor.py:1055]                    ^^^^^^^^^^^^^^^^^^^^^^^^^^
(Worker_DP0_PP1_TP0_EP0 pid=70382) ERROR 09-15 00:47:03 [multiproc_executor.py:1055]   File "/usr/local/python3.11.10/lib/python3.11/site-packages/torch/nn/modules/module.py", line 1776, in _wrapped_call_impl
(Worker_DP0_PP1_TP0_EP0 pid=70382) ERROR 09-15 00:47:03 [multiproc_executor.py:1055]     return self._call_impl(*args, **kwargs)
(Worker_DP0_PP1_TP0_EP0 pid=70382) ERROR 09-15 00:47:03 [multiproc_executor.py:1055]            ^^^^^^^^^^^^^^^^^^^^^^^^^^^^^^^^
(Worker_DP0_PP1_TP0_EP0 pid=70382) ERROR 09-15 00:47:03 [multiproc_executor.py:1055]   File "/usr/local/python3.11.10/lib/python3.11/site-packages/torch/nn/modules/module.py", line 1787, in _call_impl
(Worker_DP0_PP1_TP0_EP0 pid=70382) ERROR 09-15 00:47:03 [multiproc_executor.py:1055]     return forward_call(*args, **kwargs)
(Worker_DP0_PP1_TP0_EP0 pid=70382) ERROR 09-15 00:47:03 [multiproc_executor.py:1055]            ^^^^^^^^^^^^^^^^^^^^^^^^^^^^^
(Worker_DP0_PP1_TP0_EP0 pid=70382) ERROR 09-15 00:47:03 [multiproc_executor.py:1055]   File "/home/w00985415/proj_0825/deps/vllm-ascend/vllm_ascend/models/deepseek_v4/model.py", line 1098, in forward
(Worker_DP0_PP1_TP0_EP0 pid=70382) ERROR 09-15 00:47:03 [multiproc_executor.py:1055]     hidden_states = self.model(input_ids, positions, intermediate_tensors, inputs_embeds)
(Worker_DP0_PP1_TP0_EP0 pid=70382) ERROR 09-15 00:47:03 [multiproc_executor.py:1055]                     ^^^^^^^^^^^^^^^^^^^^^^^^^^^^^^^^^^^^^^^^^^^^^^^^^^^^^^^^^^^^^^^^^^^^^
(Worker_DP0_PP1_TP0_EP0 pid=70382) ERROR 09-15 00:47:03 [multiproc_executor.py:1055]   File "/home/w00985415/proj_0825/deps/vllm/vllm/compilation/decorators.py", line 509, in __call__
(Worker_DP0_PP1_TP0_EP0 pid=70382) ERROR 09-15 00:47:03 [multiproc_executor.py:1055]     return self.forward(*args, **kwargs)
(Worker_DP0_PP1_TP0_EP0 pid=70382) ERROR 09-15 00:47:03 [multiproc_executor.py:1055]            ^^^^^^^^^^^^^^^^^^^^^^^^^^^^^
(Worker_DP0_PP1_TP0_EP0 pid=70382) ERROR 09-15 00:47:03 [multiproc_executor.py:1055]   File "/home/w00985415/proj_0825/deps/vllm-ascend/vllm_ascend/models/deepseek_v4/model.py", line 940, in forward
(Worker_DP0_PP1_TP0_EP0 pid=70382) ERROR 09-15 00:47:03 [multiproc_executor.py:1055]     input_ids = sp_shard(input_ids)  # TODO: support PP with dsacp.
(Worker_DP0_PP1_TP0_EP0 pid=70382) ERROR 09-15 00:47:03 [multiproc_executor.py:1055]                 ^^^^^^^^^^^^^^^^^^^
(Worker_DP0_PP1_TP0_EP0 pid=70382) ERROR 09-15 00:47:03 [multiproc_executor.py:1055]   File "/home/w00985415/proj_0825/deps/vllm-ascend/vllm_ascend/models/common/ops/sequence_parallel.py", line 44, in sp_shard
(Worker_DP0_PP1_TP0_EP0 pid=70382) ERROR 09-15 00:47:03 [multiproc_executor.py:1055]     sp_pad = (-x.shape[0]) % tp_size
(Worker_DP0_PP1_TP0_EP0 pid=70382) ERROR 09-15 00:47:03 [multiproc_executor.py:1055]                ^^^^^^^
(Worker_DP0_PP1_TP0_EP0 pid=70382) ERROR 09-15 00:47:03 [multiproc_executor.py:1055] AttributeError: 'NoneType' object has no attribute 'shape'
(Worker_DP0_PP1_TP0_EP0 pid=70382) ERROR 09-15 00:47:03 [multiproc_executor.py:1055] 
(Worker_DP1_PP1_TP0_EP8 pid=70381) ERROR 09-15 00:47:03 [multiproc_executor.py:1055] WorkerProc hit an exception.
(Worker_DP1_PP1_TP0_EP8 pid=70381) ERROR 09-15 00:47:03 [multiproc_executor.py:1055] Traceback (most recent call last):
(Worker_DP1_PP1_TP0_EP8 pid=70381) ERROR 09-15 00:47:03 [multiproc_executor.py:1055]   File "/home/w00985415/proj_0825/deps/vllm/vllm/v1/executor/multiproc_executor.py", line 1047, in _execute_worker_rpc
(Worker_DP1_PP1_TP0_EP8 pid=70381) ERROR 09-15 00:47:03 [multiproc_executor.py:1055]     output = func(*args, **kwargs)
(Worker_DP1_PP1_TP0_EP8 pid=70381) ERROR 09-15 00:47:03 [multiproc_executor.py:1055]              ^^^^^^^^^^^^^^^^^^^^^
(Worker_DP1_PP1_TP0_EP8 pid=70381) ERROR 09-15 00:47:03 [multiproc_executor.py:1055]   File "/usr/local/python3.11.10/lib/python3.11/site-packages/torch/utils/_contextlib.py", line 124, in decorate_context
(Worker_DP1_PP1_TP0_EP8 pid=70381) ERROR 09-15 00:47:03 [multiproc_executor.py:1055]     return func(*args, **kwargs)
(Worker_DP1_PP1_TP0_EP8 pid=70381) ERROR 09-15 00:47:03 [multiproc_executor.py:1055]            ^^^^^^^^^^^^^^^^^^^^^
(Worker_DP1_PP1_TP0_EP8 pid=70381) ERROR 09-15 00:47:03 [multiproc_executor.py:1055]   File "/home/w00985415/proj_0825/deps/vllm-ascend/vllm_ascend/worker/worker.py", line 600, in determine_available_memory
(Worker_DP1_PP1_TP0_EP8 pid=70381) ERROR 09-15 00:47:03 [multiproc_executor.py:1055]     self.model_runner.profile_run()
(Worker_DP1_PP1_TP0_EP8 pid=70381) ERROR 09-15 00:47:03 [multiproc_executor.py:1055]   File "/usr/local/python3.11.10/lib/python3.11/site-packages/torch/utils/_contextlib.py", line 124, in decorate_context
(Worker_DP1_PP1_TP0_EP8 pid=70381) ERROR 09-15 00:47:03 [multiproc_executor.py:1055]     return func(*args, **kwargs)
(Worker_DP1_PP1_TP0_EP8 pid=70381) ERROR 09-15 00:47:03 [multiproc_executor.py:1055]            ^^^^^^^^^^^^^^^^^^^^^
(Worker_DP1_PP1_TP0_EP8 pid=70381) ERROR 09-15 00:47:03 [multiproc_executor.py:1055]   File "/home/w00985415/proj_0825/deps/vllm-ascend/vllm_ascend/worker/v2/model_runner.py", line 315, in profile_run
(Worker_DP1_PP1_TP0_EP8 pid=70381) ERROR 09-15 00:47:03 [multiproc_executor.py:1055]     self._dummy_run(mc2_tokens_capacity, skip_attn=True, skip_eplb=True, is_profile=True)
(Worker_DP1_PP1_TP0_EP8 pid=70381) ERROR 09-15 00:47:03 [multiproc_executor.py:1055]   File "/home/w00985415/proj_0825/deps/vllm-ascend/vllm_ascend/worker/v2/model_runner.py", line 647, in _dummy_run
(Worker_DP1_PP1_TP0_EP8 pid=70381) ERROR 09-15 00:47:03 [multiproc_executor.py:1055]     hidden_states, sample_hidden_states = super()._dummy_run(
(Worker_DP1_PP1_TP0_EP8 pid=70381) ERROR 09-15 00:47:03 [multiproc_executor.py:1055]                                           ^^^^^^^^^^^^^^^^^^^
(Worker_DP1_PP1_TP0_EP8 pid=70381) ERROR 09-15 00:47:03 [multiproc_executor.py:1055]   File "/usr/local/python3.11.10/lib/python3.11/site-packages/torch/utils/_contextlib.py", line 124, in decorate_context
(Worker_DP1_PP1_TP0_EP8 pid=70381) ERROR 09-15 00:47:03 [multiproc_executor.py:1055]     return func(*args, **kwargs)
(Worker_DP1_PP1_TP0_EP8 pid=70381) ERROR 09-15 00:47:03 [multiproc_executor.py:1055]            ^^^^^^^^^^^^^^^^^^^^^
(Worker_DP1_PP1_TP0_EP8 pid=70381) ERROR 09-15 00:47:03 [multiproc_executor.py:1055]   File "/home/w00985415/proj_0825/deps/vllm/vllm/v1/worker/gpu/eplb_utils.py", line 27, in wrapper
(Worker_DP1_PP1_TP0_EP8 pid=70381) ERROR 09-15 00:47:03 [multiproc_executor.py:1055]     result = fn(self, *args, **kwargs)
(Worker_DP1_PP1_TP0_EP8 pid=70381) ERROR 09-15 00:47:03 [multiproc_executor.py:1055]              ^^^^^^^^^^^^^^^^^^^^^^^^^
(Worker_DP1_PP1_TP0_EP8 pid=70381) ERROR 09-15 00:47:03 [multiproc_executor.py:1055]   File "/home/w00985415/proj_0825/deps/vllm/vllm/v1/worker/gpu/model_runner.py", line 786, in _dummy_run
(Worker_DP1_PP1_TP0_EP8 pid=70381) ERROR 09-15 00:47:03 [multiproc_executor.py:1055]     self.execute_model(
(Worker_DP1_PP1_TP0_EP8 pid=70381) ERROR 09-15 00:47:03 [multiproc_executor.py:1055]   File "/usr/local/python3.11.10/lib/python3.11/site-packages/torch/utils/_contextlib.py", line 124, in decorate_context
(Worker_DP1_PP1_TP0_EP8 pid=70381) ERROR 09-15 00:47:03 [multiproc_executor.py:1055]     return func(*args, **kwargs)
(Worker_DP1_PP1_TP0_EP8 pid=70381) ERROR 09-15 00:47:03 [multiproc_executor.py:1055]            ^^^^^^^^^^^^^^^^^^^^^
(Worker_DP1_PP1_TP0_EP8 pid=70381) ERROR 09-15 00:47:03 [multiproc_executor.py:1055]   File "/home/w00985415/proj_0825/deps/vllm-ascend/vllm_ascend/worker/v2/model_runner.py", line 280, in execute_model
(Worker_DP1_PP1_TP0_EP8 pid=70381) ERROR 09-15 00:47:03 [multiproc_executor.py:1055]     output = super().execute_model(
(Worker_DP1_PP1_TP0_EP8 pid=70381) ERROR 09-15 00:47:03 [multiproc_executor.py:1055]              ^^^^^^^^^^^^^^^^^^^^^^
(Worker_DP1_PP1_TP0_EP8 pid=70381) ERROR 09-15 00:47:03 [multiproc_executor.py:1055]   File "/usr/local/python3.11.10/lib/python3.11/site-packages/torch/utils/_contextlib.py", line 124, in decorate_context
(Worker_DP1_PP1_TP0_EP8 pid=70381) ERROR 09-15 00:47:03 [multiproc_executor.py:1055]     return func(*args, **kwargs)
(Worker_DP1_PP1_TP0_EP8 pid=70381) ERROR 09-15 00:47:03 [multiproc_executor.py:1055]            ^^^^^^^^^^^^^^^^^^^^^
(Worker_DP1_PP1_TP0_EP8 pid=70381) ERROR 09-15 00:47:03 [multiproc_executor.py:1055]   File "/home/w00985415/proj_0825/deps/vllm/vllm/v1/worker/gpu/model_runner.py", line 1849, in execute_model
(Worker_DP1_PP1_TP0_EP8 pid=70381) ERROR 09-15 00:47:03 [multiproc_executor.py:1055]     model_output = self.model(**model_inputs)
(Worker_DP1_PP1_TP0_EP8 pid=70381) ERROR 09-15 00:47:03 [multiproc_executor.py:1055]                    ^^^^^^^^^^^^^^^^^^^^^^^^^^
(Worker_DP1_PP1_TP0_EP8 pid=70381) ERROR 09-15 00:47:03 [multiproc_executor.py:1055]   File "/usr/local/python3.11.10/lib/python3.11/site-packages/torch/nn/modules/module.py", line 1776, in _wrapped_call_impl
(Worker_DP1_PP1_TP0_EP8 pid=70381) ERROR 09-15 00:47:03 [multiproc_executor.py:1055]     return self._call_impl(*args, **kwargs)
(Worker_DP1_PP1_TP0_EP8 pid=70381) ERROR 09-15 00:47:03 [multiproc_executor.py:1055]            ^^^^^^^^^^^^^^^^^^^^^^^^^^^^^^^^
(Worker_DP1_PP1_TP0_EP8 pid=70381) ERROR 09-15 00:47:03 [multiproc_executor.py:1055]   File "/usr/local/python3.11.10/lib/python3.11/site-packages/torch/nn/modules/module.py", line 1787, in _call_impl
(Worker_DP1_PP1_TP0_EP8 pid=70381) ERROR 09-15 00:47:03 [multiproc_executor.py:1055]     return forward_call(*args, **kwargs)
(Worker_DP1_PP1_TP0_EP8 pid=70381) ERROR 09-15 00:47:03 [multiproc_executor.py:1055]            ^^^^^^^^^^^^^^^^^^^^^^^^^^^^^
(Worker_DP1_PP1_TP0_EP8 pid=70381) ERROR 09-15 00:47:03 [multiproc_executor.py:1055]   File "/home/w00985415/proj_0825/deps/vllm-ascend/vllm_ascend/models/deepseek_v4/model.py", line 1098, in forward
(Worker_DP1_PP1_TP0_EP8 pid=70381) ERROR 09-15 00:47:03 [multiproc_executor.py:1055]     hidden_states = self.model(input_ids, positions, intermediate_tensors, inputs_embeds)
(Worker_DP1_PP1_TP0_EP8 pid=70381) ERROR 09-15 00:47:03 [multiproc_executor.py:1055]                     ^^^^^^^^^^^^^^^^^^^^^^^^^^^^^^^^^^^^^^^^^^^^^^^^^^^^^^^^^^^^^^^^^^^^^
(Worker_DP1_PP1_TP0_EP8 pid=70381) ERROR 09-15 00:47:03 [multiproc_executor.py:1055]   File "/home/w00985415/proj_0825/deps/vllm/vllm/compilation/decorators.py", line 509, in __call__
(Worker_DP1_PP1_TP0_EP8 pid=70381) ERROR 09-15 00:47:03 [multiproc_executor.py:1055]     return self.forward(*args, **kwargs)
(Worker_DP1_PP1_TP0_EP8 pid=70381) ERROR 09-15 00:47:03 [multiproc_executor.py:1055]            ^^^^^^^^^^^^^^^^^^^^^^^^^^^^^
(Worker_DP1_PP1_TP0_EP8 pid=70381) ERROR 09-15 00:47:03 [multiproc_executor.py:1055]   File "/home/w00985415/proj_0825/deps/vllm-ascend/vllm_ascend/models/deepseek_v4/model.py", line 940, in forward
(Worker_DP1_PP1_TP0_EP8 pid=70381) ERROR 09-15 00:47:03 [multiproc_executor.py:1055]     input_ids = sp_shard(input_ids)  # TODO: support PP with dsacp.
(Worker_DP1_PP1_TP0_EP8 pid=70381) ERROR 09-15 00:47:03 [multiproc_executor.py:1055]                 ^^^^^^^^^^^^^^^^^^^
(Worker_DP1_PP1_TP0_EP8 pid=70381) ERROR 09-15 00:47:03 [multiproc_executor.py:1055]   File "/home/w00985415/proj_0825/deps/vllm-ascend/vllm_ascend/models/common/ops/sequence_parallel.py", line 44, in sp_shard
(Worker_DP1_PP1_TP0_EP8 pid=70381) ERROR 09-15 00:47:03 [multiproc_executor.py:1055]     sp_pad = (-x.shape[0]) % tp_size
(Worker_DP1_PP1_TP0_EP8 pid=70381) ERROR 09-15 00:47:03 [multiproc_executor.py:1055]                ^^^^^^^
(Worker_DP1_PP1_TP0_EP8 pid=70381) ERROR 09-15 00:47:03 [multiproc_executor.py:1055] AttributeError: 'NoneType' object has no attribute 'shape'
(Worker_DP1_PP1_TP0_EP8 pid=70381) ERROR 09-15 00:47:03 [multiproc_executor.py:1055] Traceback (most recent call last):
(Worker_DP1_PP1_TP0_EP8 pid=70381) ERROR 09-15 00:47:03 [multiproc_executor.py:1055]   File "/home/w00985415/proj_0825/deps/vllm/vllm/v1/executor/multiproc_executor.py", line 1047, in _execute_worker_rpc
(Worker_DP1_PP1_TP0_EP8 pid=70381) ERROR 09-15 00:47:03 [multiproc_executor.py:1055]     output = func(*args, **kwargs)
(Worker_DP1_PP1_TP0_EP8 pid=70381) ERROR 09-15 00:47:03 [multiproc_executor.py:1055]              ^^^^^^^^^^^^^^^^^^^^^
(Worker_DP1_PP1_TP0_EP8 pid=70381) ERROR 09-15 00:47:03 [multiproc_executor.py:1055]   File "/usr/local/python3.11.10/lib/python3.11/site-packages/torch/utils/_contextlib.py", line 124, in decorate_context
(Worker_DP1_PP1_TP0_EP8 pid=70381) ERROR 09-15 00:47:03 [multiproc_executor.py:1055]     return func(*args, **kwargs)
(Worker_DP1_PP1_TP0_EP8 pid=70381) ERROR 09-15 00:47:03 [multiproc_executor.py:1055]            ^^^^^^^^^^^^^^^^^^^^^
(Worker_DP1_PP1_TP0_EP8 pid=70381) ERROR 09-15 00:47:03 [multiproc_executor.py:1055]   File "/home/w00985415/proj_0825/deps/vllm-ascend/vllm_ascend/worker/worker.py", line 600, in determine_available_memory
(Worker_DP1_PP1_TP0_EP8 pid=70381) ERROR 09-15 00:47:03 [multiproc_executor.py:1055]     self.model_runner.profile_run()
(Worker_DP1_PP1_TP0_EP8 pid=70381) ERROR 09-15 00:47:03 [multiproc_executor.py:1055]   File "/usr/local/python3.11.10/lib/python3.11/site-packages/torch/utils/_contextlib.py", line 124, in decorate_context
(Worker_DP1_PP1_TP0_EP8 pid=70381) ERROR 09-15 00:47:03 [multiproc_executor.py:1055]     return func(*args, **kwargs)
(Worker_DP1_PP1_TP0_EP8 pid=70381) ERROR 09-15 00:47:03 [multiproc_executor.py:1055]            ^^^^^^^^^^^^^^^^^^^^^
(Worker_DP1_PP1_TP0_EP8 pid=70381) ERROR 09-15 00:47:03 [multiproc_executor.py:1055]   File "/home/w00985415/proj_0825/deps/vllm-ascend/vllm_ascend/worker/v2/model_runner.py", line 315, in profile_run
(Worker_DP1_PP1_TP0_EP8 pid=70381) ERROR 09-15 00:47:03 [multiproc_executor.py:1055]     self._dummy_run(mc2_tokens_capacity, skip_attn=True, skip_eplb=True, is_profile=True)
(Worker_DP1_PP1_TP0_EP8 pid=70381) ERROR 09-15 00:47:03 [multiproc_executor.py:1055]   File "/home/w00985415/proj_0825/deps/vllm-ascend/vllm_ascend/worker/v2/model_runner.py", line 647, in _dummy_run
(Worker_DP1_PP1_TP0_EP8 pid=70381) ERROR 09-15 00:47:03 [multiproc_executor.py:1055]     hidden_states, sample_hidden_states = super()._dummy_run(
(Worker_DP1_PP1_TP0_EP8 pid=70381) ERROR 09-15 00:47:03 [multiproc_executor.py:1055]                                           ^^^^^^^^^^^^^^^^^^^
(Worker_DP1_PP1_TP0_EP8 pid=70381) ERROR 09-15 00:47:03 [multiproc_executor.py:1055]   File "/usr/local/python3.11.10/lib/python3.11/site-packages/torch/utils/_contextlib.py", line 124, in decorate_context
(Worker_DP1_PP1_TP0_EP8 pid=70381) ERROR 09-15 00:47:03 [multiproc_executor.py:1055]     return func(*args, **kwargs)
(Worker_DP1_PP1_TP0_EP8 pid=70381) ERROR 09-15 00:47:03 [multiproc_executor.py:1055]            ^^^^^^^^^^^^^^^^^^^^^
(Worker_DP1_PP1_TP0_EP8 pid=70381) ERROR 09-15 00:47:03 [multiproc_executor.py:1055]   File "/home/w00985415/proj_0825/deps/vllm/vllm/v1/worker/gpu/eplb_utils.py", line 27, in wrapper
(Worker_DP1_PP1_TP0_EP8 pid=70381) ERROR 09-15 00:47:03 [multiproc_executor.py:1055]     result = fn(self, *args, **kwargs)
(Worker_DP1_PP1_TP0_EP8 pid=70381) ERROR 09-15 00:47:03 [multiproc_executor.py:1055]              ^^^^^^^^^^^^^^^^^^^^^^^^^
(Worker_DP1_PP1_TP0_EP8 pid=70381) ERROR 09-15 00:47:03 [multiproc_executor.py:1055]   File "/home/w00985415/proj_0825/deps/vllm/vllm/v1/worker/gpu/model_runner.py", line 786, in _dummy_run
(Worker_DP1_PP1_TP0_EP8 pid=70381) ERROR 09-15 00:47:03 [multiproc_executor.py:1055]     self.execute_model(
(Worker_DP1_PP1_TP0_EP8 pid=70381) ERROR 09-15 00:47:03 [multiproc_executor.py:1055]   File "/usr/local/python3.11.10/lib/python3.11/site-packages/torch/utils/_contextlib.py", line 124, in decorate_context
(Worker_DP1_PP1_TP0_EP8 pid=70381) ERROR 09-15 00:47:03 [multiproc_executor.py:1055]     return func(*args, **kwargs)
(Worker_DP1_PP1_TP0_EP8 pid=70381) ERROR 09-15 00:47:03 [multiproc_executor.py:1055]            ^^^^^^^^^^^^^^^^^^^^^
(Worker_DP1_PP1_TP0_EP8 pid=70381) ERROR 09-15 00:47:03 [multiproc_executor.py:1055]   File "/home/w00985415/proj_0825/deps/vllm-ascend/vllm_ascend/worker/v2/model_runner.py", line 280, in execute_model
(Worker_DP1_PP1_TP0_EP8 pid=70381) ERROR 09-15 00:47:03 [multiproc_executor.py:1055]     output = super().execute_model(
(Worker_DP1_PP1_TP0_EP8 pid=70381) ERROR 09-15 00:47:03 [multiproc_executor.py:1055]              ^^^^^^^^^^^^^^^^^^^^^^
(Worker_DP1_PP1_TP0_EP8 pid=70381) ERROR 09-15 00:47:03 [multiproc_executor.py:1055]   File "/usr/local/python3.11.10/lib/python3.11/site-packages/torch/utils/_contextlib.py", line 124, in decorate_context
(Worker_DP1_PP1_TP0_EP8 pid=70381) ERROR 09-15 00:47:03 [multiproc_executor.py:1055]     return func(*args, **kwargs)
(Worker_DP1_PP1_TP0_EP8 pid=70381) ERROR 09-15 00:47:03 [multiproc_executor.py:1055]            ^^^^^^^^^^^^^^^^^^^^^
(Worker_DP1_PP1_TP0_EP8 pid=70381) ERROR 09-15 00:47:03 [multiproc_executor.py:1055]   File "/home/w00985415/proj_0825/deps/vllm/vllm/v1/worker/gpu/model_runner.py", line 1849, in execute_model
(Worker_DP1_PP1_TP0_EP8 pid=70381) ERROR 09-15 00:47:03 [multiproc_executor.py:1055]     model_output = self.model(**model_inputs)
(Worker_DP1_PP1_TP0_EP8 pid=70381) ERROR 09-15 00:47:03 [multiproc_executor.py:1055]                    ^^^^^^^^^^^^^^^^^^^^^^^^^^
(Worker_DP1_PP1_TP0_EP8 pid=70381) ERROR 09-15 00:47:03 [multiproc_executor.py:1055]   File "/usr/local/python3.11.10/lib/python3.11/site-packages/torch/nn/modules/module.py", line 1776, in _wrapped_call_impl
(Worker_DP1_PP1_TP0_EP8 pid=70381) ERROR 09-15 00:47:03 [multiproc_executor.py:1055]     return self._call_impl(*args, **kwargs)
(Worker_DP1_PP1_TP0_EP8 pid=70381) ERROR 09-15 00:47:03 [multiproc_executor.py:1055]            ^^^^^^^^^^^^^^^^^^^^^^^^^^^^^^^^
(Worker_DP1_PP1_TP0_EP8 pid=70381) ERROR 09-15 00:47:03 [multiproc_executor.py:1055]   File "/usr/local/python3.11.10/lib/python3.11/site-packages/torch/nn/modules/module.py", line 1787, in _call_impl
(Worker_DP1_PP1_TP0_EP8 pid=70381) ERROR 09-15 00:47:03 [multiproc_executor.py:1055]     return forward_call(*args, **kwargs)
(Worker_DP1_PP1_TP0_EP8 pid=70381) ERROR 09-15 00:47:03 [multiproc_executor.py:1055]            ^^^^^^^^^^^^^^^^^^^^^^^^^^^^^
(Worker_DP1_PP1_TP0_EP8 pid=70381) ERROR 09-15 00:47:03 [multiproc_executor.py:1055]   File "/home/w00985415/proj_0825/deps/vllm-ascend/vllm_ascend/models/deepseek_v4/model.py", line 1098, in forward
(Worker_DP1_PP1_TP0_EP8 pid=70381) ERROR 09-15 00:47:03 [multiproc_executor.py:1055]     hidden_states = self.model(input_ids, positions, intermediate_tensors, inputs_embeds)
(Worker_DP1_PP1_TP0_EP8 pid=70381) ERROR 09-15 00:47:03 [multiproc_executor.py:1055]                     ^^^^^^^^^^^^^^^^^^^^^^^^^^^^^^^^^^^^^^^^^^^^^^^^^^^^^^^^^^^^^^^^^^^^^
(Worker_DP1_PP1_TP0_EP8 pid=70381) ERROR 09-15 00:47:03 [multiproc_executor.py:1055]   File "/home/w00985415/proj_0825/deps/vllm/vllm/compilation/decorators.py", line 509, in __call__
(Worker_DP1_PP1_TP0_EP8 pid=70381) ERROR 09-15 00:47:03 [multiproc_executor.py:1055]     return self.forward(*args, **kwargs)
(Worker_DP1_PP1_TP0_EP8 pid=70381) ERROR 09-15 00:47:03 [multiproc_executor.py:1055]            ^^^^^^^^^^^^^^^^^^^^^^^^^^^^^
(Worker_DP1_PP1_TP0_EP8 pid=70381) ERROR 09-15 00:47:03 [multiproc_executor.py:1055]   File "/home/w00985415/proj_0825/deps/vllm-ascend/vllm_ascend/models/deepseek_v4/model.py", line 940, in forward
(Worker_DP1_PP1_TP0_EP8 pid=70381) ERROR 09-15 00:47:03 [multiproc_executor.py:1055]     input_ids = sp_shard(input_ids)  # TODO: support PP with dsacp.
(Worker_DP1_PP1_TP0_EP8 pid=70381) ERROR 09-15 00:47:03 [multiproc_executor.py:1055]                 ^^^^^^^^^^^^^^^^^^^
(Worker_DP1_PP1_TP0_EP8 pid=70381) ERROR 09-15 00:47:03 [multiproc_executor.py:1055]   File "/home/w00985415/proj_0825/deps/vllm-ascend/vllm_ascend/models/common/ops/sequence_parallel.py", line 44, in sp_shard
(Worker_DP1_PP1_TP0_EP8 pid=70381) ERROR 09-15 00:47:03 [multiproc_executor.py:1055]     sp_pad = (-x.shape[0]) % tp_size
(Worker_DP1_PP1_TP0_EP8 pid=70381) ERROR 09-15 00:47:03 [multiproc_executor.py:1055]                ^^^^^^^
(Worker_DP1_PP1_TP0_EP8 pid=70381) ERROR 09-15 00:47:03 [multiproc_executor.py:1055] AttributeError: 'NoneType' object has no attribute 'shape'
(Worker_DP1_PP1_TP0_EP8 pid=70381) ERROR 09-15 00:47:03 [multiproc_executor.py:1055] 
INFO 09-15 00:47:36 [multiproc_executor.py:472] [shutdown] Executor: waiting for worker exit count=8
INFO 09-15 00:47:36 [multiproc_executor.py:472] [shutdown] Executor: waiting for worker exit count=8
(Worker_DP0_PP1_TP5_EP5 pid=71054) Exception in thread Thread-1:
(Worker_DP0_PP1_TP5_EP5 pid=71054) Traceback (most recent call last):
(Worker_DP0_PP1_TP5_EP5 pid=71054)   File "/usr/local/python3.11.10/lib/python3.11/threading.py", line 1045, in _bootstrap_inner
(Worker_DP0_PP1_TP5_EP5 pid=71054)     self.run()
(Worker_DP0_PP1_TP5_EP5 pid=71054)   File "/usr/local/Ascend/ascend-toolkit/latest/python/site-packages/tbe/common/repository_manager/utils/multiprocess_util.py", line 68, in run
(Worker_DP0_PP1_TP5_EP5 pid=71054)     item = self.task_q.get()
(Worker_DP0_PP1_TP5_EP5 pid=71054)            ^^^^^^^^^^^^^^^^^
(Worker_DP0_PP1_TP5_EP5 pid=71054)   File "<string>", line 2, in get
(Worker_DP0_PP1_TP5_EP5 pid=71054)   File "/usr/local/python3.11.10/lib/python3.11/multiprocessing/managers.py", line 822, in _callmethod
(Worker_DP0_PP1_TP5_EP5 pid=71054)     kind, result = conn.recv()
(Worker_DP0_PP1_TP5_EP5 pid=71054)                    ^^^^^^^^^^^
(Worker_DP0_PP1_TP5_EP5 pid=71054)   File "/usr/local/python3.11.10/lib/python3.11/multiprocessing/connection.py", line 250, in recv
(Worker_DP0_PP1_TP5_EP5 pid=71054)     buf = self._recv_bytes()
(Worker_DP0_PP1_TP5_EP5 pid=71054)           ^^^^^^^^^^^^^^^^^^
(Worker_DP0_PP1_TP5_EP5 pid=71054)   File "/usr/local/python3.11.10/lib/python3.11/multiprocessing/connection.py", line 430, in _recv_bytes
(Worker_DP0_PP1_TP5_EP5 pid=71054)     buf = self._recv(4)
(Worker_DP0_PP1_TP5_EP5 pid=71054)           ^^^^^^^^^^^^^
(Worker_DP0_PP1_TP5_EP5 pid=71054)   File "/usr/local/python3.11.10/lib/python3.11/multiprocessing/connection.py", line 399, in _recv
(Worker_DP0_PP1_TP5_EP5 pid=71054)     raise EOFError
(Worker_DP0_PP1_TP5_EP5 pid=71054) EOFError
(Worker_DP0_PP1_TP1_EP1 pid=70477) Exception in thread Thread-1:
(Worker_DP0_PP1_TP1_EP1 pid=70477) Traceback (most recent call last):
(Worker_DP0_PP1_TP1_EP1 pid=70477)   File "/usr/local/python3.11.10/lib/python3.11/threading.py", line 1045, in _bootstrap_inner
(Worker_DP0_PP1_TP1_EP1 pid=70477)     self.run()
(Worker_DP0_PP1_TP1_EP1 pid=70477)   File "/usr/local/Ascend/ascend-toolkit/latest/python/site-packages/tbe/common/repository_manager/utils/multiprocess_util.py", line 68, in run
(Worker_DP0_PP1_TP1_EP1 pid=70477)     item = self.task_q.get()
(Worker_DP0_PP1_TP1_EP1 pid=70477)            ^^^^^^^^^^^^^^^^^
(Worker_DP0_PP1_TP1_EP1 pid=70477)   File "<string>", line 2, in get
(Worker_DP0_PP1_TP1_EP1 pid=70477)   File "/usr/local/python3.11.10/lib/python3.11/multiprocessing/managers.py", line 822, in _callmethod
(Worker_DP0_PP1_TP1_EP1 pid=70477)     kind, result = conn.recv()
(Worker_DP0_PP1_TP1_EP1 pid=70477)                    ^^^^^^^^^^^
(Worker_DP0_PP1_TP1_EP1 pid=70477)   File "/usr/local/python3.11.10/lib/python3.11/multiprocessing/connection.py", line 250, in recv
(Worker_DP0_PP1_TP1_EP1 pid=70477)     buf = self._recv_bytes()
(Worker_DP0_PP1_TP1_EP1 pid=70477)           ^^^^^^^^^^^^^^^^^^
(Worker_DP0_PP1_TP1_EP1 pid=70477)   File "/usr/local/python3.11.10/lib/python3.11/multiprocessing/connection.py", line 430, in _recv_bytes
(Worker_DP0_PP1_TP1_EP1 pid=70477)     buf = self._recv(4)
(Worker_DP0_PP1_TP1_EP1 pid=70477)           ^^^^^^^^^^^^^
(Worker_DP0_PP1_TP1_EP1 pid=70477)   File "/usr/local/python3.11.10/lib/python3.11/multiprocessing/connection.py", line 399, in _recv
(Worker_DP0_PP1_TP1_EP1 pid=70477)     raise EOFError
(Worker_DP0_PP1_TP1_EP1 pid=70477) EOFError
(Worker_DP1_PP1_TP1_EP9 pid=70475) Exception in thread Thread-1:
(Worker_DP1_PP1_TP1_EP9 pid=70475) Traceback (most recent call last):
(Worker_DP1_PP1_TP1_EP9 pid=70475)   File "/usr/local/python3.11.10/lib/python3.11/threading.py", line 1045, in _bootstrap_inner
(Worker_DP1_PP1_TP6_EP14 pid=71208) Exception in thread Thread-1:
(Worker_DP1_PP1_TP6_EP14 pid=71208) Traceback (most recent call last):
(Worker_DP1_PP1_TP6_EP14 pid=71208)   File "/usr/local/python3.11.10/lib/python3.11/threading.py", line 1045, in _bootstrap_inner
(Worker_DP1_PP1_TP1_EP9 pid=70475)     self.run()
(Worker_DP1_PP1_TP6_EP14 pid=71208)     self.run()
(Worker_DP1_PP1_TP1_EP9 pid=70475)   File "/usr/local/Ascend/ascend-toolkit/latest/python/site-packages/tbe/common/repository_manager/utils/multiprocess_util.py", line 68, in run
(Worker_DP1_PP1_TP6_EP14 pid=71208)   File "/usr/local/Ascend/ascend-toolkit/latest/python/site-packages/tbe/common/repository_manager/utils/multiprocess_util.py", line 68, in run
(Worker_DP1_PP1_TP1_EP9 pid=70475)     item = self.task_q.get()
(Worker_DP1_PP1_TP1_EP9 pid=70475)            ^^^^^^^^^^^^^^^^^
(Worker_DP1_PP1_TP1_EP9 pid=70475)   File "<string>", line 2, in get
(Worker_DP1_PP1_TP1_EP9 pid=70475)   File "/usr/local/python3.11.10/lib/python3.11/multiprocessing/managers.py", line 822, in _callmethod
(Worker_DP1_PP1_TP6_EP14 pid=71208)     item = self.task_q.get()
(Worker_DP1_PP1_TP6_EP14 pid=71208)            ^^^^^^^^^^^^^^^^^
(Worker_DP1_PP1_TP6_EP14 pid=71208)   File "<string>", line 2, in get
(Worker_DP1_PP1_TP6_EP14 pid=71208)   File "/usr/local/python3.11.10/lib/python3.11/multiprocessing/managers.py", line 822, in _callmethod
(Worker_DP1_PP1_TP1_EP9 pid=70475)     kind, result = conn.recv()
(Worker_DP1_PP1_TP1_EP9 pid=70475)                    ^^^^^^^^^^^
(Worker_DP1_PP1_TP1_EP9 pid=70475)   File "/usr/local/python3.11.10/lib/python3.11/multiprocessing/connection.py", line 250, in recv
(Worker_DP1_PP1_TP1_EP9 pid=70475)     buf = self._recv_bytes()
(Worker_DP1_PP1_TP6_EP14 pid=71208)     kind, result = conn.recv()
(Worker_DP1_PP1_TP1_EP9 pid=70475)           ^^^^^^^^^^^^^^^^^^
(Worker_DP1_PP1_TP6_EP14 pid=71208)                    ^^^^^^^^^^^
(Worker_DP1_PP1_TP1_EP9 pid=70475)   File "/usr/local/python3.11.10/lib/python3.11/multiprocessing/connection.py", line 430, in _recv_bytes
(Worker_DP1_PP1_TP6_EP14 pid=71208)   File "/usr/local/python3.11.10/lib/python3.11/multiprocessing/connection.py", line 250, in recv
(Worker_DP1_PP1_TP1_EP9 pid=70475)     buf = self._recv(4)
(Worker_DP1_PP1_TP1_EP9 pid=70475)           ^^^^^^^^^^^^^
(Worker_DP1_PP1_TP6_EP14 pid=71208)     buf = self._recv_bytes()
(Worker_DP1_PP1_TP1_EP9 pid=70475)   File "/usr/local/python3.11.10/lib/python3.11/multiprocessing/connection.py", line 399, in _recv
(Worker_DP1_PP1_TP6_EP14 pid=71208)           ^^^^^^^^^^^^^^^^^^
(Worker_DP1_PP1_TP6_EP14 pid=71208)   File "/usr/local/python3.11.10/lib/python3.11/multiprocessing/connection.py", line 430, in _recv_bytes
(Worker_DP1_PP1_TP1_EP9 pid=70475)     raise EOFError
(Worker_DP1_PP1_TP1_EP9 pid=70475) EOFError
(Worker_DP1_PP1_TP6_EP14 pid=71208)     buf = self._recv(4)
(Worker_DP1_PP1_TP6_EP14 pid=71208)           ^^^^^^^^^^^^^
(Worker_DP1_PP1_TP6_EP14 pid=71208)   File "/usr/local/python3.11.10/lib/python3.11/multiprocessing/connection.py", line 399, in _recv
(Worker_DP1_PP1_TP6_EP14 pid=71208)     raise EOFError
(Worker_DP1_PP1_TP6_EP14 pid=71208) EOFError
(Worker_DP1_PP1_TP0_EP8 pid=70381) INFO 09-15 00:47:37 [multiproc_executor.py:836] Parent process exited, terminating worker queues
(Worker_DP1_PP1_TP0_EP8 pid=70381) Exception in thread Thread-1:
(Worker_DP1_PP1_TP0_EP8 pid=70381) Traceback (most recent call last):
(Worker_DP1_PP1_TP0_EP8 pid=70381)   File "/usr/local/python3.11.10/lib/python3.11/threading.py", line 1045, in _bootstrap_inner
(Worker_DP1_PP1_TP0_EP8 pid=70381)     self.run()
(Worker_DP1_PP1_TP0_EP8 pid=70381)   File "/usr/local/Ascend/ascend-toolkit/latest/python/site-packages/tbe/common/repository_manager/utils/multiprocess_util.py", line 68, in run
(Worker_DP1_PP1_TP0_EP8 pid=70381)     item = self.task_q.get()
(Worker_DP1_PP1_TP0_EP8 pid=70381)            ^^^^^^^^^^^^^^^^^
(Worker_DP1_PP1_TP0_EP8 pid=70381)   File "<string>", line 2, in get
(Worker_DP1_PP1_TP0_EP8 pid=70381)   File "/usr/local/python3.11.10/lib/python3.11/multiprocessing/managers.py", line 822, in _callmethod
(Worker_DP1_PP1_TP0_EP8 pid=70381)     kind, result = conn.recv()
(Worker_DP1_PP1_TP0_EP8 pid=70381)                    ^^^^^^^^^^^
(Worker_DP1_PP1_TP0_EP8 pid=70381)   File "/usr/local/python3.11.10/lib/python3.11/multiprocessing/connection.py", line 250, in recv
(Worker_DP1_PP1_TP0_EP8 pid=70381)     buf = self._recv_bytes()
(Worker_DP1_PP1_TP0_EP8 pid=70381)           ^^^^^^^^^^^^^^^^^^
(Worker_DP1_PP1_TP0_EP8 pid=70381)   File "/usr/local/python3.11.10/lib/python3.11/multiprocessing/connection.py", line 430, in _recv_bytes
(Worker_DP1_PP1_TP0_EP8 pid=70381)     buf = self._recv(4)
(Worker_DP1_PP1_TP0_EP8 pid=70381)           ^^^^^^^^^^^^^
(Worker_DP1_PP1_TP0_EP8 pid=70381)   File "/usr/local/python3.11.10/lib/python3.11/multiprocessing/connection.py", line 399, in _recv
(Worker_DP1_PP1_TP0_EP8 pid=70381)     raise EOFError
(Worker_DP1_PP1_TP0_EP8 pid=70381) EOFError
(Worker_DP1_PP1_TP5_EP13 pid=71042) Exception in thread Thread-1:
(Worker_DP1_PP1_TP5_EP13 pid=71042) Traceback (most recent call last):
(Worker_DP1_PP1_TP5_EP13 pid=71042)   File "/usr/local/python3.11.10/lib/python3.11/threading.py", line 1045, in _bootstrap_inner
(Worker_DP1_PP1_TP5_EP13 pid=71042)     self.run()
(Worker_DP1_PP1_TP5_EP13 pid=71042)   File "/usr/local/Ascend/ascend-toolkit/latest/python/site-packages/tbe/common/repository_manager/utils/multiprocess_util.py", line 68, in run
(Worker_DP1_PP1_TP5_EP13 pid=71042)     item = self.task_q.get()
(Worker_DP1_PP1_TP5_EP13 pid=71042)            ^^^^^^^^^^^^^^^^^
(Worker_DP1_PP1_TP5_EP13 pid=71042)   File "<string>", line 2, in get
(Worker_DP1_PP1_TP5_EP13 pid=71042)   File "/usr/local/python3.11.10/lib/python3.11/multiprocessing/managers.py", line 822, in _callmethod
(Worker_DP1_PP1_TP5_EP13 pid=71042)     kind, result = conn.recv()
(Worker_DP1_PP1_TP5_EP13 pid=71042)                    ^^^^^^^^^^^
(Worker_DP1_PP1_TP5_EP13 pid=71042)   File "/usr/local/python3.11.10/lib/python3.11/multiprocessing/connection.py", line 250, in recv
(Worker_DP1_PP1_TP5_EP13 pid=71042)     buf = self._recv_bytes()
(Worker_DP1_PP1_TP5_EP13 pid=71042)           ^^^^^^^^^^^^^^^^^^
(Worker_DP1_PP1_TP5_EP13 pid=71042)   File "/usr/local/python3.11.10/lib/python3.11/multiprocessing/connection.py", line 430, in _recv_bytes
(Worker_DP1_PP1_TP5_EP13 pid=71042)     buf = self._recv(4)
(Worker_DP1_PP1_TP5_EP13 pid=71042)           ^^^^^^^^^^^^^
(Worker_DP1_PP1_TP5_EP13 pid=71042)   File "/usr/local/python3.11.10/lib/python3.11/multiprocessing/connection.py", line 399, in _recv
(Worker_DP1_PP1_TP5_EP13 pid=71042)     raise EOFError
(Worker_DP1_PP1_TP5_EP13 pid=71042) EOFError
(Worker_DP0_PP1_TP6_EP6 pid=71220) Exception in thread Thread-1:
(Worker_DP0_PP1_TP6_EP6 pid=71220) Traceback (most recent call last):
(Worker_DP0_PP1_TP6_EP6 pid=71220)   File "/usr/local/python3.11.10/lib/python3.11/threading.py", line 1045, in _bootstrap_inner
(Worker_DP0_PP1_TP6_EP6 pid=71220)     self.run()
(Worker_DP0_PP1_TP6_EP6 pid=71220)   File "/usr/local/Ascend/ascend-toolkit/latest/python/site-packages/tbe/common/repository_manager/utils/multiprocess_util.py", line 68, in run
(Worker_DP0_PP1_TP6_EP6 pid=71220)     item = self.task_q.get()
(Worker_DP0_PP1_TP6_EP6 pid=71220)            ^^^^^^^^^^^^^^^^^
(Worker_DP0_PP1_TP6_EP6 pid=71220)   File "<string>", line 2, in get
(Worker_DP0_PP1_TP6_EP6 pid=71220)   File "/usr/local/python3.11.10/lib/python3.11/multiprocessing/managers.py", line 822, in _callmethod
(Worker_DP0_PP1_TP6_EP6 pid=71220)     kind, result = conn.recv()
(Worker_DP0_PP1_TP6_EP6 pid=71220)                    ^^^^^^^^^^^
(Worker_DP0_PP1_TP6_EP6 pid=71220)   File "/usr/local/python3.11.10/lib/python3.11/multiprocessing/connection.py", line 250, in recv
(Worker_DP0_PP1_TP6_EP6 pid=71220)     buf = self._recv_bytes()
(Worker_DP0_PP1_TP6_EP6 pid=71220)           ^^^^^^^^^^^^^^^^^^
(Worker_DP0_PP1_TP6_EP6 pid=71220)   File "/usr/local/python3.11.10/lib/python3.11/multiprocessing/connection.py", line 430, in _recv_bytes
(Worker_DP0_PP1_TP6_EP6 pid=71220)     buf = self._recv(4)
(Worker_DP0_PP1_TP6_EP6 pid=71220)           ^^^^^^^^^^^^^
(Worker_DP0_PP1_TP6_EP6 pid=71220)   File "/usr/local/python3.11.10/lib/python3.11/multiprocessing/connection.py", line 399, in _recv
(Worker_DP0_PP1_TP6_EP6 pid=71220)     raise EOFError
(Worker_DP0_PP1_TP6_EP6 pid=71220) EOFError
(Worker_DP1_PP1_TP7_EP15 pid=71360) Exception in thread Thread-1:
(Worker_DP1_PP1_TP7_EP15 pid=71360) Traceback (most recent call last):
(Worker_DP1_PP1_TP7_EP15 pid=71360)   File "/usr/local/python3.11.10/lib/python3.11/threading.py", line 1045, in _bootstrap_inner
(Worker_DP1_PP1_TP7_EP15 pid=71360)     self.run()
(Worker_DP1_PP1_TP7_EP15 pid=71360)   File "/usr/local/Ascend/ascend-toolkit/latest/python/site-packages/tbe/common/repository_manager/utils/multiprocess_util.py", line 68, in run
(Worker_DP1_PP1_TP7_EP15 pid=71360)     item = self.task_q.get()
(Worker_DP1_PP1_TP7_EP15 pid=71360)            ^^^^^^^^^^^^^^^^^
(Worker_DP1_PP1_TP7_EP15 pid=71360)   File "<string>", line 2, in get
(Worker_DP1_PP1_TP7_EP15 pid=71360)   File "/usr/local/python3.11.10/lib/python3.11/multiprocessing/managers.py", line 822, in _callmethod
(Worker_DP1_PP1_TP7_EP15 pid=71360)     kind, result = conn.recv()
(Worker_DP1_PP1_TP7_EP15 pid=71360)                    ^^^^^^^^^^^
(Worker_DP1_PP1_TP7_EP15 pid=71360)   File "/usr/local/python3.11.10/lib/python3.11/multiprocessing/connection.py", line 250, in recv
(Worker_DP1_PP1_TP7_EP15 pid=71360)     buf = self._recv_bytes()
(Worker_DP1_PP1_TP7_EP15 pid=71360)           ^^^^^^^^^^^^^^^^^^
(Worker_DP1_PP1_TP7_EP15 pid=71360)   File "/usr/local/python3.11.10/lib/python3.11/multiprocessing/connection.py", line 430, in _recv_bytes
(Worker_DP1_PP1_TP7_EP15 pid=71360)     buf = self._recv(4)
(Worker_DP1_PP1_TP7_EP15 pid=71360)           ^^^^^^^^^^^^^
(Worker_DP1_PP1_TP7_EP15 pid=71360)   File "/usr/local/python3.11.10/lib/python3.11/multiprocessing/connection.py", line 399, in _recv
(Worker_DP1_PP1_TP7_EP15 pid=71360)     raise EOFError
(Worker_DP1_PP1_TP7_EP15 pid=71360) EOFError
(Worker_DP0_PP1_TP2_EP2 pid=70618) Exception in thread Thread-1:
(Worker_DP0_PP1_TP2_EP2 pid=70618) Traceback (most recent call last):
(Worker_DP0_PP1_TP2_EP2 pid=70618)   File "/usr/local/python3.11.10/lib/python3.11/threading.py", line 1045, in _bootstrap_inner
(Worker_DP0_PP1_TP2_EP2 pid=70618)     self.run()
(Worker_DP0_PP1_TP2_EP2 pid=70618)   File "/usr/local/Ascend/ascend-toolkit/latest/python/site-packages/tbe/common/repository_manager/utils/multiprocess_util.py", line 68, in run
(Worker_DP0_PP1_TP2_EP2 pid=70618)     item = self.task_q.get()
(Worker_DP0_PP1_TP2_EP2 pid=70618)            ^^^^^^^^^^^^^^^^^
(Worker_DP0_PP1_TP2_EP2 pid=70618)   File "<string>", line 2, in get
(Worker_DP0_PP1_TP2_EP2 pid=70618)   File "/usr/local/python3.11.10/lib/python3.11/multiprocessing/managers.py", line 822, in _callmethod
(Worker_DP0_PP1_TP2_EP2 pid=70618)     kind, result = conn.recv()
(Worker_DP0_PP1_TP2_EP2 pid=70618)                    ^^^^^^^^^^^
(Worker_DP0_PP1_TP2_EP2 pid=70618)   File "/usr/local/python3.11.10/lib/python3.11/multiprocessing/connection.py", line 250, in recv
(Worker_DP0_PP1_TP2_EP2 pid=70618)     buf = self._recv_bytes()
(Worker_DP0_PP1_TP2_EP2 pid=70618)           ^^^^^^^^^^^^^^^^^^
(Worker_DP0_PP1_TP2_EP2 pid=70618)   File "/usr/local/python3.11.10/lib/python3.11/multiprocessing/connection.py", line 430, in _recv_bytes
(Worker_DP0_PP1_TP2_EP2 pid=70618)     buf = self._recv(4)
(Worker_DP0_PP1_TP2_EP2 pid=70618)           ^^^^^^^^^^^^^
(Worker_DP0_PP1_TP2_EP2 pid=70618)   File "/usr/local/python3.11.10/lib/python3.11/multiprocessing/connection.py", line 399, in _recv
(Worker_DP0_PP1_TP2_EP2 pid=70618)     raise EOFError
(Worker_DP0_PP1_TP2_EP2 pid=70618) EOFError
(Worker_DP1_PP1_TP2_EP10 pid=70617) Exception in thread Thread-1:
(Worker_DP1_PP1_TP2_EP10 pid=70617) Traceback (most recent call last):
(Worker_DP1_PP1_TP2_EP10 pid=70617)   File "/usr/local/python3.11.10/lib/python3.11/threading.py", line 1045, in _bootstrap_inner
(Worker_DP1_PP1_TP2_EP10 pid=70617)     self.run()
(Worker_DP1_PP1_TP2_EP10 pid=70617)   File "/usr/local/Ascend/ascend-toolkit/latest/python/site-packages/tbe/common/repository_manager/utils/multiprocess_util.py", line 68, in run
(Worker_DP1_PP1_TP2_EP10 pid=70617)     item = self.task_q.get()
(Worker_DP1_PP1_TP2_EP10 pid=70617)            ^^^^^^^^^^^^^^^^^
(Worker_DP1_PP1_TP2_EP10 pid=70617)   File "<string>", line 2, in get
(Worker_DP1_PP1_TP2_EP10 pid=70617)   File "/usr/local/python3.11.10/lib/python3.11/multiprocessing/managers.py", line 822, in _callmethod
(Worker_DP1_PP1_TP2_EP10 pid=70617)     kind, result = conn.recv()
(Worker_DP1_PP1_TP2_EP10 pid=70617)                    ^^^^^^^^^^^
(Worker_DP1_PP1_TP2_EP10 pid=70617)   File "/usr/local/python3.11.10/lib/python3.11/multiprocessing/connection.py", line 250, in recv
(Worker_DP1_PP1_TP2_EP10 pid=70617)     buf = self._recv_bytes()
(Worker_DP1_PP1_TP2_EP10 pid=70617)           ^^^^^^^^^^^^^^^^^^
(Worker_DP1_PP1_TP2_EP10 pid=70617)   File "/usr/local/python3.11.10/lib/python3.11/multiprocessing/connection.py", line 430, in _recv_bytes
(Worker_DP1_PP1_TP2_EP10 pid=70617)     buf = self._recv(4)
(Worker_DP1_PP1_TP2_EP10 pid=70617)           ^^^^^^^^^^^^^
(Worker_DP1_PP1_TP2_EP10 pid=70617)   File "/usr/local/python3.11.10/lib/python3.11/multiprocessing/connection.py", line 399, in _recv
(Worker_DP1_PP1_TP2_EP10 pid=70617)     raise EOFError
(Worker_DP1_PP1_TP2_EP10 pid=70617) EOFError
(Worker_DP1_PP1_TP3_EP11 pid=70761) Exception in thread Thread-1:
(Worker_DP1_PP1_TP3_EP11 pid=70761) Traceback (most recent call last):
(Worker_DP1_PP1_TP3_EP11 pid=70761)   File "/usr/local/python3.11.10/lib/python3.11/threading.py", line 1045, in _bootstrap_inner
(Worker_DP1_PP1_TP3_EP11 pid=70761)     self.run()
(Worker_DP1_PP1_TP3_EP11 pid=70761)   File "/usr/local/Ascend/ascend-toolkit/latest/python/site-packages/tbe/common/repository_manager/utils/multiprocess_util.py", line 68, in run
(Worker_DP1_PP1_TP3_EP11 pid=70761)     item = self.task_q.get()
(Worker_DP1_PP1_TP3_EP11 pid=70761)            ^^^^^^^^^^^^^^^^^
(Worker_DP1_PP1_TP3_EP11 pid=70761)   File "<string>", line 2, in get
(Worker_DP1_PP1_TP3_EP11 pid=70761)   File "/usr/local/python3.11.10/lib/python3.11/multiprocessing/managers.py", line 822, in _callmethod
(Worker_DP1_PP1_TP3_EP11 pid=70761)     kind, result = conn.recv()
(Worker_DP1_PP1_TP3_EP11 pid=70761)                    ^^^^^^^^^^^
(Worker_DP1_PP1_TP3_EP11 pid=70761)   File "/usr/local/python3.11.10/lib/python3.11/multiprocessing/connection.py", line 250, in recv
(Worker_DP1_PP1_TP3_EP11 pid=70761)     buf = self._recv_bytes()
(Worker_DP1_PP1_TP3_EP11 pid=70761)           ^^^^^^^^^^^^^^^^^^
(Worker_DP1_PP1_TP3_EP11 pid=70761)   File "/usr/local/python3.11.10/lib/python3.11/multiprocessing/connection.py", line 430, in _recv_bytes
(Worker_DP1_PP1_TP3_EP11 pid=70761)     buf = self._recv(4)
(Worker_DP1_PP1_TP3_EP11 pid=70761)           ^^^^^^^^^^^^^
(Worker_DP1_PP1_TP3_EP11 pid=70761)   File "/usr/local/python3.11.10/lib/python3.11/multiprocessing/connection.py", line 399, in _recv
(Worker_DP1_PP1_TP3_EP11 pid=70761)     raise EOFError
(Worker_DP1_PP1_TP3_EP11 pid=70761) EOFError
(Worker_DP0_PP1_TP4_EP4 pid=70912) Exception in thread Thread-1:
(Worker_DP0_PP1_TP4_EP4 pid=70912) Traceback (most recent call last):
(Worker_DP0_PP1_TP4_EP4 pid=70912)   File "/usr/local/python3.11.10/lib/python3.11/threading.py", line 1045, in _bootstrap_inner
(Worker_DP0_PP1_TP4_EP4 pid=70912)     self.run()
(Worker_DP0_PP1_TP4_EP4 pid=70912)   File "/usr/local/Ascend/ascend-toolkit/latest/python/site-packages/tbe/common/repository_manager/utils/multiprocess_util.py", line 68, in run
(Worker_DP0_PP1_TP4_EP4 pid=70912)     item = self.task_q.get()
(Worker_DP0_PP1_TP4_EP4 pid=70912)            ^^^^^^^^^^^^^^^^^
(Worker_DP0_PP1_TP4_EP4 pid=70912)   File "<string>", line 2, in get
(Worker_DP0_PP1_TP4_EP4 pid=70912)   File "/usr/local/python3.11.10/lib/python3.11/multiprocessing/managers.py", line 822, in _callmethod
(Worker_DP0_PP1_TP4_EP4 pid=70912)     kind, result = conn.recv()
(Worker_DP0_PP1_TP4_EP4 pid=70912)                    ^^^^^^^^^^^
(Worker_DP0_PP1_TP4_EP4 pid=70912)   File "/usr/local/python3.11.10/lib/python3.11/multiprocessing/connection.py", line 250, in recv
(Worker_DP0_PP1_TP4_EP4 pid=70912)     buf = self._recv_bytes()
(Worker_DP0_PP1_TP4_EP4 pid=70912)           ^^^^^^^^^^^^^^^^^^
(Worker_DP0_PP1_TP4_EP4 pid=70912)   File "/usr/local/python3.11.10/lib/python3.11/multiprocessing/connection.py", line 430, in _recv_bytes
(Worker_DP0_PP1_TP4_EP4 pid=70912)     buf = self._recv(4)
(Worker_DP0_PP1_TP4_EP4 pid=70912)           ^^^^^^^^^^^^^
(Worker_DP0_PP1_TP4_EP4 pid=70912)   File "/usr/local/python3.11.10/lib/python3.11/multiprocessing/connection.py", line 399, in _recv
(Worker_DP0_PP1_TP4_EP4 pid=70912)     raise EOFError
(Worker_DP0_PP1_TP4_EP4 pid=70912) EOFError
(Worker_DP1_PP1_TP4_EP12 pid=70901) Exception in thread Thread-1:
(Worker_DP1_PP1_TP4_EP12 pid=70901) Traceback (most recent call last):
(Worker_DP1_PP1_TP4_EP12 pid=70901)   File "/usr/local/python3.11.10/lib/python3.11/threading.py", line 1045, in _bootstrap_inner
(Worker_DP1_PP1_TP4_EP12 pid=70901)     self.run()
(Worker_DP1_PP1_TP4_EP12 pid=70901)   File "/usr/local/Ascend/ascend-toolkit/latest/python/site-packages/tbe/common/repository_manager/utils/multiprocess_util.py", line 68, in run
(Worker_DP1_PP1_TP4_EP12 pid=70901)     item = self.task_q.get()
(Worker_DP1_PP1_TP4_EP12 pid=70901)            ^^^^^^^^^^^^^^^^^
(Worker_DP1_PP1_TP4_EP12 pid=70901)   File "<string>", line 2, in get
(Worker_DP1_PP1_TP4_EP12 pid=70901)   File "/usr/local/python3.11.10/lib/python3.11/multiprocessing/managers.py", line 822, in _callmethod
(Worker_DP1_PP1_TP4_EP12 pid=70901)     kind, result = conn.recv()
(Worker_DP1_PP1_TP4_EP12 pid=70901)                    ^^^^^^^^^^^
(Worker_DP1_PP1_TP4_EP12 pid=70901)   File "/usr/local/python3.11.10/lib/python3.11/multiprocessing/connection.py", line 250, in recv
(Worker_DP1_PP1_TP4_EP12 pid=70901)     buf = self._recv_bytes()
(Worker_DP1_PP1_TP4_EP12 pid=70901)           ^^^^^^^^^^^^^^^^^^
(Worker_DP1_PP1_TP4_EP12 pid=70901)   File "/usr/local/python3.11.10/lib/python3.11/multiprocessing/connection.py", line 430, in _recv_bytes
(Worker_DP1_PP1_TP4_EP12 pid=70901)     buf = self._recv(4)
(Worker_DP1_PP1_TP4_EP12 pid=70901)           ^^^^^^^^^^^^^
(Worker_DP1_PP1_TP4_EP12 pid=70901)   File "/usr/local/python3.11.10/lib/python3.11/multiprocessing/connection.py", line 399, in _recv
(Worker_DP1_PP1_TP4_EP12 pid=70901)     raise EOFError
(Worker_DP1_PP1_TP4_EP12 pid=70901) EOFError
(Worker_DP0_PP1_TP3_EP3 pid=70759) Exception in thread Thread-1:
(Worker_DP0_PP1_TP3_EP3 pid=70759) Traceback (most recent call last):
(Worker_DP0_PP1_TP3_EP3 pid=70759)   File "/usr/local/python3.11.10/lib/python3.11/threading.py", line 1045, in _bootstrap_inner
(Worker_DP0_PP1_TP3_EP3 pid=70759)     self.run()
(Worker_DP0_PP1_TP3_EP3 pid=70759)   File "/usr/local/Ascend/ascend-toolkit/latest/python/site-packages/tbe/common/repository_manager/utils/multiprocess_util.py", line 68, in run
(Worker_DP0_PP1_TP3_EP3 pid=70759)     item = self.task_q.get()
(Worker_DP0_PP1_TP3_EP3 pid=70759)            ^^^^^^^^^^^^^^^^^
(Worker_DP0_PP1_TP3_EP3 pid=70759)   File "<string>", line 2, in get
(Worker_DP0_PP1_TP3_EP3 pid=70759)   File "/usr/local/python3.11.10/lib/python3.11/multiprocessing/managers.py", line 822, in _callmethod
(Worker_DP0_PP1_TP3_EP3 pid=70759)     kind, result = conn.recv()
(Worker_DP0_PP1_TP3_EP3 pid=70759)                    ^^^^^^^^^^^
(Worker_DP0_PP1_TP3_EP3 pid=70759)   File "/usr/local/python3.11.10/lib/python3.11/multiprocessing/connection.py", line 250, in recv
(Worker_DP0_PP1_TP3_EP3 pid=70759)     buf = self._recv_bytes()
(Worker_DP0_PP1_TP3_EP3 pid=70759)           ^^^^^^^^^^^^^^^^^^
(Worker_DP0_PP1_TP3_EP3 pid=70759)   File "/usr/local/python3.11.10/lib/python3.11/multiprocessing/connection.py", line 430, in _recv_bytes
(Worker_DP0_PP1_TP3_EP3 pid=70759)     buf = self._recv(4)
(Worker_DP0_PP1_TP3_EP3 pid=70759)           ^^^^^^^^^^^^^
(Worker_DP0_PP1_TP3_EP3 pid=70759)   File "/usr/local/python3.11.10/lib/python3.11/multiprocessing/connection.py", line 399, in _recv
(Worker_DP0_PP1_TP3_EP3 pid=70759)     raise EOFError
(Worker_DP0_PP1_TP3_EP3 pid=70759) EOFError
(Worker_DP0_PP1_TP7_EP7 pid=71361) Exception in thread Thread-1:
(Worker_DP0_PP1_TP7_EP7 pid=71361) Traceback (most recent call last):
(Worker_DP0_PP1_TP7_EP7 pid=71361)   File "/usr/local/python3.11.10/lib/python3.11/threading.py", line 1045, in _bootstrap_inner
(Worker_DP0_PP1_TP7_EP7 pid=71361)     self.run()
(Worker_DP0_PP1_TP7_EP7 pid=71361)   File "/usr/local/Ascend/ascend-toolkit/latest/python/site-packages/tbe/common/repository_manager/utils/multiprocess_util.py", line 68, in run
(Worker_DP0_PP1_TP7_EP7 pid=71361)     item = self.task_q.get()
(Worker_DP0_PP1_TP7_EP7 pid=71361)            ^^^^^^^^^^^^^^^^^
(Worker_DP0_PP1_TP7_EP7 pid=71361)   File "<string>", line 2, in get
(Worker_DP0_PP1_TP7_EP7 pid=71361)   File "/usr/local/python3.11.10/lib/python3.11/multiprocessing/managers.py", line 822, in _callmethod
(Worker_DP0_PP1_TP7_EP7 pid=71361)     kind, result = conn.recv()
(Worker_DP0_PP1_TP7_EP7 pid=71361)                    ^^^^^^^^^^^
(Worker_DP0_PP1_TP7_EP7 pid=71361)   File "/usr/local/python3.11.10/lib/python3.11/multiprocessing/connection.py", line 250, in recv
(Worker_DP0_PP1_TP7_EP7 pid=71361)     buf = self._recv_bytes()
(Worker_DP0_PP1_TP7_EP7 pid=71361)           ^^^^^^^^^^^^^^^^^^
(Worker_DP0_PP1_TP7_EP7 pid=71361)   File "/usr/local/python3.11.10/lib/python3.11/multiprocessing/connection.py", line 430, in _recv_bytes
(Worker_DP0_PP1_TP7_EP7 pid=71361)     buf = self._recv(4)
(Worker_DP0_PP1_TP7_EP7 pid=71361)           ^^^^^^^^^^^^^
(Worker_DP0_PP1_TP7_EP7 pid=71361)   File "/usr/local/python3.11.10/lib/python3.11/multiprocessing/connection.py", line 399, in _recv
(Worker_DP0_PP1_TP7_EP7 pid=71361)     raise EOFError
(Worker_DP0_PP1_TP7_EP7 pid=71361) EOFError
(Worker_DP0_PP1_TP0_EP0 pid=70382) Exception in thread Thread-1:
(Worker_DP0_PP1_TP0_EP0 pid=70382) INFO 09-15 00:47:37 [multiproc_executor.py:836] Parent process exited, terminating worker queues
(Worker_DP0_PP1_TP0_EP0 pid=70382) Traceback (most recent call last):
(Worker_DP0_PP1_TP0_EP0 pid=70382)   File "/usr/local/python3.11.10/lib/python3.11/threading.py", line 1045, in _bootstrap_inner
(Worker_DP0_PP1_TP0_EP0 pid=70382)     self.run()
(Worker_DP0_PP1_TP0_EP0 pid=70382)   File "/usr/local/Ascend/ascend-toolkit/latest/python/site-packages/tbe/common/repository_manager/utils/multiprocess_util.py", line 68, in run
(Worker_DP0_PP1_TP0_EP0 pid=70382)     item = self.task_q.get()
(Worker_DP0_PP1_TP0_EP0 pid=70382)            ^^^^^^^^^^^^^^^^^
(Worker_DP0_PP1_TP0_EP0 pid=70382)   File "<string>", line 2, in get
(Worker_DP0_PP1_TP0_EP0 pid=70382)   File "/usr/local/python3.11.10/lib/python3.11/multiprocessing/managers.py", line 822, in _callmethod
(Worker_DP0_PP1_TP0_EP0 pid=70382)     kind, result = conn.recv()
(Worker_DP0_PP1_TP0_EP0 pid=70382)                    ^^^^^^^^^^^
(Worker_DP0_PP1_TP0_EP0 pid=70382)   File "/usr/local/python3.11.10/lib/python3.11/multiprocessing/connection.py", line 250, in recv
(Worker_DP0_PP1_TP0_EP0 pid=70382)     buf = self._recv_bytes()
(Worker_DP0_PP1_TP0_EP0 pid=70382)           ^^^^^^^^^^^^^^^^^^
(Worker_DP0_PP1_TP0_EP0 pid=70382)   File "/usr/local/python3.11.10/lib/python3.11/multiprocessing/connection.py", line 430, in _recv_bytes
(Worker_DP0_PP1_TP0_EP0 pid=70382)     buf = self._recv(4)
(Worker_DP0_PP1_TP0_EP0 pid=70382)           ^^^^^^^^^^^^^
(Worker_DP0_PP1_TP0_EP0 pid=70382)   File "/usr/local/python3.11.10/lib/python3.11/multiprocessing/connection.py", line 399, in _recv
(Worker_DP0_PP1_TP0_EP0 pid=70382)     raise EOFError
(Worker_DP0_PP1_TP0_EP0 pid=70382) EOFError
(Worker_DP0_PP1_TP6_EP6 pid=71220) Traceback (most recent call last):
(Worker_DP0_PP1_TP6_EP6 pid=71220)   File "/usr/local/python3.11.10/lib/python3.11/multiprocessing/process.py", line 314, in _bootstrap
(Worker_DP0_PP1_TP6_EP6 pid=71220)     self.run()
(Worker_DP0_PP1_TP6_EP6 pid=71220)   File "/usr/local/python3.11.10/lib/python3.11/multiprocessing/process.py", line 108, in run
(Worker_DP0_PP1_TP6_EP6 pid=71220)     self._target(*self._args, **self._kwargs)
(Worker_DP0_PP1_TP6_EP6 pid=71220)   File "/home/w00985415/proj_0825/deps/vllm/vllm/v1/executor/multiproc_executor.py", line 967, in worker_main
(Worker_DP0_PP1_TP6_EP6 pid=71220)     raise e
(Worker_DP0_PP1_TP6_EP6 pid=71220)   File "/home/w00985415/proj_0825/deps/vllm/vllm/v1/executor/multiproc_executor.py", line 935, in worker_main
(Worker_DP0_PP1_TP6_EP6 pid=71220)     worker.worker_busy_loop()
(Worker_DP0_PP1_TP6_EP6 pid=71220)   File "/home/w00985415/proj_0825/deps/vllm/vllm/v1/executor/multiproc_executor.py", line 1033, in worker_busy_loop
(Worker_DP0_PP1_TP6_EP6 pid=71220)     self._execute_worker_rpc(self.rpc_broadcast_mq.dequeue(indefinite=True))
(Worker_DP0_PP1_TP6_EP6 pid=71220)                              ^^^^^^^^^^^^^^^^^^^^^^^^^^^^^^^^^^^^^^^^^^^^^^
(Worker_DP0_PP1_TP6_EP6 pid=71220)   File "/home/w00985415/proj_0825/deps/vllm/vllm/distributed/device_communicators/shm_broadcast.py", line 904, in dequeue
(Worker_DP0_PP1_TP6_EP6 pid=71220)     obj = MessageQueue.recv(self.remote_socket, timeout)
(Worker_DP0_PP1_TP6_EP6 pid=71220)           ^^^^^^^^^^^^^^^^^^^^^^^^^^^^^^^^^^^^^^^^^^^^^^
(Worker_DP0_PP1_TP6_EP6 pid=71220)   File "/home/w00985415/proj_0825/deps/vllm/vllm/distributed/device_communicators/shm_broadcast.py", line 913, in recv
(Worker_DP0_PP1_TP6_EP6 pid=71220)     if not socket.poll(timeout=timeout_ms):
(Worker_DP0_PP1_TP6_EP6 pid=71220)            ^^^^^^^^^^^^^^^^^^^^^^^^^^^^^^^
(Worker_DP0_PP1_TP6_EP6 pid=71220)   File "/usr/local/python3.11.10/lib/python3.11/site-packages/zmq/sugar/socket.py", line 1062, in poll
(Worker_DP0_PP1_TP6_EP6 pid=71220)     evts = dict(p.poll(timeout))
(Worker_DP0_PP1_TP6_EP6 pid=71220)                 ^^^^^^^^^^^^^^^
(Worker_DP0_PP1_TP6_EP6 pid=71220)   File "/usr/local/python3.11.10/lib/python3.11/site-packages/zmq/sugar/poll.py", line 106, in poll
(Worker_DP0_PP1_TP6_EP6 pid=71220)     return zmq_poll(self.sockets, timeout=timeout)
(Worker_DP0_PP1_TP6_EP6 pid=71220)            ^^^^^^^^^^^^^^^^^^^^^^^^^^^^^^^^^^^^^^^
(Worker_DP0_PP1_TP6_EP6 pid=71220)   File "zmq/backend/cython/_zmq.py", line 1680, in zmq.backend.cython._zmq.zmq_poll
(Worker_DP0_PP1_TP6_EP6 pid=71220)   File "zmq/backend/cython/_zmq.py", line 179, in zmq.backend.cython._zmq._check_rc
(Worker_DP0_PP1_TP6_EP6 pid=71220)   File "/home/w00985415/proj_0825/deps/vllm/vllm/v1/executor/multiproc_executor.py", line 869, in signal_handler
(Worker_DP0_PP1_TP6_EP6 pid=71220)     raise SystemExit()
(Worker_DP0_PP1_TP6_EP6 pid=71220) SystemExit
(Worker_DP0_PP1_TP6_EP6 pid=71220) 
(Worker_DP0_PP1_TP6_EP6 pid=71220) During handling of the above exception, another exception occurred:
(Worker_DP0_PP1_TP6_EP6 pid=71220) 
(Worker_DP0_PP1_TP6_EP6 pid=71220) Traceback (most recent call last):
(Worker_DP0_PP1_TP6_EP6 pid=71220)   File "/usr/local/python3.11.10/lib/python3.11/multiprocessing/managers.py", line 814, in _callmethod
(Worker_DP0_PP1_TP6_EP6 pid=71220)     conn = self._tls.connection
(Worker_DP0_PP1_TP6_EP6 pid=71220)            ^^^^^^^^^^^^^^^^^^^^
(Worker_DP0_PP1_TP6_EP6 pid=71220) AttributeError: 'ForkAwareLocal' object has no attribute 'connection'
(Worker_DP0_PP1_TP6_EP6 pid=71220) 
(Worker_DP0_PP1_TP6_EP6 pid=71220) During handling of the above exception, another exception occurred:
(Worker_DP0_PP1_TP6_EP6 pid=71220) 
(Worker_DP0_PP1_TP6_EP6 pid=71220) Traceback (most recent call last):
(Worker_DP0_PP1_TP6_EP6 pid=71220)   File "/usr/local/python3.11.10/lib/python3.11/multiprocessing/util.py", line 303, in _run_finalizers
(Worker_DP0_PP1_TP6_EP6 pid=71220)     finalizer()
(Worker_DP0_PP1_TP6_EP6 pid=71220)   File "/usr/local/python3.11.10/lib/python3.11/multiprocessing/util.py", line 227, in __call__
(Worker_DP0_PP1_TP6_EP6 pid=71220)     res = self._callback(*self._args, **self._kwargs)
(Worker_DP0_PP1_TP6_EP6 pid=71220)           ^^^^^^^^^^^^^^^^^^^^^^^^^^^^^^^^^^^^^^^^^^^
(Worker_DP0_PP1_TP6_EP6 pid=71220)   File "/usr/local/Ascend/ascend-toolkit/latest/python/site-packages/tbe/common/repository_manager/route.py", line 63, in wrapper
(Worker_DP0_PP1_TP6_EP6 pid=71220)     return func(cls, *args, **kwargs)
(Worker_DP0_PP1_TP6_EP6 pid=71220)            ^^^^^^^^^^^^^^^^^^^^^^^^^^
(Worker_DP0_PP1_TP6_EP6 pid=71220)   File "/usr/local/Ascend/ascend-toolkit/latest/python/site-packages/tbe/common/repository_manager/route.py", line 217, in finalize
(Worker_DP0_PP1_TP6_EP6 pid=71220)     cls.cann_kb_mgr.finalize()
(Worker_DP0_PP1_TP6_EP6 pid=71220)   File "/usr/local/Ascend/ascend-toolkit/latest/python/site-packages/tbe/common/repository_manager/cann_kb_manager/knowledge_bank_manager.py", line 42, in finalize
(Worker_DP0_PP1_TP6_EP6 pid=71220)     self.__static_mgr.close()
(Worker_DP0_PP1_TP6_EP6 pid=71220)   File "/usr/local/Ascend/ascend-toolkit/latest/python/site-packages/tbe/common/repository_manager/cann_kb_manager/base_manager.py", line 342, in close
(Worker_DP0_PP1_TP6_EP6 pid=71220)     for name in copy.deepcopy(self.write_kb.keys()):
(Worker_DP0_PP1_TP6_EP6 pid=71220)                               ^^^^^^^^^^^^^^^^^^^^
(Worker_DP0_PP1_TP6_EP6 pid=71220)   File "<string>", line 2, in keys
(Worker_DP0_PP1_TP6_EP6 pid=71220)   File "/usr/local/python3.11.10/lib/python3.11/multiprocessing/managers.py", line 818, in _callmethod
(Worker_DP0_PP1_TP6_EP6 pid=71220)     self._connect()
(Worker_DP0_PP1_TP6_EP6 pid=71220)   File "/usr/local/python3.11.10/lib/python3.11/multiprocessing/managers.py", line 805, in _connect
(Worker_DP0_PP1_TP6_EP6 pid=71220)     conn = self._Client(self._token.address, authkey=self._authkey)
(Worker_DP0_PP1_TP6_EP6 pid=71220)            ^^^^^^^^^^^^^^^^^^^^^^^^^^^^^^^^^^^^^^^^^^^^^^^^^^^^^^^^
(Worker_DP0_PP1_TP6_EP6 pid=71220)   File "/usr/local/python3.11.10/lib/python3.11/multiprocessing/connection.py", line 519, in Client
(Worker_DP0_PP1_TP6_EP6 pid=71220)     c = SocketClient(address)
(Worker_DP0_PP1_TP6_EP6 pid=71220)         ^^^^^^^^^^^^^^^^^^^^^
(Worker_DP0_PP1_TP6_EP6 pid=71220)   File "/usr/local/python3.11.10/lib/python3.11/multiprocessing/connection.py", line 647, in SocketClient
(Worker_DP0_PP1_TP6_EP6 pid=71220)     s.connect(address)
(Worker_DP0_PP1_TP6_EP6 pid=71220) ConnectionRefusedError: [Errno 111] Connection refused
(Worker_DP0_PP1_TP5_EP5 pid=71054) Traceback (most recent call last):
(Worker_DP0_PP1_TP5_EP5 pid=71054)   File "/usr/local/python3.11.10/lib/python3.11/multiprocessing/process.py", line 314, in _bootstrap
(Worker_DP0_PP1_TP5_EP5 pid=71054)     self.run()
(Worker_DP0_PP1_TP5_EP5 pid=71054)   File "/usr/local/python3.11.10/lib/python3.11/multiprocessing/process.py", line 108, in run
(Worker_DP0_PP1_TP5_EP5 pid=71054)     self._target(*self._args, **self._kwargs)
(Worker_DP0_PP1_TP5_EP5 pid=71054)   File "/home/w00985415/proj_0825/deps/vllm/vllm/v1/executor/multiproc_executor.py", line 967, in worker_main
(Worker_DP0_PP1_TP5_EP5 pid=71054)     raise e
(Worker_DP0_PP1_TP5_EP5 pid=71054)   File "/home/w00985415/proj_0825/deps/vllm/vllm/v1/executor/multiproc_executor.py", line 935, in worker_main
(Worker_DP0_PP1_TP5_EP5 pid=71054)     worker.worker_busy_loop()
(Worker_DP0_PP1_TP5_EP5 pid=71054)   File "/home/w00985415/proj_0825/deps/vllm/vllm/v1/executor/multiproc_executor.py", line 1033, in worker_busy_loop
(Worker_DP0_PP1_TP5_EP5 pid=71054)     self._execute_worker_rpc(self.rpc_broadcast_mq.dequeue(indefinite=True))
(Worker_DP0_PP1_TP5_EP5 pid=71054)                              ^^^^^^^^^^^^^^^^^^^^^^^^^^^^^^^^^^^^^^^^^^^^^^
(Worker_DP0_PP1_TP5_EP5 pid=71054)   File "/home/w00985415/proj_0825/deps/vllm/vllm/distributed/device_communicators/shm_broadcast.py", line 904, in dequeue
(Worker_DP0_PP1_TP5_EP5 pid=71054)     obj = MessageQueue.recv(self.remote_socket, timeout)
(Worker_DP0_PP1_TP5_EP5 pid=71054)           ^^^^^^^^^^^^^^^^^^^^^^^^^^^^^^^^^^^^^^^^^^^^^^
(Worker_DP0_PP1_TP5_EP5 pid=71054)   File "/home/w00985415/proj_0825/deps/vllm/vllm/distributed/device_communicators/shm_broadcast.py", line 913, in recv
(Worker_DP0_PP1_TP5_EP5 pid=71054)     if not socket.poll(timeout=timeout_ms):
(Worker_DP0_PP1_TP5_EP5 pid=71054)            ^^^^^^^^^^^^^^^^^^^^^^^^^^^^^^^
(Worker_DP0_PP1_TP5_EP5 pid=71054)   File "/usr/local/python3.11.10/lib/python3.11/site-packages/zmq/sugar/socket.py", line 1062, in poll
(Worker_DP0_PP1_TP5_EP5 pid=71054)     evts = dict(p.poll(timeout))
(Worker_DP0_PP1_TP5_EP5 pid=71054)                 ^^^^^^^^^^^^^^^
(Worker_DP0_PP1_TP5_EP5 pid=71054)   File "/usr/local/python3.11.10/lib/python3.11/site-packages/zmq/sugar/poll.py", line 106, in poll
(Worker_DP0_PP1_TP5_EP5 pid=71054)     return zmq_poll(self.sockets, timeout=timeout)
(Worker_DP0_PP1_TP5_EP5 pid=71054)            ^^^^^^^^^^^^^^^^^^^^^^^^^^^^^^^^^^^^^^^
(Worker_DP0_PP1_TP5_EP5 pid=71054)   File "zmq/backend/cython/_zmq.py", line 1680, in zmq.backend.cython._zmq.zmq_poll
(Worker_DP0_PP1_TP5_EP5 pid=71054)   File "zmq/backend/cython/_zmq.py", line 179, in zmq.backend.cython._zmq._check_rc
(Worker_DP0_PP1_TP5_EP5 pid=71054)   File "/home/w00985415/proj_0825/deps/vllm/vllm/v1/executor/multiproc_executor.py", line 869, in signal_handler
(Worker_DP0_PP1_TP5_EP5 pid=71054)     raise SystemExit()
(Worker_DP0_PP1_TP5_EP5 pid=71054) SystemExit
(Worker_DP0_PP1_TP5_EP5 pid=71054) 
(Worker_DP0_PP1_TP5_EP5 pid=71054) During handling of the above exception, another exception occurred:
(Worker_DP0_PP1_TP5_EP5 pid=71054) 
(Worker_DP0_PP1_TP5_EP5 pid=71054) Traceback (most recent call last):
(Worker_DP0_PP1_TP5_EP5 pid=71054)   File "/usr/local/python3.11.10/lib/python3.11/multiprocessing/managers.py", line 814, in _callmethod
(Worker_DP0_PP1_TP5_EP5 pid=71054)     conn = self._tls.connection
(Worker_DP0_PP1_TP5_EP5 pid=71054)            ^^^^^^^^^^^^^^^^^^^^
(Worker_DP0_PP1_TP5_EP5 pid=71054) AttributeError: 'ForkAwareLocal' object has no attribute 'connection'
(Worker_DP0_PP1_TP5_EP5 pid=71054) 
(Worker_DP0_PP1_TP5_EP5 pid=71054) During handling of the above exception, another exception occurred:
(Worker_DP0_PP1_TP5_EP5 pid=71054) 
(Worker_DP0_PP1_TP5_EP5 pid=71054) Traceback (most recent call last):
(Worker_DP0_PP1_TP5_EP5 pid=71054)   File "/usr/local/python3.11.10/lib/python3.11/multiprocessing/util.py", line 303, in _run_finalizers
(Worker_DP0_PP1_TP5_EP5 pid=71054)     finalizer()
(Worker_DP0_PP1_TP5_EP5 pid=71054)   File "/usr/local/python3.11.10/lib/python3.11/multiprocessing/util.py", line 227, in __call__
(Worker_DP0_PP1_TP5_EP5 pid=71054)     res = self._callback(*self._args, **self._kwargs)
(Worker_DP0_PP1_TP5_EP5 pid=71054)           ^^^^^^^^^^^^^^^^^^^^^^^^^^^^^^^^^^^^^^^^^^^
(Worker_DP0_PP1_TP5_EP5 pid=71054)   File "/usr/local/Ascend/ascend-toolkit/latest/python/site-packages/tbe/common/repository_manager/route.py", line 63, in wrapper
(Worker_DP0_PP1_TP5_EP5 pid=71054)     return func(cls, *args, **kwargs)
(Worker_DP0_PP1_TP5_EP5 pid=71054)            ^^^^^^^^^^^^^^^^^^^^^^^^^^
(Worker_DP0_PP1_TP5_EP5 pid=71054)   File "/usr/local/Ascend/ascend-toolkit/latest/python/site-packages/tbe/common/repository_manager/route.py", line 217, in finalize
(Worker_DP0_PP1_TP5_EP5 pid=71054)     cls.cann_kb_mgr.finalize()
(Worker_DP0_PP1_TP5_EP5 pid=71054)   File "/usr/local/Ascend/ascend-toolkit/latest/python/site-packages/tbe/common/repository_manager/cann_kb_manager/knowledge_bank_manager.py", line 42, in finalize
(Worker_DP0_PP1_TP5_EP5 pid=71054)     self.__static_mgr.close()
(Worker_DP0_PP1_TP5_EP5 pid=71054)   File "/usr/local/Ascend/ascend-toolkit/latest/python/site-packages/tbe/common/repository_manager/cann_kb_manager/base_manager.py", line 342, in close
(Worker_DP0_PP1_TP5_EP5 pid=71054)     for name in copy.deepcopy(self.write_kb.keys()):
(Worker_DP0_PP1_TP5_EP5 pid=71054)                               ^^^^^^^^^^^^^^^^^^^^
(Worker_DP0_PP1_TP5_EP5 pid=71054)   File "<string>", line 2, in keys
(Worker_DP0_PP1_TP5_EP5 pid=71054)   File "/usr/local/python3.11.10/lib/python3.11/multiprocessing/managers.py", line 818, in _callmethod
(Worker_DP0_PP1_TP5_EP5 pid=71054)     self._connect()
(Worker_DP0_PP1_TP5_EP5 pid=71054)   File "/usr/local/python3.11.10/lib/python3.11/multiprocessing/managers.py", line 805, in _connect
(Worker_DP0_PP1_TP5_EP5 pid=71054)     conn = self._Client(self._token.address, authkey=self._authkey)
(Worker_DP0_PP1_TP5_EP5 pid=71054)            ^^^^^^^^^^^^^^^^^^^^^^^^^^^^^^^^^^^^^^^^^^^^^^^^^^^^^^^^
(Worker_DP0_PP1_TP5_EP5 pid=71054)   File "/usr/local/python3.11.10/lib/python3.11/multiprocessing/connection.py", line 519, in Client
(Worker_DP0_PP1_TP5_EP5 pid=71054)     c = SocketClient(address)
(Worker_DP0_PP1_TP5_EP5 pid=71054)         ^^^^^^^^^^^^^^^^^^^^^
(Worker_DP0_PP1_TP5_EP5 pid=71054)   File "/usr/local/python3.11.10/lib/python3.11/multiprocessing/connection.py", line 647, in SocketClient
(Worker_DP0_PP1_TP5_EP5 pid=71054)     s.connect(address)
(Worker_DP0_PP1_TP5_EP5 pid=71054) ConnectionRefusedError: [Errno 111] Connection refused
(Worker_DP1_PP1_TP4_EP12 pid=70901) Traceback (most recent call last):
(Worker_DP1_PP1_TP4_EP12 pid=70901)   File "/usr/local/python3.11.10/lib/python3.11/multiprocessing/process.py", line 314, in _bootstrap
(Worker_DP1_PP1_TP4_EP12 pid=70901)     self.run()
(Worker_DP1_PP1_TP4_EP12 pid=70901)   File "/usr/local/python3.11.10/lib/python3.11/multiprocessing/process.py", line 108, in run
(Worker_DP1_PP1_TP4_EP12 pid=70901)     self._target(*self._args, **self._kwargs)
(Worker_DP1_PP1_TP4_EP12 pid=70901)   File "/home/w00985415/proj_0825/deps/vllm/vllm/v1/executor/multiproc_executor.py", line 967, in worker_main
(Worker_DP1_PP1_TP4_EP12 pid=70901)     raise e
(Worker_DP1_PP1_TP4_EP12 pid=70901)   File "/home/w00985415/proj_0825/deps/vllm/vllm/v1/executor/multiproc_executor.py", line 935, in worker_main
(Worker_DP1_PP1_TP4_EP12 pid=70901)     worker.worker_busy_loop()
(Worker_DP1_PP1_TP4_EP12 pid=70901)   File "/home/w00985415/proj_0825/deps/vllm/vllm/v1/executor/multiproc_executor.py", line 1033, in worker_busy_loop
(Worker_DP1_PP1_TP4_EP12 pid=70901)     self._execute_worker_rpc(self.rpc_broadcast_mq.dequeue(indefinite=True))
(Worker_DP1_PP1_TP4_EP12 pid=70901)                              ^^^^^^^^^^^^^^^^^^^^^^^^^^^^^^^^^^^^^^^^^^^^^^
(Worker_DP1_PP1_TP4_EP12 pid=70901)   File "/home/w00985415/proj_0825/deps/vllm/vllm/distributed/device_communicators/shm_broadcast.py", line 904, in dequeue
(Worker_DP1_PP1_TP4_EP12 pid=70901)     obj = MessageQueue.recv(self.remote_socket, timeout)
(Worker_DP1_PP1_TP4_EP12 pid=70901)           ^^^^^^^^^^^^^^^^^^^^^^^^^^^^^^^^^^^^^^^^^^^^^^
(Worker_DP1_PP1_TP4_EP12 pid=70901)   File "/home/w00985415/proj_0825/deps/vllm/vllm/distributed/device_communicators/shm_broadcast.py", line 913, in recv
(Worker_DP1_PP1_TP4_EP12 pid=70901)     if not socket.poll(timeout=timeout_ms):
(Worker_DP1_PP1_TP4_EP12 pid=70901)            ^^^^^^^^^^^^^^^^^^^^^^^^^^^^^^^
(Worker_DP1_PP1_TP4_EP12 pid=70901)   File "/usr/local/python3.11.10/lib/python3.11/site-packages/zmq/sugar/socket.py", line 1062, in poll
(Worker_DP1_PP1_TP4_EP12 pid=70901)     evts = dict(p.poll(timeout))
(Worker_DP1_PP1_TP4_EP12 pid=70901)                 ^^^^^^^^^^^^^^^
(Worker_DP1_PP1_TP4_EP12 pid=70901)   File "/usr/local/python3.11.10/lib/python3.11/site-packages/zmq/sugar/poll.py", line 106, in poll
(Worker_DP1_PP1_TP4_EP12 pid=70901)     return zmq_poll(self.sockets, timeout=timeout)
(Worker_DP1_PP1_TP4_EP12 pid=70901)            ^^^^^^^^^^^^^^^^^^^^^^^^^^^^^^^^^^^^^^^
(Worker_DP1_PP1_TP4_EP12 pid=70901)   File "zmq/backend/cython/_zmq.py", line 1680, in zmq.backend.cython._zmq.zmq_poll
(Worker_DP1_PP1_TP4_EP12 pid=70901)   File "zmq/backend/cython/_zmq.py", line 179, in zmq.backend.cython._zmq._check_rc
(Worker_DP1_PP1_TP4_EP12 pid=70901)   File "/home/w00985415/proj_0825/deps/vllm/vllm/v1/executor/multiproc_executor.py", line 869, in signal_handler
(Worker_DP1_PP1_TP4_EP12 pid=70901)     raise SystemExit()
(Worker_DP1_PP1_TP4_EP12 pid=70901) SystemExit
(Worker_DP1_PP1_TP4_EP12 pid=70901) 
(Worker_DP1_PP1_TP4_EP12 pid=70901) During handling of the above exception, another exception occurred:
(Worker_DP1_PP1_TP4_EP12 pid=70901) 
(Worker_DP1_PP1_TP4_EP12 pid=70901) Traceback (most recent call last):
(Worker_DP1_PP1_TP4_EP12 pid=70901)   File "/usr/local/python3.11.10/lib/python3.11/multiprocessing/managers.py", line 814, in _callmethod
(Worker_DP1_PP1_TP4_EP12 pid=70901)     conn = self._tls.connection
(Worker_DP1_PP1_TP4_EP12 pid=70901)            ^^^^^^^^^^^^^^^^^^^^
(Worker_DP1_PP1_TP4_EP12 pid=70901) AttributeError: 'ForkAwareLocal' object has no attribute 'connection'
(Worker_DP1_PP1_TP4_EP12 pid=70901) 
(Worker_DP1_PP1_TP4_EP12 pid=70901) During handling of the above exception, another exception occurred:
(Worker_DP1_PP1_TP4_EP12 pid=70901) 
(Worker_DP1_PP1_TP4_EP12 pid=70901) Traceback (most recent call last):
(Worker_DP1_PP1_TP4_EP12 pid=70901)   File "/usr/local/python3.11.10/lib/python3.11/multiprocessing/util.py", line 303, in _run_finalizers
(Worker_DP1_PP1_TP4_EP12 pid=70901)     finalizer()
(Worker_DP1_PP1_TP4_EP12 pid=70901)   File "/usr/local/python3.11.10/lib/python3.11/multiprocessing/util.py", line 227, in __call__
(Worker_DP1_PP1_TP4_EP12 pid=70901)     res = self._callback(*self._args, **self._kwargs)
(Worker_DP1_PP1_TP4_EP12 pid=70901)           ^^^^^^^^^^^^^^^^^^^^^^^^^^^^^^^^^^^^^^^^^^^
(Worker_DP1_PP1_TP4_EP12 pid=70901)   File "/usr/local/Ascend/ascend-toolkit/latest/python/site-packages/tbe/common/repository_manager/route.py", line 63, in wrapper
(Worker_DP1_PP1_TP4_EP12 pid=70901)     return func(cls, *args, **kwargs)
(Worker_DP1_PP1_TP4_EP12 pid=70901)            ^^^^^^^^^^^^^^^^^^^^^^^^^^
(Worker_DP1_PP1_TP4_EP12 pid=70901)   File "/usr/local/Ascend/ascend-toolkit/latest/python/site-packages/tbe/common/repository_manager/route.py", line 217, in finalize
(Worker_DP1_PP1_TP4_EP12 pid=70901)     cls.cann_kb_mgr.finalize()
(Worker_DP1_PP1_TP4_EP12 pid=70901)   File "/usr/local/Ascend/ascend-toolkit/latest/python/site-packages/tbe/common/repository_manager/cann_kb_manager/knowledge_bank_manager.py", line 42, in finalize
(Worker_DP1_PP1_TP4_EP12 pid=70901)     self.__static_mgr.close()
(Worker_DP1_PP1_TP4_EP12 pid=70901)   File "/usr/local/Ascend/ascend-toolkit/latest/python/site-packages/tbe/common/repository_manager/cann_kb_manager/base_manager.py", line 342, in close
(Worker_DP1_PP1_TP4_EP12 pid=70901)     for name in copy.deepcopy(self.write_kb.keys()):
(Worker_DP1_PP1_TP4_EP12 pid=70901)                               ^^^^^^^^^^^^^^^^^^^^
(Worker_DP1_PP1_TP4_EP12 pid=70901)   File "<string>", line 2, in keys
(Worker_DP1_PP1_TP4_EP12 pid=70901)   File "/usr/local/python3.11.10/lib/python3.11/multiprocessing/managers.py", line 818, in _callmethod
(Worker_DP1_PP1_TP4_EP12 pid=70901)     self._connect()
(Worker_DP1_PP1_TP4_EP12 pid=70901)   File "/usr/local/python3.11.10/lib/python3.11/multiprocessing/managers.py", line 805, in _connect
(Worker_DP1_PP1_TP4_EP12 pid=70901)     conn = self._Client(self._token.address, authkey=self._authkey)
(Worker_DP1_PP1_TP4_EP12 pid=70901)            ^^^^^^^^^^^^^^^^^^^^^^^^^^^^^^^^^^^^^^^^^^^^^^^^^^^^^^^^
(Worker_DP1_PP1_TP4_EP12 pid=70901)   File "/usr/local/python3.11.10/lib/python3.11/multiprocessing/connection.py", line 519, in Client
(Worker_DP1_PP1_TP4_EP12 pid=70901)     c = SocketClient(address)
(Worker_DP1_PP1_TP4_EP12 pid=70901)         ^^^^^^^^^^^^^^^^^^^^^
(Worker_DP1_PP1_TP4_EP12 pid=70901)   File "/usr/local/python3.11.10/lib/python3.11/multiprocessing/connection.py", line 647, in SocketClient
(Worker_DP1_PP1_TP4_EP12 pid=70901)     s.connect(address)
(Worker_DP1_PP1_TP4_EP12 pid=70901) ConnectionRefusedError: [Errno 111] Connection refused
(Worker_DP0_PP1_TP7_EP7 pid=71361) Traceback (most recent call last):
(Worker_DP0_PP1_TP4_EP4 pid=70912) Traceback (most recent call last):
(Worker_DP0_PP1_TP7_EP7 pid=71361)   File "/usr/local/python3.11.10/lib/python3.11/multiprocessing/process.py", line 314, in _bootstrap
(Worker_DP0_PP1_TP7_EP7 pid=71361)     self.run()
(Worker_DP0_PP1_TP7_EP7 pid=71361)   File "/usr/local/python3.11.10/lib/python3.11/multiprocessing/process.py", line 108, in run
(Worker_DP0_PP1_TP7_EP7 pid=71361)     self._target(*self._args, **self._kwargs)
(Worker_DP0_PP1_TP7_EP7 pid=71361)   File "/home/w00985415/proj_0825/deps/vllm/vllm/v1/executor/multiproc_executor.py", line 967, in worker_main
(Worker_DP0_PP1_TP7_EP7 pid=71361)     raise e
(Worker_DP0_PP1_TP7_EP7 pid=71361)   File "/home/w00985415/proj_0825/deps/vllm/vllm/v1/executor/multiproc_executor.py", line 935, in worker_main
(Worker_DP0_PP1_TP7_EP7 pid=71361)     worker.worker_busy_loop()
(Worker_DP0_PP1_TP7_EP7 pid=71361)   File "/home/w00985415/proj_0825/deps/vllm/vllm/v1/executor/multiproc_executor.py", line 1033, in worker_busy_loop
(Worker_DP0_PP1_TP7_EP7 pid=71361)     self._execute_worker_rpc(self.rpc_broadcast_mq.dequeue(indefinite=True))
(Worker_DP0_PP1_TP7_EP7 pid=71361)                              ^^^^^^^^^^^^^^^^^^^^^^^^^^^^^^^^^^^^^^^^^^^^^^
(Worker_DP0_PP1_TP7_EP7 pid=71361)   File "/home/w00985415/proj_0825/deps/vllm/vllm/distributed/device_communicators/shm_broadcast.py", line 904, in dequeue
(Worker_DP0_PP1_TP7_EP7 pid=71361)     obj = MessageQueue.recv(self.remote_socket, timeout)
(Worker_DP0_PP1_TP7_EP7 pid=71361)           ^^^^^^^^^^^^^^^^^^^^^^^^^^^^^^^^^^^^^^^^^^^^^^
(Worker_DP0_PP1_TP7_EP7 pid=71361)   File "/home/w00985415/proj_0825/deps/vllm/vllm/distributed/device_communicators/shm_broadcast.py", line 913, in recv
(Worker_DP0_PP1_TP7_EP7 pid=71361)     if not socket.poll(timeout=timeout_ms):
(Worker_DP0_PP1_TP7_EP7 pid=71361)            ^^^^^^^^^^^^^^^^^^^^^^^^^^^^^^^
(Worker_DP0_PP1_TP7_EP7 pid=71361)   File "/usr/local/python3.11.10/lib/python3.11/site-packages/zmq/sugar/socket.py", line 1062, in poll
(Worker_DP0_PP1_TP7_EP7 pid=71361)     evts = dict(p.poll(timeout))
(Worker_DP0_PP1_TP7_EP7 pid=71361)                 ^^^^^^^^^^^^^^^
(Worker_DP0_PP1_TP7_EP7 pid=71361)   File "/usr/local/python3.11.10/lib/python3.11/site-packages/zmq/sugar/poll.py", line 106, in poll
(Worker_DP0_PP1_TP7_EP7 pid=71361)     return zmq_poll(self.sockets, timeout=timeout)
(Worker_DP0_PP1_TP7_EP7 pid=71361)            ^^^^^^^^^^^^^^^^^^^^^^^^^^^^^^^^^^^^^^^
(Worker_DP0_PP1_TP7_EP7 pid=71361)   File "zmq/backend/cython/_zmq.py", line 1680, in zmq.backend.cython._zmq.zmq_poll
(Worker_DP0_PP1_TP7_EP7 pid=71361)   File "zmq/backend/cython/_zmq.py", line 179, in zmq.backend.cython._zmq._check_rc
(Worker_DP0_PP1_TP7_EP7 pid=71361)   File "/home/w00985415/proj_0825/deps/vllm/vllm/v1/executor/multiproc_executor.py", line 869, in signal_handler
(Worker_DP0_PP1_TP7_EP7 pid=71361)     raise SystemExit()
(Worker_DP0_PP1_TP7_EP7 pid=71361) SystemExit
(Worker_DP0_PP1_TP7_EP7 pid=71361) 
(Worker_DP0_PP1_TP7_EP7 pid=71361) During handling of the above exception, another exception occurred:
(Worker_DP0_PP1_TP7_EP7 pid=71361) 
(Worker_DP0_PP1_TP7_EP7 pid=71361) Traceback (most recent call last):
(Worker_DP0_PP1_TP4_EP4 pid=70912)   File "/usr/local/python3.11.10/lib/python3.11/multiprocessing/process.py", line 314, in _bootstrap
(Worker_DP0_PP1_TP4_EP4 pid=70912)     self.run()
(Worker_DP0_PP1_TP7_EP7 pid=71361)   File "/usr/local/python3.11.10/lib/python3.11/multiprocessing/managers.py", line 814, in _callmethod
(Worker_DP0_PP1_TP4_EP4 pid=70912)   File "/usr/local/python3.11.10/lib/python3.11/multiprocessing/process.py", line 108, in run
(Worker_DP0_PP1_TP4_EP4 pid=70912)     self._target(*self._args, **self._kwargs)
(Worker_DP0_PP1_TP7_EP7 pid=71361)     conn = self._tls.connection
(Worker_DP0_PP1_TP7_EP7 pid=71361)            ^^^^^^^^^^^^^^^^^^^^
(Worker_DP0_PP1_TP4_EP4 pid=70912)   File "/home/w00985415/proj_0825/deps/vllm/vllm/v1/executor/multiproc_executor.py", line 967, in worker_main
(Worker_DP0_PP1_TP4_EP4 pid=70912)     raise e
(Worker_DP0_PP1_TP7_EP7 pid=71361) AttributeError: 'ForkAwareLocal' object has no attribute 'connection'
(Worker_DP0_PP1_TP4_EP4 pid=70912)   File "/home/w00985415/proj_0825/deps/vllm/vllm/v1/executor/multiproc_executor.py", line 935, in worker_main
(Worker_DP0_PP1_TP4_EP4 pid=70912)     worker.worker_busy_loop()
(Worker_DP0_PP1_TP7_EP7 pid=71361) 
(Worker_DP0_PP1_TP4_EP4 pid=70912)   File "/home/w00985415/proj_0825/deps/vllm/vllm/v1/executor/multiproc_executor.py", line 1033, in worker_busy_loop
(Worker_DP0_PP1_TP7_EP7 pid=71361) During handling of the above exception, another exception occurred:
(Worker_DP0_PP1_TP4_EP4 pid=70912)     self._execute_worker_rpc(self.rpc_broadcast_mq.dequeue(indefinite=True))
(Worker_DP0_PP1_TP7_EP7 pid=71361) 
(Worker_DP0_PP1_TP4_EP4 pid=70912)                              ^^^^^^^^^^^^^^^^^^^^^^^^^^^^^^^^^^^^^^^^^^^^^^
(Worker_DP0_PP1_TP7_EP7 pid=71361) Traceback (most recent call last):
(Worker_DP0_PP1_TP4_EP4 pid=70912)   File "/home/w00985415/proj_0825/deps/vllm/vllm/distributed/device_communicators/shm_broadcast.py", line 904, in dequeue
(Worker_DP0_PP1_TP4_EP4 pid=70912)     obj = MessageQueue.recv(self.remote_socket, timeout)
(Worker_DP0_PP1_TP4_EP4 pid=70912)           ^^^^^^^^^^^^^^^^^^^^^^^^^^^^^^^^^^^^^^^^^^^^^^
(Worker_DP0_PP1_TP4_EP4 pid=70912)   File "/home/w00985415/proj_0825/deps/vllm/vllm/distributed/device_communicators/shm_broadcast.py", line 913, in recv
(Worker_DP0_PP1_TP4_EP4 pid=70912)     if not socket.poll(timeout=timeout_ms):
(Worker_DP0_PP1_TP4_EP4 pid=70912)            ^^^^^^^^^^^^^^^^^^^^^^^^^^^^^^^
(Worker_DP0_PP1_TP4_EP4 pid=70912)   File "/usr/local/python3.11.10/lib/python3.11/site-packages/zmq/sugar/socket.py", line 1062, in poll
(Worker_DP0_PP1_TP4_EP4 pid=70912)     evts = dict(p.poll(timeout))
(Worker_DP0_PP1_TP4_EP4 pid=70912)                 ^^^^^^^^^^^^^^^
(Worker_DP0_PP1_TP4_EP4 pid=70912)   File "/usr/local/python3.11.10/lib/python3.11/site-packages/zmq/sugar/poll.py", line 106, in poll
(Worker_DP0_PP1_TP4_EP4 pid=70912)     return zmq_poll(self.sockets, timeout=timeout)
(Worker_DP0_PP1_TP4_EP4 pid=70912)            ^^^^^^^^^^^^^^^^^^^^^^^^^^^^^^^^^^^^^^^
(Worker_DP0_PP1_TP4_EP4 pid=70912)   File "zmq/backend/cython/_zmq.py", line 1680, in zmq.backend.cython._zmq.zmq_poll
(Worker_DP0_PP1_TP4_EP4 pid=70912)   File "zmq/backend/cython/_zmq.py", line 179, in zmq.backend.cython._zmq._check_rc
(Worker_DP0_PP1_TP4_EP4 pid=70912)   File "/home/w00985415/proj_0825/deps/vllm/vllm/v1/executor/multiproc_executor.py", line 869, in signal_handler
(Worker_DP0_PP1_TP4_EP4 pid=70912)     raise SystemExit()
(Worker_DP0_PP1_TP4_EP4 pid=70912) SystemExit
(Worker_DP0_PP1_TP4_EP4 pid=70912) 
(Worker_DP0_PP1_TP4_EP4 pid=70912) During handling of the above exception, another exception occurred:
(Worker_DP0_PP1_TP4_EP4 pid=70912) 
(Worker_DP0_PP1_TP4_EP4 pid=70912) Traceback (most recent call last):
(Worker_DP0_PP1_TP4_EP4 pid=70912)   File "/usr/local/python3.11.10/lib/python3.11/multiprocessing/managers.py", line 814, in _callmethod
(Worker_DP0_PP1_TP4_EP4 pid=70912)     conn = self._tls.connection
(Worker_DP0_PP1_TP4_EP4 pid=70912)            ^^^^^^^^^^^^^^^^^^^^
(Worker_DP0_PP1_TP4_EP4 pid=70912) AttributeError: 'ForkAwareLocal' object has no attribute 'connection'
(Worker_DP0_PP1_TP4_EP4 pid=70912) 
(Worker_DP0_PP1_TP4_EP4 pid=70912) During handling of the above exception, another exception occurred:
(Worker_DP0_PP1_TP4_EP4 pid=70912) 
(Worker_DP0_PP1_TP4_EP4 pid=70912) Traceback (most recent call last):
(Worker_DP0_PP1_TP7_EP7 pid=71361)   File "/usr/local/python3.11.10/lib/python3.11/multiprocessing/util.py", line 303, in _run_finalizers
(Worker_DP0_PP1_TP7_EP7 pid=71361)     finalizer()
(Worker_DP0_PP1_TP7_EP7 pid=71361)   File "/usr/local/python3.11.10/lib/python3.11/multiprocessing/util.py", line 227, in __call__
(Worker_DP0_PP1_TP7_EP7 pid=71361)     res = self._callback(*self._args, **self._kwargs)
(Worker_DP0_PP1_TP7_EP7 pid=71361)           ^^^^^^^^^^^^^^^^^^^^^^^^^^^^^^^^^^^^^^^^^^^
(Worker_DP0_PP1_TP7_EP7 pid=71361)   File "/usr/local/Ascend/ascend-toolkit/latest/python/site-packages/tbe/common/repository_manager/route.py", line 63, in wrapper
(Worker_DP0_PP1_TP7_EP7 pid=71361)     return func(cls, *args, **kwargs)
(Worker_DP0_PP1_TP7_EP7 pid=71361)            ^^^^^^^^^^^^^^^^^^^^^^^^^^
(Worker_DP0_PP1_TP7_EP7 pid=71361)   File "/usr/local/Ascend/ascend-toolkit/latest/python/site-packages/tbe/common/repository_manager/route.py", line 217, in finalize
(Worker_DP0_PP1_TP7_EP7 pid=71361)     cls.cann_kb_mgr.finalize()
(Worker_DP0_PP1_TP7_EP7 pid=71361)   File "/usr/local/Ascend/ascend-toolkit/latest/python/site-packages/tbe/common/repository_manager/cann_kb_manager/knowledge_bank_manager.py", line 42, in finalize
(Worker_DP0_PP1_TP7_EP7 pid=71361)     self.__static_mgr.close()
(Worker_DP0_PP1_TP7_EP7 pid=71361)   File "/usr/local/Ascend/ascend-toolkit/latest/python/site-packages/tbe/common/repository_manager/cann_kb_manager/base_manager.py", line 342, in close
(Worker_DP0_PP1_TP7_EP7 pid=71361)     for name in copy.deepcopy(self.write_kb.keys()):
(Worker_DP0_PP1_TP7_EP7 pid=71361)                               ^^^^^^^^^^^^^^^^^^^^
(Worker_DP0_PP1_TP7_EP7 pid=71361)   File "<string>", line 2, in keys
(Worker_DP0_PP1_TP7_EP7 pid=71361)   File "/usr/local/python3.11.10/lib/python3.11/multiprocessing/managers.py", line 818, in _callmethod
(Worker_DP0_PP1_TP7_EP7 pid=71361)     self._connect()
(Worker_DP0_PP1_TP7_EP7 pid=71361)   File "/usr/local/python3.11.10/lib/python3.11/multiprocessing/managers.py", line 805, in _connect
(Worker_DP0_PP1_TP7_EP7 pid=71361)     conn = self._Client(self._token.address, authkey=self._authkey)
(Worker_DP0_PP1_TP7_EP7 pid=71361)            ^^^^^^^^^^^^^^^^^^^^^^^^^^^^^^^^^^^^^^^^^^^^^^^^^^^^^^^^
(Worker_DP0_PP1_TP7_EP7 pid=71361)   File "/usr/local/python3.11.10/lib/python3.11/multiprocessing/connection.py", line 519, in Client
(Worker_DP0_PP1_TP7_EP7 pid=71361)     c = SocketClient(address)
(Worker_DP0_PP1_TP7_EP7 pid=71361)         ^^^^^^^^^^^^^^^^^^^^^
(Worker_DP0_PP1_TP7_EP7 pid=71361)   File "/usr/local/python3.11.10/lib/python3.11/multiprocessing/connection.py", line 647, in SocketClient
(Worker_DP0_PP1_TP7_EP7 pid=71361)     s.connect(address)
(Worker_DP0_PP1_TP7_EP7 pid=71361) ConnectionRefusedError: [Errno 111] Connection refused
(Worker_DP0_PP1_TP4_EP4 pid=70912)   File "/usr/local/python3.11.10/lib/python3.11/multiprocessing/util.py", line 303, in _run_finalizers
(Worker_DP0_PP1_TP4_EP4 pid=70912)     finalizer()
(Worker_DP0_PP1_TP4_EP4 pid=70912)   File "/usr/local/python3.11.10/lib/python3.11/multiprocessing/util.py", line 227, in __call__
(Worker_DP0_PP1_TP4_EP4 pid=70912)     res = self._callback(*self._args, **self._kwargs)
(Worker_DP0_PP1_TP4_EP4 pid=70912)           ^^^^^^^^^^^^^^^^^^^^^^^^^^^^^^^^^^^^^^^^^^^
(Worker_DP0_PP1_TP4_EP4 pid=70912)   File "/usr/local/Ascend/ascend-toolkit/latest/python/site-packages/tbe/common/repository_manager/route.py", line 63, in wrapper
(Worker_DP0_PP1_TP4_EP4 pid=70912)     return func(cls, *args, **kwargs)
(Worker_DP0_PP1_TP4_EP4 pid=70912)            ^^^^^^^^^^^^^^^^^^^^^^^^^^
(Worker_DP0_PP1_TP4_EP4 pid=70912)   File "/usr/local/Ascend/ascend-toolkit/latest/python/site-packages/tbe/common/repository_manager/route.py", line 217, in finalize
(Worker_DP0_PP1_TP4_EP4 pid=70912)     cls.cann_kb_mgr.finalize()
(Worker_DP0_PP1_TP4_EP4 pid=70912)   File "/usr/local/Ascend/ascend-toolkit/latest/python/site-packages/tbe/common/repository_manager/cann_kb_manager/knowledge_bank_manager.py", line 42, in finalize
(Worker_DP0_PP1_TP4_EP4 pid=70912)     self.__static_mgr.close()
(Worker_DP0_PP1_TP4_EP4 pid=70912)   File "/usr/local/Ascend/ascend-toolkit/latest/python/site-packages/tbe/common/repository_manager/cann_kb_manager/base_manager.py", line 342, in close
(Worker_DP0_PP1_TP4_EP4 pid=70912)     for name in copy.deepcopy(self.write_kb.keys()):
(Worker_DP0_PP1_TP4_EP4 pid=70912)                               ^^^^^^^^^^^^^^^^^^^^
(Worker_DP0_PP1_TP4_EP4 pid=70912)   File "<string>", line 2, in keys
(Worker_DP0_PP1_TP4_EP4 pid=70912)   File "/usr/local/python3.11.10/lib/python3.11/multiprocessing/managers.py", line 818, in _callmethod
(Worker_DP0_PP1_TP4_EP4 pid=70912)     self._connect()
(Worker_DP0_PP1_TP4_EP4 pid=70912)   File "/usr/local/python3.11.10/lib/python3.11/multiprocessing/managers.py", line 805, in _connect
(Worker_DP0_PP1_TP4_EP4 pid=70912)     conn = self._Client(self._token.address, authkey=self._authkey)
(Worker_DP0_PP1_TP4_EP4 pid=70912)            ^^^^^^^^^^^^^^^^^^^^^^^^^^^^^^^^^^^^^^^^^^^^^^^^^^^^^^^^
(Worker_DP0_PP1_TP4_EP4 pid=70912)   File "/usr/local/python3.11.10/lib/python3.11/multiprocessing/connection.py", line 519, in Client
(Worker_DP0_PP1_TP4_EP4 pid=70912)     c = SocketClient(address)
(Worker_DP0_PP1_TP4_EP4 pid=70912)         ^^^^^^^^^^^^^^^^^^^^^
(Worker_DP0_PP1_TP4_EP4 pid=70912)   File "/usr/local/python3.11.10/lib/python3.11/multiprocessing/connection.py", line 647, in SocketClient
(Worker_DP0_PP1_TP4_EP4 pid=70912)     s.connect(address)
(Worker_DP0_PP1_TP4_EP4 pid=70912) ConnectionRefusedError: [Errno 111] Connection refused
(Worker_DP0_PP1_TP1_EP1 pid=70477) Traceback (most recent call last):
(Worker_DP0_PP1_TP1_EP1 pid=70477)   File "/usr/local/python3.11.10/lib/python3.11/multiprocessing/process.py", line 314, in _bootstrap
(Worker_DP0_PP1_TP1_EP1 pid=70477)     self.run()
(Worker_DP0_PP1_TP1_EP1 pid=70477)   File "/usr/local/python3.11.10/lib/python3.11/multiprocessing/process.py", line 108, in run
(Worker_DP0_PP1_TP1_EP1 pid=70477)     self._target(*self._args, **self._kwargs)
(Worker_DP0_PP1_TP1_EP1 pid=70477)   File "/home/w00985415/proj_0825/deps/vllm/vllm/v1/executor/multiproc_executor.py", line 967, in worker_main
(Worker_DP0_PP1_TP1_EP1 pid=70477)     raise e
(Worker_DP0_PP1_TP1_EP1 pid=70477)   File "/home/w00985415/proj_0825/deps/vllm/vllm/v1/executor/multiproc_executor.py", line 935, in worker_main
(Worker_DP0_PP1_TP1_EP1 pid=70477)     worker.worker_busy_loop()
(Worker_DP0_PP1_TP1_EP1 pid=70477)   File "/home/w00985415/proj_0825/deps/vllm/vllm/v1/executor/multiproc_executor.py", line 1033, in worker_busy_loop
(Worker_DP0_PP1_TP1_EP1 pid=70477)     self._execute_worker_rpc(self.rpc_broadcast_mq.dequeue(indefinite=True))
(Worker_DP0_PP1_TP1_EP1 pid=70477)                              ^^^^^^^^^^^^^^^^^^^^^^^^^^^^^^^^^^^^^^^^^^^^^^
(Worker_DP0_PP1_TP1_EP1 pid=70477)   File "/home/w00985415/proj_0825/deps/vllm/vllm/distributed/device_communicators/shm_broadcast.py", line 904, in dequeue
(Worker_DP0_PP1_TP1_EP1 pid=70477)     obj = MessageQueue.recv(self.remote_socket, timeout)
(Worker_DP0_PP1_TP1_EP1 pid=70477)           ^^^^^^^^^^^^^^^^^^^^^^^^^^^^^^^^^^^^^^^^^^^^^^
(Worker_DP0_PP1_TP1_EP1 pid=70477)   File "/home/w00985415/proj_0825/deps/vllm/vllm/distributed/device_communicators/shm_broadcast.py", line 913, in recv
(Worker_DP0_PP1_TP1_EP1 pid=70477)     if not socket.poll(timeout=timeout_ms):
(Worker_DP0_PP1_TP1_EP1 pid=70477)            ^^^^^^^^^^^^^^^^^^^^^^^^^^^^^^^
(Worker_DP0_PP1_TP1_EP1 pid=70477)   File "/usr/local/python3.11.10/lib/python3.11/site-packages/zmq/sugar/socket.py", line 1062, in poll
(Worker_DP0_PP1_TP1_EP1 pid=70477)     evts = dict(p.poll(timeout))
(Worker_DP0_PP1_TP1_EP1 pid=70477)                 ^^^^^^^^^^^^^^^
(Worker_DP0_PP1_TP1_EP1 pid=70477)   File "/usr/local/python3.11.10/lib/python3.11/site-packages/zmq/sugar/poll.py", line 106, in poll
(Worker_DP0_PP1_TP1_EP1 pid=70477)     return zmq_poll(self.sockets, timeout=timeout)
(Worker_DP0_PP1_TP1_EP1 pid=70477)            ^^^^^^^^^^^^^^^^^^^^^^^^^^^^^^^^^^^^^^^
(Worker_DP0_PP1_TP1_EP1 pid=70477)   File "zmq/backend/cython/_zmq.py", line 1680, in zmq.backend.cython._zmq.zmq_poll
(Worker_DP0_PP1_TP1_EP1 pid=70477)   File "zmq/backend/cython/_zmq.py", line 179, in zmq.backend.cython._zmq._check_rc
(Worker_DP0_PP1_TP1_EP1 pid=70477)   File "/home/w00985415/proj_0825/deps/vllm/vllm/v1/executor/multiproc_executor.py", line 869, in signal_handler
(Worker_DP0_PP1_TP1_EP1 pid=70477)     raise SystemExit()
(Worker_DP0_PP1_TP1_EP1 pid=70477) SystemExit
(Worker_DP0_PP1_TP1_EP1 pid=70477) 
(Worker_DP0_PP1_TP1_EP1 pid=70477) During handling of the above exception, another exception occurred:
(Worker_DP0_PP1_TP1_EP1 pid=70477) 
(Worker_DP0_PP1_TP1_EP1 pid=70477) Traceback (most recent call last):
(Worker_DP0_PP1_TP1_EP1 pid=70477)   File "/usr/local/python3.11.10/lib/python3.11/multiprocessing/managers.py", line 814, in _callmethod
(Worker_DP0_PP1_TP1_EP1 pid=70477)     conn = self._tls.connection
(Worker_DP0_PP1_TP1_EP1 pid=70477)            ^^^^^^^^^^^^^^^^^^^^
(Worker_DP0_PP1_TP1_EP1 pid=70477) AttributeError: 'ForkAwareLocal' object has no attribute 'connection'
(Worker_DP0_PP1_TP1_EP1 pid=70477) 
(Worker_DP0_PP1_TP1_EP1 pid=70477) During handling of the above exception, another exception occurred:
(Worker_DP0_PP1_TP1_EP1 pid=70477) 
(Worker_DP0_PP1_TP1_EP1 pid=70477) Traceback (most recent call last):
(Worker_DP0_PP1_TP1_EP1 pid=70477)   File "/usr/local/python3.11.10/lib/python3.11/multiprocessing/util.py", line 303, in _run_finalizers
(Worker_DP0_PP1_TP1_EP1 pid=70477)     finalizer()
(Worker_DP0_PP1_TP1_EP1 pid=70477)   File "/usr/local/python3.11.10/lib/python3.11/multiprocessing/util.py", line 227, in __call__
(Worker_DP0_PP1_TP1_EP1 pid=70477)     res = self._callback(*self._args, **self._kwargs)
(Worker_DP0_PP1_TP1_EP1 pid=70477)           ^^^^^^^^^^^^^^^^^^^^^^^^^^^^^^^^^^^^^^^^^^^
(Worker_DP0_PP1_TP1_EP1 pid=70477)   File "/usr/local/Ascend/ascend-toolkit/latest/python/site-packages/tbe/common/repository_manager/route.py", line 63, in wrapper
(Worker_DP0_PP1_TP1_EP1 pid=70477)     return func(cls, *args, **kwargs)
(Worker_DP0_PP1_TP1_EP1 pid=70477)            ^^^^^^^^^^^^^^^^^^^^^^^^^^
(Worker_DP0_PP1_TP1_EP1 pid=70477)   File "/usr/local/Ascend/ascend-toolkit/latest/python/site-packages/tbe/common/repository_manager/route.py", line 217, in finalize
(Worker_DP0_PP1_TP1_EP1 pid=70477)     cls.cann_kb_mgr.finalize()
(Worker_DP0_PP1_TP1_EP1 pid=70477)   File "/usr/local/Ascend/ascend-toolkit/latest/python/site-packages/tbe/common/repository_manager/cann_kb_manager/knowledge_bank_manager.py", line 42, in finalize
(Worker_DP0_PP1_TP1_EP1 pid=70477)     self.__static_mgr.close()
(Worker_DP0_PP1_TP1_EP1 pid=70477)   File "/usr/local/Ascend/ascend-toolkit/latest/python/site-packages/tbe/common/repository_manager/cann_kb_manager/base_manager.py", line 342, in close
(Worker_DP0_PP1_TP1_EP1 pid=70477)     for name in copy.deepcopy(self.write_kb.keys()):
(Worker_DP0_PP1_TP1_EP1 pid=70477)                               ^^^^^^^^^^^^^^^^^^^^
(Worker_DP0_PP1_TP1_EP1 pid=70477)   File "<string>", line 2, in keys
(Worker_DP0_PP1_TP1_EP1 pid=70477)   File "/usr/local/python3.11.10/lib/python3.11/multiprocessing/managers.py", line 818, in _callmethod
(Worker_DP0_PP1_TP1_EP1 pid=70477)     self._connect()
(Worker_DP0_PP1_TP1_EP1 pid=70477)   File "/usr/local/python3.11.10/lib/python3.11/multiprocessing/managers.py", line 805, in _connect
(Worker_DP0_PP1_TP1_EP1 pid=70477)     conn = self._Client(self._token.address, authkey=self._authkey)
(Worker_DP0_PP1_TP1_EP1 pid=70477)            ^^^^^^^^^^^^^^^^^^^^^^^^^^^^^^^^^^^^^^^^^^^^^^^^^^^^^^^^
(Worker_DP0_PP1_TP1_EP1 pid=70477)   File "/usr/local/python3.11.10/lib/python3.11/multiprocessing/connection.py", line 519, in Client
(Worker_DP0_PP1_TP1_EP1 pid=70477)     c = SocketClient(address)
(Worker_DP0_PP1_TP1_EP1 pid=70477)         ^^^^^^^^^^^^^^^^^^^^^
(Worker_DP0_PP1_TP1_EP1 pid=70477)   File "/usr/local/python3.11.10/lib/python3.11/multiprocessing/connection.py", line 647, in SocketClient
(Worker_DP0_PP1_TP1_EP1 pid=70477)     s.connect(address)
(Worker_DP0_PP1_TP1_EP1 pid=70477) ConnectionRefusedError: [Errno 111] Connection refused
(Worker_DP0_PP1_TP0_EP0 pid=70382) Traceback (most recent call last):
(Worker_DP0_PP1_TP0_EP0 pid=70382)   File "/usr/local/python3.11.10/lib/python3.11/multiprocessing/process.py", line 314, in _bootstrap
(Worker_DP0_PP1_TP0_EP0 pid=70382)     self.run()
(Worker_DP0_PP1_TP0_EP0 pid=70382)   File "/usr/local/python3.11.10/lib/python3.11/multiprocessing/process.py", line 108, in run
(Worker_DP0_PP1_TP0_EP0 pid=70382)     self._target(*self._args, **self._kwargs)
(Worker_DP0_PP1_TP0_EP0 pid=70382)   File "/home/w00985415/proj_0825/deps/vllm/vllm/v1/executor/multiproc_executor.py", line 967, in worker_main
(Worker_DP0_PP1_TP0_EP0 pid=70382)     raise e
(Worker_DP0_PP1_TP0_EP0 pid=70382)   File "/home/w00985415/proj_0825/deps/vllm/vllm/v1/executor/multiproc_executor.py", line 935, in worker_main
(Worker_DP0_PP1_TP0_EP0 pid=70382)     worker.worker_busy_loop()
(Worker_DP0_PP1_TP0_EP0 pid=70382)   File "/home/w00985415/proj_0825/deps/vllm/vllm/v1/executor/multiproc_executor.py", line 1033, in worker_busy_loop
(Worker_DP0_PP1_TP0_EP0 pid=70382)     self._execute_worker_rpc(self.rpc_broadcast_mq.dequeue(indefinite=True))
(Worker_DP0_PP1_TP0_EP0 pid=70382)                              ^^^^^^^^^^^^^^^^^^^^^^^^^^^^^^^^^^^^^^^^^^^^^^
(Worker_DP0_PP1_TP0_EP0 pid=70382)   File "/home/w00985415/proj_0825/deps/vllm/vllm/distributed/device_communicators/shm_broadcast.py", line 904, in dequeue
(Worker_DP0_PP1_TP0_EP0 pid=70382)     obj = MessageQueue.recv(self.remote_socket, timeout)
(Worker_DP0_PP1_TP0_EP0 pid=70382)           ^^^^^^^^^^^^^^^^^^^^^^^^^^^^^^^^^^^^^^^^^^^^^^
(Worker_DP0_PP1_TP0_EP0 pid=70382)   File "/home/w00985415/proj_0825/deps/vllm/vllm/distributed/device_communicators/shm_broadcast.py", line 913, in recv
(Worker_DP0_PP1_TP0_EP0 pid=70382)     if not socket.poll(timeout=timeout_ms):
(Worker_DP0_PP1_TP0_EP0 pid=70382)            ^^^^^^^^^^^^^^^^^^^^^^^^^^^^^^^
(Worker_DP0_PP1_TP0_EP0 pid=70382)   File "/usr/local/python3.11.10/lib/python3.11/site-packages/zmq/sugar/socket.py", line 1062, in poll
(Worker_DP0_PP1_TP0_EP0 pid=70382)     evts = dict(p.poll(timeout))
(Worker_DP0_PP1_TP0_EP0 pid=70382)                 ^^^^^^^^^^^^^^^
(Worker_DP0_PP1_TP0_EP0 pid=70382)   File "/usr/local/python3.11.10/lib/python3.11/site-packages/zmq/sugar/poll.py", line 106, in poll
(Worker_DP0_PP1_TP0_EP0 pid=70382)     return zmq_poll(self.sockets, timeout=timeout)
(Worker_DP0_PP1_TP0_EP0 pid=70382)            ^^^^^^^^^^^^^^^^^^^^^^^^^^^^^^^^^^^^^^^
(Worker_DP0_PP1_TP0_EP0 pid=70382)   File "zmq/backend/cython/_zmq.py", line 1680, in zmq.backend.cython._zmq.zmq_poll
(Worker_DP0_PP1_TP0_EP0 pid=70382)   File "zmq/backend/cython/_zmq.py", line 179, in zmq.backend.cython._zmq._check_rc
(Worker_DP0_PP1_TP0_EP0 pid=70382)   File "/home/w00985415/proj_0825/deps/vllm/vllm/v1/executor/multiproc_executor.py", line 869, in signal_handler
(Worker_DP0_PP1_TP0_EP0 pid=70382)     raise SystemExit()
(Worker_DP0_PP1_TP0_EP0 pid=70382) SystemExit
(Worker_DP0_PP1_TP0_EP0 pid=70382) 
(Worker_DP0_PP1_TP0_EP0 pid=70382) During handling of the above exception, another exception occurred:
(Worker_DP0_PP1_TP0_EP0 pid=70382) 
(Worker_DP0_PP1_TP0_EP0 pid=70382) Traceback (most recent call last):
(Worker_DP0_PP1_TP0_EP0 pid=70382)   File "/usr/local/python3.11.10/lib/python3.11/multiprocessing/managers.py", line 814, in _callmethod
(Worker_DP0_PP1_TP0_EP0 pid=70382)     conn = self._tls.connection
(Worker_DP0_PP1_TP0_EP0 pid=70382)            ^^^^^^^^^^^^^^^^^^^^
(Worker_DP0_PP1_TP0_EP0 pid=70382) AttributeError: 'ForkAwareLocal' object has no attribute 'connection'
(Worker_DP0_PP1_TP0_EP0 pid=70382) 
(Worker_DP0_PP1_TP0_EP0 pid=70382) During handling of the above exception, another exception occurred:
(Worker_DP0_PP1_TP0_EP0 pid=70382) 
(Worker_DP0_PP1_TP0_EP0 pid=70382) Traceback (most recent call last):
(Worker_DP0_PP1_TP0_EP0 pid=70382)   File "/usr/local/python3.11.10/lib/python3.11/multiprocessing/util.py", line 303, in _run_finalizers
(Worker_DP0_PP1_TP0_EP0 pid=70382)     finalizer()
(Worker_DP0_PP1_TP0_EP0 pid=70382)   File "/usr/local/python3.11.10/lib/python3.11/multiprocessing/util.py", line 227, in __call__
(Worker_DP0_PP1_TP0_EP0 pid=70382)     res = self._callback(*self._args, **self._kwargs)
(Worker_DP0_PP1_TP0_EP0 pid=70382)           ^^^^^^^^^^^^^^^^^^^^^^^^^^^^^^^^^^^^^^^^^^^
(Worker_DP0_PP1_TP0_EP0 pid=70382)   File "/usr/local/Ascend/ascend-toolkit/latest/python/site-packages/tbe/common/repository_manager/route.py", line 63, in wrapper
(Worker_DP0_PP1_TP0_EP0 pid=70382)     return func(cls, *args, **kwargs)
(Worker_DP0_PP1_TP0_EP0 pid=70382)            ^^^^^^^^^^^^^^^^^^^^^^^^^^
(Worker_DP0_PP1_TP0_EP0 pid=70382)   File "/usr/local/Ascend/ascend-toolkit/latest/python/site-packages/tbe/common/repository_manager/route.py", line 217, in finalize
(Worker_DP0_PP1_TP0_EP0 pid=70382)     cls.cann_kb_mgr.finalize()
(Worker_DP0_PP1_TP0_EP0 pid=70382)   File "/usr/local/Ascend/ascend-toolkit/latest/python/site-packages/tbe/common/repository_manager/cann_kb_manager/knowledge_bank_manager.py", line 42, in finalize
(Worker_DP0_PP1_TP0_EP0 pid=70382)     self.__static_mgr.close()
(Worker_DP0_PP1_TP0_EP0 pid=70382)   File "/usr/local/Ascend/ascend-toolkit/latest/python/site-packages/tbe/common/repository_manager/cann_kb_manager/base_manager.py", line 342, in close
(Worker_DP0_PP1_TP0_EP0 pid=70382)     for name in copy.deepcopy(self.write_kb.keys()):
(Worker_DP0_PP1_TP0_EP0 pid=70382)                               ^^^^^^^^^^^^^^^^^^^^
(Worker_DP0_PP1_TP0_EP0 pid=70382)   File "<string>", line 2, in keys
(Worker_DP0_PP1_TP0_EP0 pid=70382)   File "/usr/local/python3.11.10/lib/python3.11/multiprocessing/managers.py", line 818, in _callmethod
(Worker_DP0_PP1_TP0_EP0 pid=70382)     self._connect()
(Worker_DP0_PP1_TP0_EP0 pid=70382)   File "/usr/local/python3.11.10/lib/python3.11/multiprocessing/managers.py", line 805, in _connect
(Worker_DP0_PP1_TP0_EP0 pid=70382)     conn = self._Client(self._token.address, authkey=self._authkey)
(Worker_DP0_PP1_TP0_EP0 pid=70382)            ^^^^^^^^^^^^^^^^^^^^^^^^^^^^^^^^^^^^^^^^^^^^^^^^^^^^^^^^
(Worker_DP0_PP1_TP0_EP0 pid=70382)   File "/usr/local/python3.11.10/lib/python3.11/multiprocessing/connection.py", line 519, in Client
(Worker_DP0_PP1_TP0_EP0 pid=70382)     c = SocketClient(address)
(Worker_DP0_PP1_TP0_EP0 pid=70382)         ^^^^^^^^^^^^^^^^^^^^^
(Worker_DP0_PP1_TP0_EP0 pid=70382)   File "/usr/local/python3.11.10/lib/python3.11/multiprocessing/connection.py", line 647, in SocketClient
(Worker_DP0_PP1_TP0_EP0 pid=70382)     s.connect(address)
(Worker_DP0_PP1_TP0_EP0 pid=70382) ConnectionRefusedError: [Errno 111] Connection refused
(Worker_DP1_PP1_TP2_EP10 pid=70617) Traceback (most recent call last):
(Worker_DP1_PP1_TP2_EP10 pid=70617)   File "/usr/local/python3.11.10/lib/python3.11/multiprocessing/process.py", line 314, in _bootstrap
(Worker_DP1_PP1_TP2_EP10 pid=70617)     self.run()
(Worker_DP1_PP1_TP2_EP10 pid=70617)   File "/usr/local/python3.11.10/lib/python3.11/multiprocessing/process.py", line 108, in run
(Worker_DP1_PP1_TP2_EP10 pid=70617)     self._target(*self._args, **self._kwargs)
(Worker_DP1_PP1_TP2_EP10 pid=70617)   File "/home/w00985415/proj_0825/deps/vllm/vllm/v1/executor/multiproc_executor.py", line 967, in worker_main
(Worker_DP1_PP1_TP2_EP10 pid=70617)     raise e
(Worker_DP1_PP1_TP2_EP10 pid=70617)   File "/home/w00985415/proj_0825/deps/vllm/vllm/v1/executor/multiproc_executor.py", line 935, in worker_main
(Worker_DP1_PP1_TP2_EP10 pid=70617)     worker.worker_busy_loop()
(Worker_DP1_PP1_TP2_EP10 pid=70617)   File "/home/w00985415/proj_0825/deps/vllm/vllm/v1/executor/multiproc_executor.py", line 1033, in worker_busy_loop
(Worker_DP1_PP1_TP2_EP10 pid=70617)     self._execute_worker_rpc(self.rpc_broadcast_mq.dequeue(indefinite=True))
(Worker_DP1_PP1_TP2_EP10 pid=70617)                              ^^^^^^^^^^^^^^^^^^^^^^^^^^^^^^^^^^^^^^^^^^^^^^
(Worker_DP1_PP1_TP2_EP10 pid=70617)   File "/home/w00985415/proj_0825/deps/vllm/vllm/distributed/device_communicators/shm_broadcast.py", line 904, in dequeue
(Worker_DP1_PP1_TP2_EP10 pid=70617)     obj = MessageQueue.recv(self.remote_socket, timeout)
(Worker_DP1_PP1_TP2_EP10 pid=70617)           ^^^^^^^^^^^^^^^^^^^^^^^^^^^^^^^^^^^^^^^^^^^^^^
(Worker_DP1_PP1_TP2_EP10 pid=70617)   File "/home/w00985415/proj_0825/deps/vllm/vllm/distributed/device_communicators/shm_broadcast.py", line 913, in recv
(Worker_DP1_PP1_TP2_EP10 pid=70617)     if not socket.poll(timeout=timeout_ms):
(Worker_DP1_PP1_TP2_EP10 pid=70617)            ^^^^^^^^^^^^^^^^^^^^^^^^^^^^^^^
(Worker_DP1_PP1_TP2_EP10 pid=70617)   File "/usr/local/python3.11.10/lib/python3.11/site-packages/zmq/sugar/socket.py", line 1062, in poll
(Worker_DP1_PP1_TP2_EP10 pid=70617)     evts = dict(p.poll(timeout))
(Worker_DP1_PP1_TP2_EP10 pid=70617)                 ^^^^^^^^^^^^^^^
(Worker_DP1_PP1_TP2_EP10 pid=70617)   File "/usr/local/python3.11.10/lib/python3.11/site-packages/zmq/sugar/poll.py", line 106, in poll
(Worker_DP1_PP1_TP2_EP10 pid=70617)     return zmq_poll(self.sockets, timeout=timeout)
(Worker_DP1_PP1_TP2_EP10 pid=70617)            ^^^^^^^^^^^^^^^^^^^^^^^^^^^^^^^^^^^^^^^
(Worker_DP1_PP1_TP2_EP10 pid=70617)   File "zmq/backend/cython/_zmq.py", line 1680, in zmq.backend.cython._zmq.zmq_poll
(Worker_DP1_PP1_TP2_EP10 pid=70617)   File "zmq/backend/cython/_zmq.py", line 179, in zmq.backend.cython._zmq._check_rc
(Worker_DP1_PP1_TP2_EP10 pid=70617)   File "/home/w00985415/proj_0825/deps/vllm/vllm/v1/executor/multiproc_executor.py", line 869, in signal_handler
(Worker_DP1_PP1_TP2_EP10 pid=70617)     raise SystemExit()
(Worker_DP1_PP1_TP2_EP10 pid=70617) SystemExit
(Worker_DP1_PP1_TP2_EP10 pid=70617) 
(Worker_DP1_PP1_TP2_EP10 pid=70617) During handling of the above exception, another exception occurred:
(Worker_DP1_PP1_TP2_EP10 pid=70617) 
(Worker_DP1_PP1_TP2_EP10 pid=70617) Traceback (most recent call last):
(Worker_DP1_PP1_TP2_EP10 pid=70617)   File "/usr/local/python3.11.10/lib/python3.11/multiprocessing/managers.py", line 814, in _callmethod
(Worker_DP1_PP1_TP2_EP10 pid=70617)     conn = self._tls.connection
(Worker_DP1_PP1_TP2_EP10 pid=70617)            ^^^^^^^^^^^^^^^^^^^^
(Worker_DP1_PP1_TP2_EP10 pid=70617) AttributeError: 'ForkAwareLocal' object has no attribute 'connection'
(Worker_DP1_PP1_TP2_EP10 pid=70617) 
(Worker_DP1_PP1_TP2_EP10 pid=70617) During handling of the above exception, another exception occurred:
(Worker_DP1_PP1_TP2_EP10 pid=70617) 
(Worker_DP1_PP1_TP2_EP10 pid=70617) Traceback (most recent call last):
(Worker_DP1_PP1_TP2_EP10 pid=70617)   File "/usr/local/python3.11.10/lib/python3.11/multiprocessing/util.py", line 303, in _run_finalizers
(Worker_DP1_PP1_TP2_EP10 pid=70617)     finalizer()
(Worker_DP1_PP1_TP2_EP10 pid=70617)   File "/usr/local/python3.11.10/lib/python3.11/multiprocessing/util.py", line 227, in __call__
(Worker_DP1_PP1_TP2_EP10 pid=70617)     res = self._callback(*self._args, **self._kwargs)
(Worker_DP1_PP1_TP2_EP10 pid=70617)           ^^^^^^^^^^^^^^^^^^^^^^^^^^^^^^^^^^^^^^^^^^^
(Worker_DP1_PP1_TP2_EP10 pid=70617)   File "/usr/local/Ascend/ascend-toolkit/latest/python/site-packages/tbe/common/repository_manager/route.py", line 63, in wrapper
(Worker_DP1_PP1_TP2_EP10 pid=70617)     return func(cls, *args, **kwargs)
(Worker_DP1_PP1_TP2_EP10 pid=70617)            ^^^^^^^^^^^^^^^^^^^^^^^^^^
(Worker_DP1_PP1_TP2_EP10 pid=70617)   File "/usr/local/Ascend/ascend-toolkit/latest/python/site-packages/tbe/common/repository_manager/route.py", line 217, in finalize
(Worker_DP1_PP1_TP2_EP10 pid=70617)     cls.cann_kb_mgr.finalize()
(Worker_DP1_PP1_TP2_EP10 pid=70617)   File "/usr/local/Ascend/ascend-toolkit/latest/python/site-packages/tbe/common/repository_manager/cann_kb_manager/knowledge_bank_manager.py", line 42, in finalize
(Worker_DP1_PP1_TP2_EP10 pid=70617)     self.__static_mgr.close()
(Worker_DP1_PP1_TP2_EP10 pid=70617)   File "/usr/local/Ascend/ascend-toolkit/latest/python/site-packages/tbe/common/repository_manager/cann_kb_manager/base_manager.py", line 342, in close
(Worker_DP1_PP1_TP2_EP10 pid=70617)     for name in copy.deepcopy(self.write_kb.keys()):
(Worker_DP1_PP1_TP2_EP10 pid=70617)                               ^^^^^^^^^^^^^^^^^^^^
(Worker_DP1_PP1_TP2_EP10 pid=70617)   File "<string>", line 2, in keys
(Worker_DP1_PP1_TP2_EP10 pid=70617)   File "/usr/local/python3.11.10/lib/python3.11/multiprocessing/managers.py", line 818, in _callmethod
(Worker_DP1_PP1_TP2_EP10 pid=70617)     self._connect()
(Worker_DP1_PP1_TP2_EP10 pid=70617)   File "/usr/local/python3.11.10/lib/python3.11/multiprocessing/managers.py", line 805, in _connect
(Worker_DP1_PP1_TP2_EP10 pid=70617)     conn = self._Client(self._token.address, authkey=self._authkey)
(Worker_DP1_PP1_TP2_EP10 pid=70617)            ^^^^^^^^^^^^^^^^^^^^^^^^^^^^^^^^^^^^^^^^^^^^^^^^^^^^^^^^
(Worker_DP1_PP1_TP2_EP10 pid=70617)   File "/usr/local/python3.11.10/lib/python3.11/multiprocessing/connection.py", line 519, in Client
(Worker_DP1_PP1_TP2_EP10 pid=70617)     c = SocketClient(address)
(Worker_DP1_PP1_TP2_EP10 pid=70617)         ^^^^^^^^^^^^^^^^^^^^^
(Worker_DP1_PP1_TP2_EP10 pid=70617)   File "/usr/local/python3.11.10/lib/python3.11/multiprocessing/connection.py", line 647, in SocketClient
(Worker_DP1_PP1_TP2_EP10 pid=70617)     s.connect(address)
(Worker_DP1_PP1_TP2_EP10 pid=70617) ConnectionRefusedError: [Errno 111] Connection refused
(Worker_DP1_PP1_TP7_EP15 pid=71360) Traceback (most recent call last):
(Worker_DP1_PP1_TP7_EP15 pid=71360)   File "/usr/local/python3.11.10/lib/python3.11/multiprocessing/process.py", line 314, in _bootstrap
(Worker_DP1_PP1_TP7_EP15 pid=71360)     self.run()
(Worker_DP1_PP1_TP7_EP15 pid=71360)   File "/usr/local/python3.11.10/lib/python3.11/multiprocessing/process.py", line 108, in run
(Worker_DP1_PP1_TP7_EP15 pid=71360)     self._target(*self._args, **self._kwargs)
(Worker_DP1_PP1_TP7_EP15 pid=71360)   File "/home/w00985415/proj_0825/deps/vllm/vllm/v1/executor/multiproc_executor.py", line 967, in worker_main
(Worker_DP1_PP1_TP7_EP15 pid=71360)     raise e
(Worker_DP1_PP1_TP7_EP15 pid=71360)   File "/home/w00985415/proj_0825/deps/vllm/vllm/v1/executor/multiproc_executor.py", line 935, in worker_main
(Worker_DP1_PP1_TP7_EP15 pid=71360)     worker.worker_busy_loop()
(Worker_DP1_PP1_TP7_EP15 pid=71360)   File "/home/w00985415/proj_0825/deps/vllm/vllm/v1/executor/multiproc_executor.py", line 1033, in worker_busy_loop
(Worker_DP1_PP1_TP7_EP15 pid=71360)     self._execute_worker_rpc(self.rpc_broadcast_mq.dequeue(indefinite=True))
(Worker_DP1_PP1_TP7_EP15 pid=71360)                              ^^^^^^^^^^^^^^^^^^^^^^^^^^^^^^^^^^^^^^^^^^^^^^
(Worker_DP1_PP1_TP7_EP15 pid=71360)   File "/home/w00985415/proj_0825/deps/vllm/vllm/distributed/device_communicators/shm_broadcast.py", line 904, in dequeue
(Worker_DP1_PP1_TP7_EP15 pid=71360)     obj = MessageQueue.recv(self.remote_socket, timeout)
(Worker_DP1_PP1_TP7_EP15 pid=71360)           ^^^^^^^^^^^^^^^^^^^^^^^^^^^^^^^^^^^^^^^^^^^^^^
(Worker_DP1_PP1_TP7_EP15 pid=71360)   File "/home/w00985415/proj_0825/deps/vllm/vllm/distributed/device_communicators/shm_broadcast.py", line 913, in recv
(Worker_DP1_PP1_TP7_EP15 pid=71360)     if not socket.poll(timeout=timeout_ms):
(Worker_DP1_PP1_TP7_EP15 pid=71360)            ^^^^^^^^^^^^^^^^^^^^^^^^^^^^^^^
(Worker_DP1_PP1_TP7_EP15 pid=71360)   File "/usr/local/python3.11.10/lib/python3.11/site-packages/zmq/sugar/socket.py", line 1062, in poll
(Worker_DP1_PP1_TP7_EP15 pid=71360)     evts = dict(p.poll(timeout))
(Worker_DP1_PP1_TP7_EP15 pid=71360)                 ^^^^^^^^^^^^^^^
(Worker_DP1_PP1_TP7_EP15 pid=71360)   File "/usr/local/python3.11.10/lib/python3.11/site-packages/zmq/sugar/poll.py", line 106, in poll
(Worker_DP1_PP1_TP7_EP15 pid=71360)     return zmq_poll(self.sockets, timeout=timeout)
(Worker_DP1_PP1_TP7_EP15 pid=71360)            ^^^^^^^^^^^^^^^^^^^^^^^^^^^^^^^^^^^^^^^
(Worker_DP1_PP1_TP7_EP15 pid=71360)   File "zmq/backend/cython/_zmq.py", line 1680, in zmq.backend.cython._zmq.zmq_poll
(Worker_DP1_PP1_TP7_EP15 pid=71360)   File "zmq/backend/cython/_zmq.py", line 179, in zmq.backend.cython._zmq._check_rc
(Worker_DP1_PP1_TP7_EP15 pid=71360)   File "/home/w00985415/proj_0825/deps/vllm/vllm/v1/executor/multiproc_executor.py", line 869, in signal_handler
(Worker_DP1_PP1_TP7_EP15 pid=71360)     raise SystemExit()
(Worker_DP1_PP1_TP7_EP15 pid=71360) SystemExit
(Worker_DP0_PP1_TP2_EP2 pid=70618) Traceback (most recent call last):
(Worker_DP1_PP1_TP7_EP15 pid=71360) 
(Worker_DP1_PP1_TP7_EP15 pid=71360) During handling of the above exception, another exception occurred:
(Worker_DP1_PP1_TP7_EP15 pid=71360) 
(Worker_DP1_PP1_TP7_EP15 pid=71360) Traceback (most recent call last):
(Worker_DP1_PP1_TP7_EP15 pid=71360)   File "/usr/local/python3.11.10/lib/python3.11/multiprocessing/managers.py", line 814, in _callmethod
(Worker_DP1_PP1_TP7_EP15 pid=71360)     conn = self._tls.connection
(Worker_DP1_PP1_TP7_EP15 pid=71360)            ^^^^^^^^^^^^^^^^^^^^
(Worker_DP1_PP1_TP7_EP15 pid=71360) AttributeError: 'ForkAwareLocal' object has no attribute 'connection'
(Worker_DP1_PP1_TP7_EP15 pid=71360) 
(Worker_DP1_PP1_TP7_EP15 pid=71360) During handling of the above exception, another exception occurred:
(Worker_DP1_PP1_TP7_EP15 pid=71360) 
(Worker_DP1_PP1_TP7_EP15 pid=71360) Traceback (most recent call last):
(Worker_DP1_PP1_TP7_EP15 pid=71360)   File "/usr/local/python3.11.10/lib/python3.11/multiprocessing/util.py", line 303, in _run_finalizers
(Worker_DP1_PP1_TP7_EP15 pid=71360)     finalizer()
(Worker_DP1_PP1_TP7_EP15 pid=71360)   File "/usr/local/python3.11.10/lib/python3.11/multiprocessing/util.py", line 227, in __call__
(Worker_DP1_PP1_TP7_EP15 pid=71360)     res = self._callback(*self._args, **self._kwargs)
(Worker_DP1_PP1_TP7_EP15 pid=71360)           ^^^^^^^^^^^^^^^^^^^^^^^^^^^^^^^^^^^^^^^^^^^
(Worker_DP1_PP1_TP7_EP15 pid=71360)   File "/usr/local/Ascend/ascend-toolkit/latest/python/site-packages/tbe/common/repository_manager/route.py", line 63, in wrapper
(Worker_DP1_PP1_TP7_EP15 pid=71360)     return func(cls, *args, **kwargs)
(Worker_DP1_PP1_TP7_EP15 pid=71360)            ^^^^^^^^^^^^^^^^^^^^^^^^^^
(Worker_DP0_PP1_TP2_EP2 pid=70618)   File "/usr/local/python3.11.10/lib/python3.11/multiprocessing/process.py", line 314, in _bootstrap
(Worker_DP1_PP1_TP7_EP15 pid=71360)   File "/usr/local/Ascend/ascend-toolkit/latest/python/site-packages/tbe/common/repository_manager/route.py", line 217, in finalize
(Worker_DP1_PP1_TP7_EP15 pid=71360)     cls.cann_kb_mgr.finalize()
(Worker_DP0_PP1_TP2_EP2 pid=70618)     self.run()
(Worker_DP1_PP1_TP7_EP15 pid=71360)   File "/usr/local/Ascend/ascend-toolkit/latest/python/site-packages/tbe/common/repository_manager/cann_kb_manager/knowledge_bank_manager.py", line 42, in finalize
(Worker_DP0_PP1_TP2_EP2 pid=70618)   File "/usr/local/python3.11.10/lib/python3.11/multiprocessing/process.py", line 108, in run
(Worker_DP1_PP1_TP7_EP15 pid=71360)     self.__static_mgr.close()
(Worker_DP0_PP1_TP2_EP2 pid=70618)     self._target(*self._args, **self._kwargs)
(Worker_DP1_PP1_TP7_EP15 pid=71360)   File "/usr/local/Ascend/ascend-toolkit/latest/python/site-packages/tbe/common/repository_manager/cann_kb_manager/base_manager.py", line 342, in close
(Worker_DP0_PP1_TP2_EP2 pid=70618)   File "/home/w00985415/proj_0825/deps/vllm/vllm/v1/executor/multiproc_executor.py", line 967, in worker_main
(Worker_DP1_PP1_TP7_EP15 pid=71360)     for name in copy.deepcopy(self.write_kb.keys()):
(Worker_DP0_PP1_TP2_EP2 pid=70618)     raise e
(Worker_DP1_PP1_TP7_EP15 pid=71360)                               ^^^^^^^^^^^^^^^^^^^^
(Worker_DP0_PP1_TP2_EP2 pid=70618)   File "/home/w00985415/proj_0825/deps/vllm/vllm/v1/executor/multiproc_executor.py", line 935, in worker_main
(Worker_DP1_PP1_TP7_EP15 pid=71360)   File "<string>", line 2, in keys
(Worker_DP0_PP1_TP2_EP2 pid=70618)     worker.worker_busy_loop()
(Worker_DP1_PP1_TP7_EP15 pid=71360)   File "/usr/local/python3.11.10/lib/python3.11/multiprocessing/managers.py", line 818, in _callmethod
(Worker_DP0_PP1_TP2_EP2 pid=70618)   File "/home/w00985415/proj_0825/deps/vllm/vllm/v1/executor/multiproc_executor.py", line 1033, in worker_busy_loop
(Worker_DP1_PP1_TP7_EP15 pid=71360)     self._connect()
(Worker_DP0_PP1_TP2_EP2 pid=70618)     self._execute_worker_rpc(self.rpc_broadcast_mq.dequeue(indefinite=True))
(Worker_DP1_PP1_TP7_EP15 pid=71360)   File "/usr/local/python3.11.10/lib/python3.11/multiprocessing/managers.py", line 805, in _connect
(Worker_DP0_PP1_TP2_EP2 pid=70618)                              ^^^^^^^^^^^^^^^^^^^^^^^^^^^^^^^^^^^^^^^^^^^^^^
(Worker_DP1_PP1_TP7_EP15 pid=71360)     conn = self._Client(self._token.address, authkey=self._authkey)
(Worker_DP1_PP1_TP7_EP15 pid=71360)            ^^^^^^^^^^^^^^^^^^^^^^^^^^^^^^^^^^^^^^^^^^^^^^^^^^^^^^^^
(Worker_DP0_PP1_TP2_EP2 pid=70618)   File "/home/w00985415/proj_0825/deps/vllm/vllm/distributed/device_communicators/shm_broadcast.py", line 904, in dequeue
(Worker_DP1_PP1_TP7_EP15 pid=71360)   File "/usr/local/python3.11.10/lib/python3.11/multiprocessing/connection.py", line 519, in Client
(Worker_DP0_PP1_TP2_EP2 pid=70618)     obj = MessageQueue.recv(self.remote_socket, timeout)
(Worker_DP1_PP1_TP7_EP15 pid=71360)     c = SocketClient(address)
(Worker_DP0_PP1_TP2_EP2 pid=70618)           ^^^^^^^^^^^^^^^^^^^^^^^^^^^^^^^^^^^^^^^^^^^^^^
(Worker_DP1_PP1_TP7_EP15 pid=71360)         ^^^^^^^^^^^^^^^^^^^^^
(Worker_DP0_PP1_TP2_EP2 pid=70618)   File "/home/w00985415/proj_0825/deps/vllm/vllm/distributed/device_communicators/shm_broadcast.py", line 913, in recv
(Worker_DP1_PP1_TP7_EP15 pid=71360)   File "/usr/local/python3.11.10/lib/python3.11/multiprocessing/connection.py", line 647, in SocketClient
(Worker_DP0_PP1_TP2_EP2 pid=70618)     if not socket.poll(timeout=timeout_ms):
(Worker_DP1_PP1_TP7_EP15 pid=71360)     s.connect(address)
(Worker_DP0_PP1_TP2_EP2 pid=70618)            ^^^^^^^^^^^^^^^^^^^^^^^^^^^^^^^
(Worker_DP1_PP1_TP7_EP15 pid=71360) ConnectionRefusedError: [Errno 111] Connection refused
(Worker_DP0_PP1_TP2_EP2 pid=70618)   File "/usr/local/python3.11.10/lib/python3.11/site-packages/zmq/sugar/socket.py", line 1062, in poll
(Worker_DP0_PP1_TP2_EP2 pid=70618)     evts = dict(p.poll(timeout))
(Worker_DP0_PP1_TP2_EP2 pid=70618)                 ^^^^^^^^^^^^^^^
(Worker_DP0_PP1_TP2_EP2 pid=70618)   File "/usr/local/python3.11.10/lib/python3.11/site-packages/zmq/sugar/poll.py", line 106, in poll
(Worker_DP0_PP1_TP2_EP2 pid=70618)     return zmq_poll(self.sockets, timeout=timeout)
(Worker_DP0_PP1_TP2_EP2 pid=70618)            ^^^^^^^^^^^^^^^^^^^^^^^^^^^^^^^^^^^^^^^
(Worker_DP0_PP1_TP2_EP2 pid=70618)   File "zmq/backend/cython/_zmq.py", line 1680, in zmq.backend.cython._zmq.zmq_poll
(Worker_DP0_PP1_TP2_EP2 pid=70618)   File "zmq/backend/cython/_zmq.py", line 179, in zmq.backend.cython._zmq._check_rc
(Worker_DP0_PP1_TP2_EP2 pid=70618)   File "/home/w00985415/proj_0825/deps/vllm/vllm/v1/executor/multiproc_executor.py", line 869, in signal_handler
(Worker_DP0_PP1_TP2_EP2 pid=70618)     raise SystemExit()
(Worker_DP0_PP1_TP2_EP2 pid=70618) SystemExit
(Worker_DP0_PP1_TP2_EP2 pid=70618) 
(Worker_DP0_PP1_TP2_EP2 pid=70618) During handling of the above exception, another exception occurred:
(Worker_DP0_PP1_TP2_EP2 pid=70618) 
(Worker_DP0_PP1_TP2_EP2 pid=70618) Traceback (most recent call last):
(Worker_DP0_PP1_TP2_EP2 pid=70618)   File "/usr/local/python3.11.10/lib/python3.11/multiprocessing/managers.py", line 814, in _callmethod
(Worker_DP0_PP1_TP2_EP2 pid=70618)     conn = self._tls.connection
(Worker_DP0_PP1_TP2_EP2 pid=70618)            ^^^^^^^^^^^^^^^^^^^^
(Worker_DP0_PP1_TP2_EP2 pid=70618) AttributeError: 'ForkAwareLocal' object has no attribute 'connection'
(Worker_DP0_PP1_TP2_EP2 pid=70618) 
(Worker_DP0_PP1_TP2_EP2 pid=70618) During handling of the above exception, another exception occurred:
(Worker_DP0_PP1_TP2_EP2 pid=70618) 
(Worker_DP0_PP1_TP2_EP2 pid=70618) Traceback (most recent call last):
(Worker_DP0_PP1_TP2_EP2 pid=70618)   File "/usr/local/python3.11.10/lib/python3.11/multiprocessing/util.py", line 303, in _run_finalizers
(Worker_DP0_PP1_TP2_EP2 pid=70618)     finalizer()
(Worker_DP0_PP1_TP2_EP2 pid=70618)   File "/usr/local/python3.11.10/lib/python3.11/multiprocessing/util.py", line 227, in __call__
(Worker_DP0_PP1_TP2_EP2 pid=70618)     res = self._callback(*self._args, **self._kwargs)
(Worker_DP0_PP1_TP2_EP2 pid=70618)           ^^^^^^^^^^^^^^^^^^^^^^^^^^^^^^^^^^^^^^^^^^^
(Worker_DP0_PP1_TP2_EP2 pid=70618)   File "/usr/local/Ascend/ascend-toolkit/latest/python/site-packages/tbe/common/repository_manager/route.py", line 63, in wrapper
(Worker_DP0_PP1_TP2_EP2 pid=70618)     return func(cls, *args, **kwargs)
(Worker_DP0_PP1_TP2_EP2 pid=70618)            ^^^^^^^^^^^^^^^^^^^^^^^^^^
(Worker_DP0_PP1_TP2_EP2 pid=70618)   File "/usr/local/Ascend/ascend-toolkit/latest/python/site-packages/tbe/common/repository_manager/route.py", line 217, in finalize
(Worker_DP0_PP1_TP2_EP2 pid=70618)     cls.cann_kb_mgr.finalize()
(Worker_DP0_PP1_TP2_EP2 pid=70618)   File "/usr/local/Ascend/ascend-toolkit/latest/python/site-packages/tbe/common/repository_manager/cann_kb_manager/knowledge_bank_manager.py", line 42, in finalize
(Worker_DP0_PP1_TP2_EP2 pid=70618)     self.__static_mgr.close()
(Worker_DP0_PP1_TP2_EP2 pid=70618)   File "/usr/local/Ascend/ascend-toolkit/latest/python/site-packages/tbe/common/repository_manager/cann_kb_manager/base_manager.py", line 342, in close
(Worker_DP0_PP1_TP2_EP2 pid=70618)     for name in copy.deepcopy(self.write_kb.keys()):
(Worker_DP0_PP1_TP2_EP2 pid=70618)                               ^^^^^^^^^^^^^^^^^^^^
(Worker_DP0_PP1_TP2_EP2 pid=70618)   File "<string>", line 2, in keys
(Worker_DP0_PP1_TP2_EP2 pid=70618)   File "/usr/local/python3.11.10/lib/python3.11/multiprocessing/managers.py", line 818, in _callmethod
(Worker_DP0_PP1_TP2_EP2 pid=70618)     self._connect()
(Worker_DP0_PP1_TP2_EP2 pid=70618)   File "/usr/local/python3.11.10/lib/python3.11/multiprocessing/managers.py", line 805, in _connect
(Worker_DP0_PP1_TP2_EP2 pid=70618)     conn = self._Client(self._token.address, authkey=self._authkey)
(Worker_DP0_PP1_TP2_EP2 pid=70618)            ^^^^^^^^^^^^^^^^^^^^^^^^^^^^^^^^^^^^^^^^^^^^^^^^^^^^^^^^
(Worker_DP0_PP1_TP2_EP2 pid=70618)   File "/usr/local/python3.11.10/lib/python3.11/multiprocessing/connection.py", line 519, in Client
(Worker_DP0_PP1_TP2_EP2 pid=70618)     c = SocketClient(address)
(Worker_DP0_PP1_TP2_EP2 pid=70618)         ^^^^^^^^^^^^^^^^^^^^^
(Worker_DP0_PP1_TP2_EP2 pid=70618)   File "/usr/local/python3.11.10/lib/python3.11/multiprocessing/connection.py", line 647, in SocketClient
(Worker_DP0_PP1_TP2_EP2 pid=70618)     s.connect(address)
(Worker_DP0_PP1_TP2_EP2 pid=70618) ConnectionRefusedError: [Errno 111] Connection refused
(Worker_DP1_PP1_TP5_EP13 pid=71042) Traceback (most recent call last):
(Worker_DP1_PP1_TP5_EP13 pid=71042)   File "/usr/local/python3.11.10/lib/python3.11/multiprocessing/process.py", line 314, in _bootstrap
(Worker_DP1_PP1_TP5_EP13 pid=71042)     self.run()
(Worker_DP1_PP1_TP5_EP13 pid=71042)   File "/usr/local/python3.11.10/lib/python3.11/multiprocessing/process.py", line 108, in run
(Worker_DP1_PP1_TP5_EP13 pid=71042)     self._target(*self._args, **self._kwargs)
(Worker_DP1_PP1_TP5_EP13 pid=71042)   File "/home/w00985415/proj_0825/deps/vllm/vllm/v1/executor/multiproc_executor.py", line 967, in worker_main
(Worker_DP1_PP1_TP5_EP13 pid=71042)     raise e
(Worker_DP1_PP1_TP5_EP13 pid=71042)   File "/home/w00985415/proj_0825/deps/vllm/vllm/v1/executor/multiproc_executor.py", line 935, in worker_main
(Worker_DP1_PP1_TP5_EP13 pid=71042)     worker.worker_busy_loop()
(Worker_DP1_PP1_TP5_EP13 pid=71042)   File "/home/w00985415/proj_0825/deps/vllm/vllm/v1/executor/multiproc_executor.py", line 1033, in worker_busy_loop
(Worker_DP1_PP1_TP5_EP13 pid=71042)     self._execute_worker_rpc(self.rpc_broadcast_mq.dequeue(indefinite=True))
(Worker_DP1_PP1_TP5_EP13 pid=71042)                              ^^^^^^^^^^^^^^^^^^^^^^^^^^^^^^^^^^^^^^^^^^^^^^
(Worker_DP1_PP1_TP5_EP13 pid=71042)   File "/home/w00985415/proj_0825/deps/vllm/vllm/distributed/device_communicators/shm_broadcast.py", line 904, in dequeue
(Worker_DP1_PP1_TP5_EP13 pid=71042)     obj = MessageQueue.recv(self.remote_socket, timeout)
(Worker_DP1_PP1_TP5_EP13 pid=71042)           ^^^^^^^^^^^^^^^^^^^^^^^^^^^^^^^^^^^^^^^^^^^^^^
(Worker_DP1_PP1_TP5_EP13 pid=71042)   File "/home/w00985415/proj_0825/deps/vllm/vllm/distributed/device_communicators/shm_broadcast.py", line 913, in recv
(Worker_DP1_PP1_TP5_EP13 pid=71042)     if not socket.poll(timeout=timeout_ms):
(Worker_DP1_PP1_TP5_EP13 pid=71042)            ^^^^^^^^^^^^^^^^^^^^^^^^^^^^^^^
(Worker_DP1_PP1_TP5_EP13 pid=71042)   File "/usr/local/python3.11.10/lib/python3.11/site-packages/zmq/sugar/socket.py", line 1062, in poll
(Worker_DP1_PP1_TP5_EP13 pid=71042)     evts = dict(p.poll(timeout))
(Worker_DP1_PP1_TP5_EP13 pid=71042)                 ^^^^^^^^^^^^^^^
(Worker_DP1_PP1_TP5_EP13 pid=71042)   File "/usr/local/python3.11.10/lib/python3.11/site-packages/zmq/sugar/poll.py", line 106, in poll
(Worker_DP1_PP1_TP5_EP13 pid=71042)     return zmq_poll(self.sockets, timeout=timeout)
(Worker_DP1_PP1_TP5_EP13 pid=71042)            ^^^^^^^^^^^^^^^^^^^^^^^^^^^^^^^^^^^^^^^
(Worker_DP1_PP1_TP5_EP13 pid=71042)   File "zmq/backend/cython/_zmq.py", line 1680, in zmq.backend.cython._zmq.zmq_poll
(Worker_DP1_PP1_TP5_EP13 pid=71042)   File "zmq/backend/cython/_zmq.py", line 179, in zmq.backend.cython._zmq._check_rc
(Worker_DP1_PP1_TP5_EP13 pid=71042)   File "/home/w00985415/proj_0825/deps/vllm/vllm/v1/executor/multiproc_executor.py", line 869, in signal_handler
(Worker_DP1_PP1_TP5_EP13 pid=71042)     raise SystemExit()
(Worker_DP1_PP1_TP5_EP13 pid=71042) SystemExit
(Worker_DP1_PP1_TP5_EP13 pid=71042) 
(Worker_DP1_PP1_TP5_EP13 pid=71042) During handling of the above exception, another exception occurred:
(Worker_DP1_PP1_TP5_EP13 pid=71042) 
(Worker_DP1_PP1_TP5_EP13 pid=71042) Traceback (most recent call last):
(Worker_DP1_PP1_TP5_EP13 pid=71042)   File "/usr/local/python3.11.10/lib/python3.11/multiprocessing/managers.py", line 814, in _callmethod
(Worker_DP1_PP1_TP5_EP13 pid=71042)     conn = self._tls.connection
(Worker_DP1_PP1_TP5_EP13 pid=71042)            ^^^^^^^^^^^^^^^^^^^^
(Worker_DP1_PP1_TP5_EP13 pid=71042) AttributeError: 'ForkAwareLocal' object has no attribute 'connection'
(Worker_DP1_PP1_TP5_EP13 pid=71042) 
(Worker_DP1_PP1_TP5_EP13 pid=71042) During handling of the above exception, another exception occurred:
(Worker_DP1_PP1_TP5_EP13 pid=71042) 
(Worker_DP1_PP1_TP5_EP13 pid=71042) Traceback (most recent call last):
(Worker_DP1_PP1_TP5_EP13 pid=71042)   File "/usr/local/python3.11.10/lib/python3.11/multiprocessing/util.py", line 303, in _run_finalizers
(Worker_DP1_PP1_TP5_EP13 pid=71042)     finalizer()
(Worker_DP1_PP1_TP5_EP13 pid=71042)   File "/usr/local/python3.11.10/lib/python3.11/multiprocessing/util.py", line 227, in __call__
(Worker_DP1_PP1_TP5_EP13 pid=71042)     res = self._callback(*self._args, **self._kwargs)
(Worker_DP1_PP1_TP5_EP13 pid=71042)           ^^^^^^^^^^^^^^^^^^^^^^^^^^^^^^^^^^^^^^^^^^^
(Worker_DP1_PP1_TP5_EP13 pid=71042)   File "/usr/local/Ascend/ascend-toolkit/latest/python/site-packages/tbe/common/repository_manager/route.py", line 63, in wrapper
(Worker_DP1_PP1_TP5_EP13 pid=71042)     return func(cls, *args, **kwargs)
(Worker_DP1_PP1_TP5_EP13 pid=71042)            ^^^^^^^^^^^^^^^^^^^^^^^^^^
(Worker_DP1_PP1_TP5_EP13 pid=71042)   File "/usr/local/Ascend/ascend-toolkit/latest/python/site-packages/tbe/common/repository_manager/route.py", line 217, in finalize
(Worker_DP1_PP1_TP5_EP13 pid=71042)     cls.cann_kb_mgr.finalize()
(Worker_DP1_PP1_TP5_EP13 pid=71042)   File "/usr/local/Ascend/ascend-toolkit/latest/python/site-packages/tbe/common/repository_manager/cann_kb_manager/knowledge_bank_manager.py", line 42, in finalize
(Worker_DP1_PP1_TP5_EP13 pid=71042)     self.__static_mgr.close()
(Worker_DP1_PP1_TP5_EP13 pid=71042)   File "/usr/local/Ascend/ascend-toolkit/latest/python/site-packages/tbe/common/repository_manager/cann_kb_manager/base_manager.py", line 342, in close
(Worker_DP1_PP1_TP5_EP13 pid=71042)     for name in copy.deepcopy(self.write_kb.keys()):
(Worker_DP1_PP1_TP5_EP13 pid=71042)                               ^^^^^^^^^^^^^^^^^^^^
(Worker_DP1_PP1_TP5_EP13 pid=71042)   File "<string>", line 2, in keys
(Worker_DP1_PP1_TP5_EP13 pid=71042)   File "/usr/local/python3.11.10/lib/python3.11/multiprocessing/managers.py", line 818, in _callmethod
(Worker_DP1_PP1_TP5_EP13 pid=71042)     self._connect()
(Worker_DP1_PP1_TP5_EP13 pid=71042)   File "/usr/local/python3.11.10/lib/python3.11/multiprocessing/managers.py", line 805, in _connect
(Worker_DP1_PP1_TP5_EP13 pid=71042)     conn = self._Client(self._token.address, authkey=self._authkey)
(Worker_DP1_PP1_TP5_EP13 pid=71042)            ^^^^^^^^^^^^^^^^^^^^^^^^^^^^^^^^^^^^^^^^^^^^^^^^^^^^^^^^
(Worker_DP1_PP1_TP5_EP13 pid=71042)   File "/usr/local/python3.11.10/lib/python3.11/multiprocessing/connection.py", line 519, in Client
(Worker_DP1_PP1_TP5_EP13 pid=71042)     c = SocketClient(address)
(Worker_DP1_PP1_TP5_EP13 pid=71042)         ^^^^^^^^^^^^^^^^^^^^^
(Worker_DP1_PP1_TP5_EP13 pid=71042)   File "/usr/local/python3.11.10/lib/python3.11/multiprocessing/connection.py", line 647, in SocketClient
(Worker_DP1_PP1_TP5_EP13 pid=71042)     s.connect(address)
(Worker_DP1_PP1_TP5_EP13 pid=71042) ConnectionRefusedError: [Errno 111] Connection refused
(Worker_DP1_PP1_TP3_EP11 pid=70761) Traceback (most recent call last):
(Worker_DP1_PP1_TP0_EP8 pid=70381) Traceback (most recent call last):
(Worker_DP1_PP1_TP3_EP11 pid=70761)   File "/usr/local/python3.11.10/lib/python3.11/multiprocessing/process.py", line 314, in _bootstrap
(Worker_DP1_PP1_TP3_EP11 pid=70761)     self.run()
(Worker_DP1_PP1_TP3_EP11 pid=70761)   File "/usr/local/python3.11.10/lib/python3.11/multiprocessing/process.py", line 108, in run
(Worker_DP1_PP1_TP3_EP11 pid=70761)     self._target(*self._args, **self._kwargs)
(Worker_DP1_PP1_TP3_EP11 pid=70761)   File "/home/w00985415/proj_0825/deps/vllm/vllm/v1/executor/multiproc_executor.py", line 967, in worker_main
(Worker_DP1_PP1_TP3_EP11 pid=70761)     raise e
(Worker_DP1_PP1_TP3_EP11 pid=70761)   File "/home/w00985415/proj_0825/deps/vllm/vllm/v1/executor/multiproc_executor.py", line 935, in worker_main
(Worker_DP1_PP1_TP3_EP11 pid=70761)     worker.worker_busy_loop()
(Worker_DP1_PP1_TP3_EP11 pid=70761)   File "/home/w00985415/proj_0825/deps/vllm/vllm/v1/executor/multiproc_executor.py", line 1033, in worker_busy_loop
(Worker_DP1_PP1_TP3_EP11 pid=70761)     self._execute_worker_rpc(self.rpc_broadcast_mq.dequeue(indefinite=True))
(Worker_DP1_PP1_TP3_EP11 pid=70761)                              ^^^^^^^^^^^^^^^^^^^^^^^^^^^^^^^^^^^^^^^^^^^^^^
(Worker_DP1_PP1_TP3_EP11 pid=70761)   File "/home/w00985415/proj_0825/deps/vllm/vllm/distributed/device_communicators/shm_broadcast.py", line 904, in dequeue
(Worker_DP1_PP1_TP3_EP11 pid=70761)     obj = MessageQueue.recv(self.remote_socket, timeout)
(Worker_DP1_PP1_TP3_EP11 pid=70761)           ^^^^^^^^^^^^^^^^^^^^^^^^^^^^^^^^^^^^^^^^^^^^^^
(Worker_DP1_PP1_TP3_EP11 pid=70761)   File "/home/w00985415/proj_0825/deps/vllm/vllm/distributed/device_communicators/shm_broadcast.py", line 913, in recv
(Worker_DP1_PP1_TP3_EP11 pid=70761)     if not socket.poll(timeout=timeout_ms):
(Worker_DP1_PP1_TP3_EP11 pid=70761)            ^^^^^^^^^^^^^^^^^^^^^^^^^^^^^^^
(Worker_DP1_PP1_TP3_EP11 pid=70761)   File "/usr/local/python3.11.10/lib/python3.11/site-packages/zmq/sugar/socket.py", line 1062, in poll
(Worker_DP1_PP1_TP3_EP11 pid=70761)     evts = dict(p.poll(timeout))
(Worker_DP1_PP1_TP3_EP11 pid=70761)                 ^^^^^^^^^^^^^^^
(Worker_DP1_PP1_TP3_EP11 pid=70761)   File "/usr/local/python3.11.10/lib/python3.11/site-packages/zmq/sugar/poll.py", line 106, in poll
(Worker_DP1_PP1_TP3_EP11 pid=70761)     return zmq_poll(self.sockets, timeout=timeout)
(Worker_DP1_PP1_TP3_EP11 pid=70761)            ^^^^^^^^^^^^^^^^^^^^^^^^^^^^^^^^^^^^^^^
(Worker_DP1_PP1_TP3_EP11 pid=70761)   File "zmq/backend/cython/_zmq.py", line 1680, in zmq.backend.cython._zmq.zmq_poll
(Worker_DP1_PP1_TP3_EP11 pid=70761)   File "zmq/backend/cython/_zmq.py", line 179, in zmq.backend.cython._zmq._check_rc
(Worker_DP1_PP1_TP3_EP11 pid=70761)   File "/home/w00985415/proj_0825/deps/vllm/vllm/v1/executor/multiproc_executor.py", line 869, in signal_handler
(Worker_DP1_PP1_TP3_EP11 pid=70761)     raise SystemExit()
(Worker_DP1_PP1_TP3_EP11 pid=70761) SystemExit
(Worker_DP1_PP1_TP3_EP11 pid=70761) 
(Worker_DP1_PP1_TP3_EP11 pid=70761) During handling of the above exception, another exception occurred:
(Worker_DP1_PP1_TP3_EP11 pid=70761) 
(Worker_DP1_PP1_TP3_EP11 pid=70761) Traceback (most recent call last):
(Worker_DP1_PP1_TP3_EP11 pid=70761)   File "/usr/local/python3.11.10/lib/python3.11/multiprocessing/managers.py", line 814, in _callmethod
(Worker_DP1_PP1_TP3_EP11 pid=70761)     conn = self._tls.connection
(Worker_DP1_PP1_TP3_EP11 pid=70761)            ^^^^^^^^^^^^^^^^^^^^
(Worker_DP1_PP1_TP3_EP11 pid=70761) AttributeError: 'ForkAwareLocal' object has no attribute 'connection'
(Worker_DP1_PP1_TP3_EP11 pid=70761) 
(Worker_DP1_PP1_TP3_EP11 pid=70761) During handling of the above exception, another exception occurred:
(Worker_DP1_PP1_TP3_EP11 pid=70761) 
(Worker_DP1_PP1_TP1_EP9 pid=70475) Traceback (most recent call last):
(Worker_DP1_PP1_TP3_EP11 pid=70761) Traceback (most recent call last):
(Worker_DP1_PP1_TP0_EP8 pid=70381)   File "/usr/local/python3.11.10/lib/python3.11/multiprocessing/process.py", line 314, in _bootstrap
(Worker_DP1_PP1_TP0_EP8 pid=70381)     self.run()
(Worker_DP1_PP1_TP0_EP8 pid=70381)   File "/usr/local/python3.11.10/lib/python3.11/multiprocessing/process.py", line 108, in run
(Worker_DP1_PP1_TP0_EP8 pid=70381)     self._target(*self._args, **self._kwargs)
(Worker_DP1_PP1_TP0_EP8 pid=70381)   File "/home/w00985415/proj_0825/deps/vllm/vllm/v1/executor/multiproc_executor.py", line 967, in worker_main
(Worker_DP1_PP1_TP0_EP8 pid=70381)     raise e
(Worker_DP1_PP1_TP0_EP8 pid=70381)   File "/home/w00985415/proj_0825/deps/vllm/vllm/v1/executor/multiproc_executor.py", line 935, in worker_main
(Worker_DP1_PP1_TP0_EP8 pid=70381)     worker.worker_busy_loop()
(Worker_DP1_PP1_TP0_EP8 pid=70381)   File "/home/w00985415/proj_0825/deps/vllm/vllm/v1/executor/multiproc_executor.py", line 1033, in worker_busy_loop
(Worker_DP1_PP1_TP0_EP8 pid=70381)     self._execute_worker_rpc(self.rpc_broadcast_mq.dequeue(indefinite=True))
(Worker_DP1_PP1_TP0_EP8 pid=70381)                              ^^^^^^^^^^^^^^^^^^^^^^^^^^^^^^^^^^^^^^^^^^^^^^
(Worker_DP1_PP1_TP0_EP8 pid=70381)   File "/home/w00985415/proj_0825/deps/vllm/vllm/distributed/device_communicators/shm_broadcast.py", line 904, in dequeue
(Worker_DP1_PP1_TP0_EP8 pid=70381)     obj = MessageQueue.recv(self.remote_socket, timeout)
(Worker_DP1_PP1_TP0_EP8 pid=70381)           ^^^^^^^^^^^^^^^^^^^^^^^^^^^^^^^^^^^^^^^^^^^^^^
(Worker_DP1_PP1_TP0_EP8 pid=70381)   File "/home/w00985415/proj_0825/deps/vllm/vllm/distributed/device_communicators/shm_broadcast.py", line 913, in recv
(Worker_DP1_PP1_TP0_EP8 pid=70381)     if not socket.poll(timeout=timeout_ms):
(Worker_DP1_PP1_TP0_EP8 pid=70381)            ^^^^^^^^^^^^^^^^^^^^^^^^^^^^^^^
(Worker_DP1_PP1_TP0_EP8 pid=70381)   File "/usr/local/python3.11.10/lib/python3.11/site-packages/zmq/sugar/socket.py", line 1062, in poll
(Worker_DP1_PP1_TP0_EP8 pid=70381)     evts = dict(p.poll(timeout))
(Worker_DP1_PP1_TP0_EP8 pid=70381)                 ^^^^^^^^^^^^^^^
(Worker_DP1_PP1_TP0_EP8 pid=70381)   File "/usr/local/python3.11.10/lib/python3.11/site-packages/zmq/sugar/poll.py", line 106, in poll
(Worker_DP1_PP1_TP0_EP8 pid=70381)     return zmq_poll(self.sockets, timeout=timeout)
(Worker_DP1_PP1_TP0_EP8 pid=70381)            ^^^^^^^^^^^^^^^^^^^^^^^^^^^^^^^^^^^^^^^
(Worker_DP1_PP1_TP0_EP8 pid=70381)   File "zmq/backend/cython/_zmq.py", line 1680, in zmq.backend.cython._zmq.zmq_poll
(Worker_DP1_PP1_TP0_EP8 pid=70381)   File "zmq/backend/cython/_zmq.py", line 179, in zmq.backend.cython._zmq._check_rc
(Worker_DP1_PP1_TP0_EP8 pid=70381)   File "/home/w00985415/proj_0825/deps/vllm/vllm/v1/executor/multiproc_executor.py", line 869, in signal_handler
(Worker_DP1_PP1_TP0_EP8 pid=70381)     raise SystemExit()
(Worker_DP1_PP1_TP0_EP8 pid=70381) SystemExit
(Worker_DP1_PP1_TP3_EP11 pid=70761)   File "/usr/local/python3.11.10/lib/python3.11/multiprocessing/util.py", line 303, in _run_finalizers
(Worker_DP1_PP1_TP3_EP11 pid=70761)     finalizer()
(Worker_DP1_PP1_TP0_EP8 pid=70381) 
(Worker_DP1_PP1_TP3_EP11 pid=70761)   File "/usr/local/python3.11.10/lib/python3.11/multiprocessing/util.py", line 227, in __call__
(Worker_DP1_PP1_TP0_EP8 pid=70381) During handling of the above exception, another exception occurred:
(Worker_DP1_PP1_TP3_EP11 pid=70761)     res = self._callback(*self._args, **self._kwargs)
(Worker_DP1_PP1_TP0_EP8 pid=70381) 
(Worker_DP1_PP1_TP3_EP11 pid=70761)           ^^^^^^^^^^^^^^^^^^^^^^^^^^^^^^^^^^^^^^^^^^^
(Worker_DP1_PP1_TP0_EP8 pid=70381) Traceback (most recent call last):
(Worker_DP1_PP1_TP3_EP11 pid=70761)   File "/usr/local/Ascend/ascend-toolkit/latest/python/site-packages/tbe/common/repository_manager/route.py", line 63, in wrapper
(Worker_DP1_PP1_TP3_EP11 pid=70761)     return func(cls, *args, **kwargs)
(Worker_DP1_PP1_TP3_EP11 pid=70761)            ^^^^^^^^^^^^^^^^^^^^^^^^^^
(Worker_DP1_PP1_TP3_EP11 pid=70761)   File "/usr/local/Ascend/ascend-toolkit/latest/python/site-packages/tbe/common/repository_manager/route.py", line 217, in finalize
(Worker_DP1_PP1_TP3_EP11 pid=70761)     cls.cann_kb_mgr.finalize()
(Worker_DP1_PP1_TP3_EP11 pid=70761)   File "/usr/local/Ascend/ascend-toolkit/latest/python/site-packages/tbe/common/repository_manager/cann_kb_manager/knowledge_bank_manager.py", line 42, in finalize
(Worker_DP1_PP1_TP0_EP8 pid=70381)   File "/usr/local/python3.11.10/lib/python3.11/multiprocessing/managers.py", line 814, in _callmethod
(Worker_DP1_PP1_TP3_EP11 pid=70761)     self.__static_mgr.close()
(Worker_DP1_PP1_TP0_EP8 pid=70381)     conn = self._tls.connection
(Worker_DP1_PP1_TP0_EP8 pid=70381)            ^^^^^^^^^^^^^^^^^^^^
(Worker_DP1_PP1_TP3_EP11 pid=70761)   File "/usr/local/Ascend/ascend-toolkit/latest/python/site-packages/tbe/common/repository_manager/cann_kb_manager/base_manager.py", line 342, in close
(Worker_DP1_PP1_TP3_EP11 pid=70761)     for name in copy.deepcopy(self.write_kb.keys()):
(Worker_DP1_PP1_TP0_EP8 pid=70381) AttributeError: 'ForkAwareLocal' object has no attribute 'connection'
(Worker_DP1_PP1_TP3_EP11 pid=70761)                               ^^^^^^^^^^^^^^^^^^^^
(Worker_DP1_PP1_TP0_EP8 pid=70381) 
(Worker_DP1_PP1_TP3_EP11 pid=70761)   File "<string>", line 2, in keys
(Worker_DP1_PP1_TP0_EP8 pid=70381) During handling of the above exception, another exception occurred:
(Worker_DP1_PP1_TP0_EP8 pid=70381) 
(Worker_DP1_PP1_TP3_EP11 pid=70761)   File "/usr/local/python3.11.10/lib/python3.11/multiprocessing/managers.py", line 818, in _callmethod
(Worker_DP1_PP1_TP0_EP8 pid=70381) Traceback (most recent call last):
(Worker_DP1_PP1_TP3_EP11 pid=70761)     self._connect()
(Worker_DP1_PP1_TP3_EP11 pid=70761)   File "/usr/local/python3.11.10/lib/python3.11/multiprocessing/managers.py", line 805, in _connect
(Worker_DP1_PP1_TP3_EP11 pid=70761)     conn = self._Client(self._token.address, authkey=self._authkey)
(Worker_DP1_PP1_TP3_EP11 pid=70761)            ^^^^^^^^^^^^^^^^^^^^^^^^^^^^^^^^^^^^^^^^^^^^^^^^^^^^^^^^
(Worker_DP1_PP1_TP3_EP11 pid=70761)   File "/usr/local/python3.11.10/lib/python3.11/multiprocessing/connection.py", line 519, in Client
(Worker_DP1_PP1_TP3_EP11 pid=70761)     c = SocketClient(address)
(Worker_DP1_PP1_TP3_EP11 pid=70761)         ^^^^^^^^^^^^^^^^^^^^^
(Worker_DP1_PP1_TP3_EP11 pid=70761)   File "/usr/local/python3.11.10/lib/python3.11/multiprocessing/connection.py", line 647, in SocketClient
(Worker_DP1_PP1_TP3_EP11 pid=70761)     s.connect(address)
(Worker_DP1_PP1_TP3_EP11 pid=70761) ConnectionRefusedError: [Errno 111] Connection refused
(Worker_DP1_PP1_TP1_EP9 pid=70475)   File "/usr/local/python3.11.10/lib/python3.11/multiprocessing/process.py", line 314, in _bootstrap
(Worker_DP1_PP1_TP1_EP9 pid=70475)     self.run()
(Worker_DP1_PP1_TP1_EP9 pid=70475)   File "/usr/local/python3.11.10/lib/python3.11/multiprocessing/process.py", line 108, in run
(Worker_DP1_PP1_TP1_EP9 pid=70475)     self._target(*self._args, **self._kwargs)
(Worker_DP1_PP1_TP1_EP9 pid=70475)   File "/home/w00985415/proj_0825/deps/vllm/vllm/v1/executor/multiproc_executor.py", line 967, in worker_main
(Worker_DP1_PP1_TP1_EP9 pid=70475)     raise e
(Worker_DP1_PP1_TP1_EP9 pid=70475)   File "/home/w00985415/proj_0825/deps/vllm/vllm/v1/executor/multiproc_executor.py", line 935, in worker_main
(Worker_DP1_PP1_TP1_EP9 pid=70475)     worker.worker_busy_loop()
(Worker_DP1_PP1_TP1_EP9 pid=70475)   File "/home/w00985415/proj_0825/deps/vllm/vllm/v1/executor/multiproc_executor.py", line 1033, in worker_busy_loop
(Worker_DP1_PP1_TP1_EP9 pid=70475)     self._execute_worker_rpc(self.rpc_broadcast_mq.dequeue(indefinite=True))
(Worker_DP1_PP1_TP1_EP9 pid=70475)                              ^^^^^^^^^^^^^^^^^^^^^^^^^^^^^^^^^^^^^^^^^^^^^^
(Worker_DP1_PP1_TP1_EP9 pid=70475)   File "/home/w00985415/proj_0825/deps/vllm/vllm/distributed/device_communicators/shm_broadcast.py", line 904, in dequeue
(Worker_DP1_PP1_TP1_EP9 pid=70475)     obj = MessageQueue.recv(self.remote_socket, timeout)
(Worker_DP1_PP1_TP1_EP9 pid=70475)           ^^^^^^^^^^^^^^^^^^^^^^^^^^^^^^^^^^^^^^^^^^^^^^
(Worker_DP1_PP1_TP1_EP9 pid=70475)   File "/home/w00985415/proj_0825/deps/vllm/vllm/distributed/device_communicators/shm_broadcast.py", line 913, in recv
(Worker_DP1_PP1_TP1_EP9 pid=70475)     if not socket.poll(timeout=timeout_ms):
(Worker_DP1_PP1_TP1_EP9 pid=70475)            ^^^^^^^^^^^^^^^^^^^^^^^^^^^^^^^
(Worker_DP1_PP1_TP1_EP9 pid=70475)   File "/usr/local/python3.11.10/lib/python3.11/site-packages/zmq/sugar/socket.py", line 1062, in poll
(Worker_DP1_PP1_TP1_EP9 pid=70475)     evts = dict(p.poll(timeout))
(Worker_DP1_PP1_TP1_EP9 pid=70475)                 ^^^^^^^^^^^^^^^
(Worker_DP1_PP1_TP1_EP9 pid=70475)   File "/usr/local/python3.11.10/lib/python3.11/site-packages/zmq/sugar/poll.py", line 106, in poll
(Worker_DP1_PP1_TP1_EP9 pid=70475)     return zmq_poll(self.sockets, timeout=timeout)
(Worker_DP1_PP1_TP1_EP9 pid=70475)            ^^^^^^^^^^^^^^^^^^^^^^^^^^^^^^^^^^^^^^^
(Worker_DP1_PP1_TP1_EP9 pid=70475)   File "zmq/backend/cython/_zmq.py", line 1680, in zmq.backend.cython._zmq.zmq_poll
(Worker_DP1_PP1_TP1_EP9 pid=70475)   File "zmq/backend/cython/_zmq.py", line 179, in zmq.backend.cython._zmq._check_rc
(Worker_DP1_PP1_TP1_EP9 pid=70475)   File "/home/w00985415/proj_0825/deps/vllm/vllm/v1/executor/multiproc_executor.py", line 869, in signal_handler
(Worker_DP1_PP1_TP1_EP9 pid=70475)     raise SystemExit()
(Worker_DP1_PP1_TP1_EP9 pid=70475) SystemExit
(Worker_DP1_PP1_TP1_EP9 pid=70475) 
(Worker_DP1_PP1_TP1_EP9 pid=70475) During handling of the above exception, another exception occurred:
(Worker_DP1_PP1_TP0_EP8 pid=70381)   File "/usr/local/python3.11.10/lib/python3.11/multiprocessing/util.py", line 303, in _run_finalizers
(Worker_DP1_PP1_TP1_EP9 pid=70475) 
(Worker_DP1_PP1_TP0_EP8 pid=70381)     finalizer()
(Worker_DP1_PP1_TP1_EP9 pid=70475) Traceback (most recent call last):
(Worker_DP1_PP1_TP0_EP8 pid=70381)   File "/usr/local/python3.11.10/lib/python3.11/multiprocessing/util.py", line 227, in __call__
(Worker_DP1_PP1_TP0_EP8 pid=70381)     res = self._callback(*self._args, **self._kwargs)
(Worker_DP1_PP1_TP0_EP8 pid=70381)           ^^^^^^^^^^^^^^^^^^^^^^^^^^^^^^^^^^^^^^^^^^^
(Worker_DP1_PP1_TP0_EP8 pid=70381)   File "/usr/local/Ascend/ascend-toolkit/latest/python/site-packages/tbe/common/repository_manager/route.py", line 63, in wrapper
(Worker_DP1_PP1_TP0_EP8 pid=70381)     return func(cls, *args, **kwargs)
(Worker_DP1_PP1_TP0_EP8 pid=70381)            ^^^^^^^^^^^^^^^^^^^^^^^^^^
(Worker_DP1_PP1_TP0_EP8 pid=70381)   File "/usr/local/Ascend/ascend-toolkit/latest/python/site-packages/tbe/common/repository_manager/route.py", line 217, in finalize
(Worker_DP1_PP1_TP0_EP8 pid=70381)     cls.cann_kb_mgr.finalize()
(Worker_DP1_PP1_TP0_EP8 pid=70381)   File "/usr/local/Ascend/ascend-toolkit/latest/python/site-packages/tbe/common/repository_manager/cann_kb_manager/knowledge_bank_manager.py", line 42, in finalize
(Worker_DP1_PP1_TP1_EP9 pid=70475)   File "/usr/local/python3.11.10/lib/python3.11/multiprocessing/managers.py", line 814, in _callmethod
(Worker_DP1_PP1_TP0_EP8 pid=70381)     self.__static_mgr.close()
(Worker_DP1_PP1_TP1_EP9 pid=70475)     conn = self._tls.connection
(Worker_DP1_PP1_TP1_EP9 pid=70475)            ^^^^^^^^^^^^^^^^^^^^
(Worker_DP1_PP1_TP0_EP8 pid=70381)   File "/usr/local/Ascend/ascend-toolkit/latest/python/site-packages/tbe/common/repository_manager/cann_kb_manager/base_manager.py", line 342, in close
(Worker_DP1_PP1_TP0_EP8 pid=70381)     for name in copy.deepcopy(self.write_kb.keys()):
(Worker_DP1_PP1_TP0_EP8 pid=70381)                               ^^^^^^^^^^^^^^^^^^^^
(Worker_DP1_PP1_TP1_EP9 pid=70475) AttributeError: 'ForkAwareLocal' object has no attribute 'connection'
(Worker_DP1_PP1_TP0_EP8 pid=70381)   File "<string>", line 2, in keys
(Worker_DP1_PP1_TP0_EP8 pid=70381)   File "/usr/local/python3.11.10/lib/python3.11/multiprocessing/managers.py", line 818, in _callmethod
(Worker_DP1_PP1_TP1_EP9 pid=70475) 
(Worker_DP1_PP1_TP0_EP8 pid=70381)     self._connect()
(Worker_DP1_PP1_TP1_EP9 pid=70475) During handling of the above exception, another exception occurred:
(Worker_DP1_PP1_TP0_EP8 pid=70381)   File "/usr/local/python3.11.10/lib/python3.11/multiprocessing/managers.py", line 805, in _connect
(Worker_DP1_PP1_TP1_EP9 pid=70475) 
(Worker_DP1_PP1_TP0_EP8 pid=70381)     conn = self._Client(self._token.address, authkey=self._authkey)
(Worker_DP1_PP1_TP0_EP8 pid=70381)            ^^^^^^^^^^^^^^^^^^^^^^^^^^^^^^^^^^^^^^^^^^^^^^^^^^^^^^^^
(Worker_DP1_PP1_TP1_EP9 pid=70475) Traceback (most recent call last):
(Worker_DP1_PP1_TP0_EP8 pid=70381)   File "/usr/local/python3.11.10/lib/python3.11/multiprocessing/connection.py", line 519, in Client
(Worker_DP1_PP1_TP0_EP8 pid=70381)     c = SocketClient(address)
(Worker_DP1_PP1_TP0_EP8 pid=70381)         ^^^^^^^^^^^^^^^^^^^^^
(Worker_DP1_PP1_TP0_EP8 pid=70381)   File "/usr/local/python3.11.10/lib/python3.11/multiprocessing/connection.py", line 647, in SocketClient
(Worker_DP1_PP1_TP0_EP8 pid=70381)     s.connect(address)
(Worker_DP1_PP1_TP0_EP8 pid=70381) ConnectionRefusedError: [Errno 111] Connection refused
(Worker_DP1_PP1_TP1_EP9 pid=70475)   File "/usr/local/python3.11.10/lib/python3.11/multiprocessing/util.py", line 303, in _run_finalizers
(Worker_DP1_PP1_TP1_EP9 pid=70475)     finalizer()
(Worker_DP1_PP1_TP1_EP9 pid=70475)   File "/usr/local/python3.11.10/lib/python3.11/multiprocessing/util.py", line 227, in __call__
(Worker_DP1_PP1_TP1_EP9 pid=70475)     res = self._callback(*self._args, **self._kwargs)
(Worker_DP1_PP1_TP1_EP9 pid=70475)           ^^^^^^^^^^^^^^^^^^^^^^^^^^^^^^^^^^^^^^^^^^^
(Worker_DP1_PP1_TP1_EP9 pid=70475)   File "/usr/local/Ascend/ascend-toolkit/latest/python/site-packages/tbe/common/repository_manager/route.py", line 63, in wrapper
(Worker_DP1_PP1_TP1_EP9 pid=70475)     return func(cls, *args, **kwargs)
(Worker_DP1_PP1_TP1_EP9 pid=70475)            ^^^^^^^^^^^^^^^^^^^^^^^^^^
(Worker_DP1_PP1_TP1_EP9 pid=70475)   File "/usr/local/Ascend/ascend-toolkit/latest/python/site-packages/tbe/common/repository_manager/route.py", line 217, in finalize
(Worker_DP1_PP1_TP1_EP9 pid=70475)     cls.cann_kb_mgr.finalize()
(Worker_DP1_PP1_TP1_EP9 pid=70475)   File "/usr/local/Ascend/ascend-toolkit/latest/python/site-packages/tbe/common/repository_manager/cann_kb_manager/knowledge_bank_manager.py", line 42, in finalize
(Worker_DP1_PP1_TP1_EP9 pid=70475)     self.__static_mgr.close()
(Worker_DP1_PP1_TP1_EP9 pid=70475)   File "/usr/local/Ascend/ascend-toolkit/latest/python/site-packages/tbe/common/repository_manager/cann_kb_manager/base_manager.py", line 342, in close
(Worker_DP1_PP1_TP1_EP9 pid=70475)     for name in copy.deepcopy(self.write_kb.keys()):
(Worker_DP1_PP1_TP1_EP9 pid=70475)                               ^^^^^^^^^^^^^^^^^^^^
(Worker_DP1_PP1_TP1_EP9 pid=70475)   File "<string>", line 2, in keys
(Worker_DP1_PP1_TP1_EP9 pid=70475)   File "/usr/local/python3.11.10/lib/python3.11/multiprocessing/managers.py", line 818, in _callmethod
(Worker_DP1_PP1_TP1_EP9 pid=70475)     self._connect()
(Worker_DP1_PP1_TP1_EP9 pid=70475)   File "/usr/local/python3.11.10/lib/python3.11/multiprocessing/managers.py", line 805, in _connect
(Worker_DP1_PP1_TP1_EP9 pid=70475)     conn = self._Client(self._token.address, authkey=self._authkey)
(Worker_DP1_PP1_TP1_EP9 pid=70475)            ^^^^^^^^^^^^^^^^^^^^^^^^^^^^^^^^^^^^^^^^^^^^^^^^^^^^^^^^
(Worker_DP1_PP1_TP1_EP9 pid=70475)   File "/usr/local/python3.11.10/lib/python3.11/multiprocessing/connection.py", line 519, in Client
(Worker_DP1_PP1_TP1_EP9 pid=70475)     c = SocketClient(address)
(Worker_DP1_PP1_TP1_EP9 pid=70475)         ^^^^^^^^^^^^^^^^^^^^^
(Worker_DP1_PP1_TP1_EP9 pid=70475)   File "/usr/local/python3.11.10/lib/python3.11/multiprocessing/connection.py", line 647, in SocketClient
(Worker_DP1_PP1_TP1_EP9 pid=70475)     s.connect(address)
(Worker_DP1_PP1_TP1_EP9 pid=70475) ConnectionRefusedError: [Errno 111] Connection refused
(Worker_DP0_PP1_TP3_EP3 pid=70759) Traceback (most recent call last):
(Worker_DP0_PP1_TP3_EP3 pid=70759)   File "/usr/local/python3.11.10/lib/python3.11/multiprocessing/process.py", line 314, in _bootstrap
(Worker_DP0_PP1_TP3_EP3 pid=70759)     self.run()
(Worker_DP0_PP1_TP3_EP3 pid=70759)   File "/usr/local/python3.11.10/lib/python3.11/multiprocessing/process.py", line 108, in run
(Worker_DP0_PP1_TP3_EP3 pid=70759)     self._target(*self._args, **self._kwargs)
(Worker_DP0_PP1_TP3_EP3 pid=70759)   File "/home/w00985415/proj_0825/deps/vllm/vllm/v1/executor/multiproc_executor.py", line 967, in worker_main
(Worker_DP0_PP1_TP3_EP3 pid=70759)     raise e
(Worker_DP0_PP1_TP3_EP3 pid=70759)   File "/home/w00985415/proj_0825/deps/vllm/vllm/v1/executor/multiproc_executor.py", line 935, in worker_main
(Worker_DP0_PP1_TP3_EP3 pid=70759)     worker.worker_busy_loop()
(Worker_DP0_PP1_TP3_EP3 pid=70759)   File "/home/w00985415/proj_0825/deps/vllm/vllm/v1/executor/multiproc_executor.py", line 1033, in worker_busy_loop
(Worker_DP0_PP1_TP3_EP3 pid=70759)     self._execute_worker_rpc(self.rpc_broadcast_mq.dequeue(indefinite=True))
(Worker_DP0_PP1_TP3_EP3 pid=70759)                              ^^^^^^^^^^^^^^^^^^^^^^^^^^^^^^^^^^^^^^^^^^^^^^
(Worker_DP0_PP1_TP3_EP3 pid=70759)   File "/home/w00985415/proj_0825/deps/vllm/vllm/distributed/device_communicators/shm_broadcast.py", line 904, in dequeue
(Worker_DP0_PP1_TP3_EP3 pid=70759)     obj = MessageQueue.recv(self.remote_socket, timeout)
(Worker_DP0_PP1_TP3_EP3 pid=70759)           ^^^^^^^^^^^^^^^^^^^^^^^^^^^^^^^^^^^^^^^^^^^^^^
(Worker_DP0_PP1_TP3_EP3 pid=70759)   File "/home/w00985415/proj_0825/deps/vllm/vllm/distributed/device_communicators/shm_broadcast.py", line 913, in recv
(Worker_DP0_PP1_TP3_EP3 pid=70759)     if not socket.poll(timeout=timeout_ms):
(Worker_DP0_PP1_TP3_EP3 pid=70759)            ^^^^^^^^^^^^^^^^^^^^^^^^^^^^^^^
(Worker_DP0_PP1_TP3_EP3 pid=70759)   File "/usr/local/python3.11.10/lib/python3.11/site-packages/zmq/sugar/socket.py", line 1062, in poll
(Worker_DP0_PP1_TP3_EP3 pid=70759)     evts = dict(p.poll(timeout))
(Worker_DP0_PP1_TP3_EP3 pid=70759)                 ^^^^^^^^^^^^^^^
(Worker_DP0_PP1_TP3_EP3 pid=70759)   File "/usr/local/python3.11.10/lib/python3.11/site-packages/zmq/sugar/poll.py", line 106, in poll
(Worker_DP0_PP1_TP3_EP3 pid=70759)     return zmq_poll(self.sockets, timeout=timeout)
(Worker_DP0_PP1_TP3_EP3 pid=70759)            ^^^^^^^^^^^^^^^^^^^^^^^^^^^^^^^^^^^^^^^
(Worker_DP0_PP1_TP3_EP3 pid=70759)   File "zmq/backend/cython/_zmq.py", line 1680, in zmq.backend.cython._zmq.zmq_poll
(Worker_DP0_PP1_TP3_EP3 pid=70759)   File "zmq/backend/cython/_zmq.py", line 179, in zmq.backend.cython._zmq._check_rc
(Worker_DP0_PP1_TP3_EP3 pid=70759)   File "/home/w00985415/proj_0825/deps/vllm/vllm/v1/executor/multiproc_executor.py", line 869, in signal_handler
(Worker_DP0_PP1_TP3_EP3 pid=70759)     raise SystemExit()
(Worker_DP0_PP1_TP3_EP3 pid=70759) SystemExit
(Worker_DP0_PP1_TP3_EP3 pid=70759) 
(Worker_DP0_PP1_TP3_EP3 pid=70759) During handling of the above exception, another exception occurred:
(Worker_DP0_PP1_TP3_EP3 pid=70759) 
(Worker_DP0_PP1_TP3_EP3 pid=70759) Traceback (most recent call last):
(Worker_DP0_PP1_TP3_EP3 pid=70759)   File "/usr/local/python3.11.10/lib/python3.11/multiprocessing/managers.py", line 814, in _callmethod
(Worker_DP0_PP1_TP3_EP3 pid=70759)     conn = self._tls.connection
(Worker_DP0_PP1_TP3_EP3 pid=70759)            ^^^^^^^^^^^^^^^^^^^^
(Worker_DP0_PP1_TP3_EP3 pid=70759) AttributeError: 'ForkAwareLocal' object has no attribute 'connection'
(Worker_DP0_PP1_TP3_EP3 pid=70759) 
(Worker_DP0_PP1_TP3_EP3 pid=70759) During handling of the above exception, another exception occurred:
(Worker_DP0_PP1_TP3_EP3 pid=70759) 
(Worker_DP0_PP1_TP3_EP3 pid=70759) Traceback (most recent call last):
(Worker_DP0_PP1_TP3_EP3 pid=70759)   File "/usr/local/python3.11.10/lib/python3.11/multiprocessing/util.py", line 303, in _run_finalizers
(Worker_DP0_PP1_TP3_EP3 pid=70759)     finalizer()
(Worker_DP0_PP1_TP3_EP3 pid=70759)   File "/usr/local/python3.11.10/lib/python3.11/multiprocessing/util.py", line 227, in __call__
(Worker_DP0_PP1_TP3_EP3 pid=70759)     res = self._callback(*self._args, **self._kwargs)
(Worker_DP0_PP1_TP3_EP3 pid=70759)           ^^^^^^^^^^^^^^^^^^^^^^^^^^^^^^^^^^^^^^^^^^^
(Worker_DP0_PP1_TP3_EP3 pid=70759)   File "/usr/local/Ascend/ascend-toolkit/latest/python/site-packages/tbe/common/repository_manager/route.py", line 63, in wrapper
(Worker_DP0_PP1_TP3_EP3 pid=70759)     return func(cls, *args, **kwargs)
(Worker_DP0_PP1_TP3_EP3 pid=70759)            ^^^^^^^^^^^^^^^^^^^^^^^^^^
(Worker_DP0_PP1_TP3_EP3 pid=70759)   File "/usr/local/Ascend/ascend-toolkit/latest/python/site-packages/tbe/common/repository_manager/route.py", line 217, in finalize
(Worker_DP0_PP1_TP3_EP3 pid=70759)     cls.cann_kb_mgr.finalize()
(Worker_DP0_PP1_TP3_EP3 pid=70759)   File "/usr/local/Ascend/ascend-toolkit/latest/python/site-packages/tbe/common/repository_manager/cann_kb_manager/knowledge_bank_manager.py", line 42, in finalize
(Worker_DP0_PP1_TP3_EP3 pid=70759)     self.__static_mgr.close()
(Worker_DP0_PP1_TP3_EP3 pid=70759)   File "/usr/local/Ascend/ascend-toolkit/latest/python/site-packages/tbe/common/repository_manager/cann_kb_manager/base_manager.py", line 342, in close
(Worker_DP0_PP1_TP3_EP3 pid=70759)     for name in copy.deepcopy(self.write_kb.keys()):
(Worker_DP0_PP1_TP3_EP3 pid=70759)                               ^^^^^^^^^^^^^^^^^^^^
(Worker_DP0_PP1_TP3_EP3 pid=70759)   File "<string>", line 2, in keys
(Worker_DP0_PP1_TP3_EP3 pid=70759)   File "/usr/local/python3.11.10/lib/python3.11/multiprocessing/managers.py", line 818, in _callmethod
(Worker_DP0_PP1_TP3_EP3 pid=70759)     self._connect()
(Worker_DP0_PP1_TP3_EP3 pid=70759)   File "/usr/local/python3.11.10/lib/python3.11/multiprocessing/managers.py", line 805, in _connect
(Worker_DP0_PP1_TP3_EP3 pid=70759)     conn = self._Client(self._token.address, authkey=self._authkey)
(Worker_DP0_PP1_TP3_EP3 pid=70759)            ^^^^^^^^^^^^^^^^^^^^^^^^^^^^^^^^^^^^^^^^^^^^^^^^^^^^^^^^
(Worker_DP0_PP1_TP3_EP3 pid=70759)   File "/usr/local/python3.11.10/lib/python3.11/multiprocessing/connection.py", line 519, in Client
(Worker_DP0_PP1_TP3_EP3 pid=70759)     c = SocketClient(address)
(Worker_DP0_PP1_TP3_EP3 pid=70759)         ^^^^^^^^^^^^^^^^^^^^^
(Worker_DP0_PP1_TP3_EP3 pid=70759)   File "/usr/local/python3.11.10/lib/python3.11/multiprocessing/connection.py", line 647, in SocketClient
(Worker_DP0_PP1_TP3_EP3 pid=70759)     s.connect(address)
(Worker_DP0_PP1_TP3_EP3 pid=70759) ConnectionRefusedError: [Errno 111] Connection refused
(Worker_DP1_PP1_TP6_EP14 pid=71208) Traceback (most recent call last):
(Worker_DP1_PP1_TP6_EP14 pid=71208)   File "/usr/local/python3.11.10/lib/python3.11/multiprocessing/process.py", line 314, in _bootstrap
(Worker_DP1_PP1_TP6_EP14 pid=71208)     self.run()
(Worker_DP1_PP1_TP6_EP14 pid=71208)   File "/usr/local/python3.11.10/lib/python3.11/multiprocessing/process.py", line 108, in run
(Worker_DP1_PP1_TP6_EP14 pid=71208)     self._target(*self._args, **self._kwargs)
(Worker_DP1_PP1_TP6_EP14 pid=71208)   File "/home/w00985415/proj_0825/deps/vllm/vllm/v1/executor/multiproc_executor.py", line 967, in worker_main
(Worker_DP1_PP1_TP6_EP14 pid=71208)     raise e
(Worker_DP1_PP1_TP6_EP14 pid=71208)   File "/home/w00985415/proj_0825/deps/vllm/vllm/v1/executor/multiproc_executor.py", line 935, in worker_main
(Worker_DP1_PP1_TP6_EP14 pid=71208)     worker.worker_busy_loop()
(Worker_DP1_PP1_TP6_EP14 pid=71208)   File "/home/w00985415/proj_0825/deps/vllm/vllm/v1/executor/multiproc_executor.py", line 1033, in worker_busy_loop
(Worker_DP1_PP1_TP6_EP14 pid=71208)     self._execute_worker_rpc(self.rpc_broadcast_mq.dequeue(indefinite=True))
(Worker_DP1_PP1_TP6_EP14 pid=71208)                              ^^^^^^^^^^^^^^^^^^^^^^^^^^^^^^^^^^^^^^^^^^^^^^
(Worker_DP1_PP1_TP6_EP14 pid=71208)   File "/home/w00985415/proj_0825/deps/vllm/vllm/distributed/device_communicators/shm_broadcast.py", line 904, in dequeue
(Worker_DP1_PP1_TP6_EP14 pid=71208)     obj = MessageQueue.recv(self.remote_socket, timeout)
(Worker_DP1_PP1_TP6_EP14 pid=71208)           ^^^^^^^^^^^^^^^^^^^^^^^^^^^^^^^^^^^^^^^^^^^^^^
(Worker_DP1_PP1_TP6_EP14 pid=71208)   File "/home/w00985415/proj_0825/deps/vllm/vllm/distributed/device_communicators/shm_broadcast.py", line 913, in recv
(Worker_DP1_PP1_TP6_EP14 pid=71208)     if not socket.poll(timeout=timeout_ms):
(Worker_DP1_PP1_TP6_EP14 pid=71208)            ^^^^^^^^^^^^^^^^^^^^^^^^^^^^^^^
(Worker_DP1_PP1_TP6_EP14 pid=71208)   File "/usr/local/python3.11.10/lib/python3.11/site-packages/zmq/sugar/socket.py", line 1062, in poll
(Worker_DP1_PP1_TP6_EP14 pid=71208)     evts = dict(p.poll(timeout))
(Worker_DP1_PP1_TP6_EP14 pid=71208)                 ^^^^^^^^^^^^^^^
(Worker_DP1_PP1_TP6_EP14 pid=71208)   File "/usr/local/python3.11.10/lib/python3.11/site-packages/zmq/sugar/poll.py", line 106, in poll
(Worker_DP1_PP1_TP6_EP14 pid=71208)     return zmq_poll(self.sockets, timeout=timeout)
(Worker_DP1_PP1_TP6_EP14 pid=71208)            ^^^^^^^^^^^^^^^^^^^^^^^^^^^^^^^^^^^^^^^
(Worker_DP1_PP1_TP6_EP14 pid=71208)   File "zmq/backend/cython/_zmq.py", line 1680, in zmq.backend.cython._zmq.zmq_poll
(Worker_DP1_PP1_TP6_EP14 pid=71208)   File "zmq/backend/cython/_zmq.py", line 179, in zmq.backend.cython._zmq._check_rc
(Worker_DP1_PP1_TP6_EP14 pid=71208)   File "/home/w00985415/proj_0825/deps/vllm/vllm/v1/executor/multiproc_executor.py", line 869, in signal_handler
(Worker_DP1_PP1_TP6_EP14 pid=71208)     raise SystemExit()
(Worker_DP1_PP1_TP6_EP14 pid=71208) SystemExit
(Worker_DP1_PP1_TP6_EP14 pid=71208) 
(Worker_DP1_PP1_TP6_EP14 pid=71208) During handling of the above exception, another exception occurred:
(Worker_DP1_PP1_TP6_EP14 pid=71208) 
(Worker_DP1_PP1_TP6_EP14 pid=71208) Traceback (most recent call last):
(Worker_DP1_PP1_TP6_EP14 pid=71208)   File "/usr/local/python3.11.10/lib/python3.11/multiprocessing/managers.py", line 814, in _callmethod
(Worker_DP1_PP1_TP6_EP14 pid=71208)     conn = self._tls.connection
(Worker_DP1_PP1_TP6_EP14 pid=71208)            ^^^^^^^^^^^^^^^^^^^^
(Worker_DP1_PP1_TP6_EP14 pid=71208) AttributeError: 'ForkAwareLocal' object has no attribute 'connection'
(Worker_DP1_PP1_TP6_EP14 pid=71208) 
(Worker_DP1_PP1_TP6_EP14 pid=71208) During handling of the above exception, another exception occurred:
(Worker_DP1_PP1_TP6_EP14 pid=71208) 
(Worker_DP1_PP1_TP6_EP14 pid=71208) Traceback (most recent call last):
(Worker_DP1_PP1_TP6_EP14 pid=71208)   File "/usr/local/python3.11.10/lib/python3.11/multiprocessing/util.py", line 303, in _run_finalizers
(Worker_DP1_PP1_TP6_EP14 pid=71208)     finalizer()
(Worker_DP1_PP1_TP6_EP14 pid=71208)   File "/usr/local/python3.11.10/lib/python3.11/multiprocessing/util.py", line 227, in __call__
(Worker_DP1_PP1_TP6_EP14 pid=71208)     res = self._callback(*self._args, **self._kwargs)
(Worker_DP1_PP1_TP6_EP14 pid=71208)           ^^^^^^^^^^^^^^^^^^^^^^^^^^^^^^^^^^^^^^^^^^^
(Worker_DP1_PP1_TP6_EP14 pid=71208)   File "/usr/local/Ascend/ascend-toolkit/latest/python/site-packages/tbe/common/repository_manager/route.py", line 63, in wrapper
(Worker_DP1_PP1_TP6_EP14 pid=71208)     return func(cls, *args, **kwargs)
(Worker_DP1_PP1_TP6_EP14 pid=71208)            ^^^^^^^^^^^^^^^^^^^^^^^^^^
(Worker_DP1_PP1_TP6_EP14 pid=71208)   File "/usr/local/Ascend/ascend-toolkit/latest/python/site-packages/tbe/common/repository_manager/route.py", line 217, in finalize
(Worker_DP1_PP1_TP6_EP14 pid=71208)     cls.cann_kb_mgr.finalize()
(Worker_DP1_PP1_TP6_EP14 pid=71208)   File "/usr/local/Ascend/ascend-toolkit/latest/python/site-packages/tbe/common/repository_manager/cann_kb_manager/knowledge_bank_manager.py", line 42, in finalize
(Worker_DP1_PP1_TP6_EP14 pid=71208)     self.__static_mgr.close()
(Worker_DP1_PP1_TP6_EP14 pid=71208)   File "/usr/local/Ascend/ascend-toolkit/latest/python/site-packages/tbe/common/repository_manager/cann_kb_manager/base_manager.py", line 342, in close
(Worker_DP1_PP1_TP6_EP14 pid=71208)     for name in copy.deepcopy(self.write_kb.keys()):
(Worker_DP1_PP1_TP6_EP14 pid=71208)                               ^^^^^^^^^^^^^^^^^^^^
(Worker_DP1_PP1_TP6_EP14 pid=71208)   File "<string>", line 2, in keys
(Worker_DP1_PP1_TP6_EP14 pid=71208)   File "/usr/local/python3.11.10/lib/python3.11/multiprocessing/managers.py", line 818, in _callmethod
(Worker_DP1_PP1_TP6_EP14 pid=71208)     self._connect()
(Worker_DP1_PP1_TP6_EP14 pid=71208)   File "/usr/local/python3.11.10/lib/python3.11/multiprocessing/managers.py", line 805, in _connect
(Worker_DP1_PP1_TP6_EP14 pid=71208)     conn = self._Client(self._token.address, authkey=self._authkey)
(Worker_DP1_PP1_TP6_EP14 pid=71208)            ^^^^^^^^^^^^^^^^^^^^^^^^^^^^^^^^^^^^^^^^^^^^^^^^^^^^^^^^
(Worker_DP1_PP1_TP6_EP14 pid=71208)   File "/usr/local/python3.11.10/lib/python3.11/multiprocessing/connection.py", line 519, in Client
(Worker_DP1_PP1_TP6_EP14 pid=71208)     c = SocketClient(address)
(Worker_DP1_PP1_TP6_EP14 pid=71208)         ^^^^^^^^^^^^^^^^^^^^^
(Worker_DP1_PP1_TP6_EP14 pid=71208)   File "/usr/local/python3.11.10/lib/python3.11/multiprocessing/connection.py", line 647, in SocketClient
(Worker_DP1_PP1_TP6_EP14 pid=71208)     s.connect(address)
(Worker_DP1_PP1_TP6_EP14 pid=71208) ConnectionRefusedError: [Errno 111] Connection refused
WARNING 09-15 00:47:41 [multiproc_executor.py:484] [shutdown] Executor: workers still running after grace period; sending SIGTERM count=8
WARNING 09-15 00:47:41 [multiproc_executor.py:484] [shutdown] Executor: workers still running after grace period; sending SIGTERM count=8
